content_id,title,url,post_type,status,word_count,products_count,open_findings,critical_findings
1,"How to Overseed Pasture Seed for a Healthier, More Productive Field",https://naturesseed.com/?p=444495,post,draft,1490,4,26,20
2,Soil Preparation for Pasture Seeding: Set the Stage for Healthy Growth,https://naturesseed.com/?p=444490,post,draft,1100,0,4,2
3,Pasture Maintenance Tips: How to Keep Your Forage Healthy Year-Round,https://naturesseed.com/?p=444487,post,draft,841,0,4,2
4,Common Pasture Weeds: Identification and Control Strategies,https://naturesseed.com/?p=444484,post,draft,1079,0,4,2
5,How to Water Grass Seed the Right Way: Techniques for Stronger Growth,https://naturesseed.com/?p=444481,post,draft,1068,2,6,2
6,Best Grass Seed for Your Climate,https://naturesseed.com/?p=441660,post,draft,935,7,30,22
7,Choosing the Right Pasture Seed Mix for Your Livestock,https://naturesseed.com/?p=441653,post,draft,975,5,27,21
8,Pasture Grasses for High Traffic Areas,https://naturesseed.com/?p=441007,post,draft,895,5,22,16
9,What to Avoid When Buying Grass Seed,https://naturesseed.com/?p=441008,post,draft,980,10,15,8
10,The Importance of High Quality Grass Seed,https://naturesseed.com/?p=441005,post,draft,989,2,10,7
11,Nature’s Seed is Bringing You More Video Content!,https://naturesseed.com/?p=427998,post,draft,401,2,4,1
12,Are Lawns Bad for the Environment?,https://naturesseed.com/?p=428001,post,draft,1579,1,12,9
13,Jimmy Lewis Mows & Nature’s Seed: The Story Behind Jimmy’s Blue Ribbon Premium Grass Seed Mix,https://naturesseed.com/?p=428015,post,draft,580,7,12,4
14,How to Store Grass Seed: Tips to Keep Your Seeds Viable for Years,https://naturesseed.com/?p=417371,post,draft,368,0,2,0
15,How to Take Care of Bermuda Grass,https://naturesseed.com/?p=416192,post,draft,1054,3,11,7
16,Cool Season Grass Overseeding: A Complete Guide for a Healthy Lawn,https://naturesseed.com/?p=414897,post,draft,1033,6,18,11
17,Best Grass Seed to Buy,https://naturesseed.com/?p=408323,post,draft,1779,6,20,13
18,Best Native Plants for the Midwest,https://naturesseed.com/?p=407079,post,draft,895,0,13,11
19,Best Cover Crops for the Midwest,https://naturesseed.com/?p=407072,post,draft,815,0,12,11
20,Best Pasture Seed for the Midwest,https://naturesseed.com/?p=407067,post,draft,877,1,8,6
21,Best Time to Plant Grass Seed: Based On Type & Region,https://naturesseed.com/?p=401597,post,draft,822,3,23,19
22,How to Plant and Grow St. Augustine Grass Seed,https://naturesseed.com/?p=401591,post,draft,1016,5,17,11
23,How Often Should You Water New Grass Seed,https://naturesseed.com/?p=401584,post,draft,2016,3,13,9
24,Conservation Seed Planting Instructions,https://naturesseed.com/?p=355571,post,draft,297,0,3,0
25,Wildflower Seed Planting Instructions,https://naturesseed.com/?p=355569,post,draft,205,0,4,1
26,Clover Seed Planting Instructions,https://naturesseed.com/?p=355567,post,draft,277,5,9,2
27,Lawn Seed Planting Instructions,https://naturesseed.com/?p=355568,post,draft,207,2,8,3
28,Pasture Seed Planting Instructions,https://naturesseed.com/?p=355570,post,draft,371,0,2,0
29,Spring Lawn Prep and Maintenance,https://naturesseed.com/?p=191713,post,draft,955,0,2,0
30,Switchgrass (Panicum Virgatum): A Native Grass with Many Uses,https://naturesseed.com/?p=191710,post,draft,1311,3,18,6
31,What is NPK in Fertilizer?,https://naturesseed.com/?p=191706,post,draft,367,0,2,0
32,Lawn Care Basics for New and Experienced Home Owners,https://naturesseed.com/?p=191703,post,draft,3068,8,37,25
33,California Wildflower & Grass Seeding Guide,https://naturesseed.com/?p=191699,post,draft,25,0,3,0
34,How To Prepare Your Property To Cope With Natural Disaster,https://naturesseed.com/?p=191696,post,draft,2284,1,28,12
35,How to Plant Wildflower Seeds: Our Ultimate Guide,https://naturesseed.com/?p=191693,post,draft,2881,6,38,30
36,Guide to a Perfect Putting Green in Your Yard,https://naturesseed.com/?p=191690,post,draft,2434,0,13,11
37,Native Wildflower Series: New York State,https://naturesseed.com/?p=191687,post,draft,1050,2,11,7
38,The Micro Clover Lawn Trend: How Great is Microclover?,https://naturesseed.com/?p=191684,post,draft,2371,5,21,13
39,Introducing the California Collection,https://naturesseed.com/?p=191681,post,draft,714,3,12,4
40,Where Do Floods Occur Most Often in the United States? 4 States with the Most Flooding,https://naturesseed.com/?p=191677,post,draft,1096,0,15,10
41,Smart Irrigation Month,https://naturesseed.com/?p=191672,post,draft,1084,3,16,11
42,Pasture Pig Forage Mixes,https://naturesseed.com/?p=191669,post,draft,1690,7,55,46
43,Summer Lawn Care & Maintenance,https://naturesseed.com/?p=191662,post,draft,1399,5,24,18
44,What Should I Plant to Attract Pollinators?,https://naturesseed.com/?p=191659,post,draft,1142,5,25,19
45,Native Grass Series: California State,https://naturesseed.com/?p=191655,post,draft,1278,3,30,25
46,Native Grass Series: Washington State,https://naturesseed.com/?p=191649,post,draft,1045,0,17,15
47,Introducing Our New Seed Specialist: Marinna,https://naturesseed.com/?p=191646,post,draft,529,0,12,9
48,The Localscapes Way: Rethinking the Role of Lawn,https://naturesseed.com/?p=191640,post,draft,1196,2,12,8
49,Nature’s Seed Customer Highlight: Jimmy Lewis,https://naturesseed.com/?p=191631,post,draft,1423,0,5,2
50,The Ultimate Guide for Improving Clay Soil for Thriving Plant Growth,https://naturesseed.com/?p=191628,post,draft,2399,0,8,5
51,Nature’s Seed Turns 10 Years Old!,https://naturesseed.com/?p=191625,post,draft,434,0,4,0
52,6 Ways to Recycle Your Halloween Pumpkins:,https://naturesseed.com/?p=191622,post,draft,432,0,3,1
53,How to make a Fairy Garden,https://naturesseed.com/?p=191619,post,draft,595,0,3,0
54,What is Your Horse Trying to Tell You?,https://naturesseed.com/?p=191616,post,draft,642,3,17,11
55,Popular Bermuda Grass Varieties,https://naturesseed.com/?p=191613,post,draft,349,2,9,6
56,The Ultimate Pollinator Seed Guide,https://naturesseed.com/?p=191610,post,draft,1142,0,11,8
57,What’s the Perfect Time to Plant Lawn Seed?,https://naturesseed.com/?p=190074,post,draft,215,4,11,4
58,Best Grass Seed for Shade and Poor Soil,https://naturesseed.com/?p=234,post,draft,566,3,16,12
59,Penstemons: Summer’s Favorite Flowers,https://naturesseed.com/?p=191605,post,draft,534,0,16,14
60,Not Your Mother’s Earth Day Plans,https://naturesseed.com/?p=191602,post,draft,572,0,13,10
61,A Guide to Grass Seed Germination,https://naturesseed.com/?p=190077,post,draft,1810,7,11,6
62,Keeping it Local with Basil & Rose,https://naturesseed.com/?p=191598,post,draft,355,0,2,0
63,How to Kill Weeds and Dandelions in Your Lawn,https://naturesseed.com/?p=190282,post,draft,1785,3,12,7
64,Meet the Newest Nature’s Seed Team Member,https://naturesseed.com/?p=191592,post,draft,210,0,4,1
65,How to Plant Grass Seed in Spring,https://naturesseed.com/?p=191589,post,draft,1164,6,16,7
66,How Long Does it Take Grass Seed to Grow?,https://naturesseed.com/?p=191586,post,draft,1759,6,21,13
67,Top Tips for Planting Pasture Seed in the Fall,https://naturesseed.com/?p=191582,post,draft,1360,12,36,20
68,How to Get Rid of Crabgrass,https://naturesseed.com/?p=191579,post,draft,1360,4,15,9
69,The Best Time to Water Your Grass,https://naturesseed.com/?p=191576,post,draft,1335,0,6,2
70,The Ultimate 10 Step Guide to Overseeding Lawns,https://naturesseed.com/?p=191573,post,draft,1433,5,9,3
71,What’s In the Bag? Here’s The Truth Most Seed Companies Don’t Want You to Know,https://naturesseed.com/?p=191570,post,draft,1078,2,6,1
72,"Killer of The ‘Ōhi‘a Tree, Scientists Say is Fungal",https://naturesseed.com/?p=191567,post,draft,463,0,3,0
73,Best Grass Seed Choices for Athletic Fields,https://naturesseed.com/?p=191564,post,draft,696,6,27,19
74,Identifying 5 Common Lawn Grass Species,https://naturesseed.com/?p=191561,post,draft,695,7,21,12
75,Should You Ever Let Your Lawn Go to Seed?,https://naturesseed.com/?p=191558,post,draft,831,4,15,10
76,Grass-Cast: New Experimental Grassland Productivity Forecast,https://naturesseed.com/?p=191554,post,draft,293,0,4,0
77,A List of Plants That Will Grow Best in the Summer,https://naturesseed.com/?p=191551,post,draft,449,0,1,0
78,Rainscaping: The New Landscaping Trend,https://naturesseed.com/?p=191548,post,draft,254,0,3,0
79,Impacts of the Dust Bowl,https://naturesseed.com/?p=191545,post,draft,352,0,3,0
80,Dust Bowl Series: The Crested Wheatgrass Solution,https://naturesseed.com/?p=191542,post,draft,235,0,5,2
81,Dust Bowl Series: The Importance of Soil Health,https://naturesseed.com/?p=191539,post,draft,639,0,6,3
82,How Wheat Survives the Winter,https://naturesseed.com/?p=191536,post,draft,563,0,5,2
83,Life Under the Snow: How do your plants survive the winter?,https://naturesseed.com/?p=191533,post,draft,541,0,3,0
84,Plant a Saint Patrick’s Day Garden,https://naturesseed.com/?p=191530,post,draft,313,0,2,0
85,Tips for Keeping a Healthy Pasture,https://naturesseed.com/?p=191527,post,draft,502,1,5,2
86,Parents: The Wildflower DIY Kids Love,https://naturesseed.com/?p=191524,post,draft,362,0,1,0
87,Revegetating Scorched Land,https://naturesseed.com/?p=191521,post,draft,455,4,17,12
88,How Does Land Recover After a Wildfire?,https://naturesseed.com/?p=191518,post,draft,542,1,6,2
89,Wildfires: Are They Good or Bad?,https://naturesseed.com/?p=191515,post,draft,776,0,4,0
90,Valentine’s Day Ideas,https://naturesseed.com/?p=191512,post,draft,392,1,8,5
91,Design Your Own Pinterest-Perfect Wildflower Escape,https://naturesseed.com/?p=191509,post,draft,617,0,4,2
92,Wildlife and Your Garden,https://naturesseed.com/?p=191502,post,draft,620,0,3,1
93,How to Deal with Overgrown Roses,https://naturesseed.com/?p=191499,post,draft,782,0,4,2
94,How to Use Landscape Fabric,https://naturesseed.com/?p=191496,post,draft,565,0,3,1
95,Take a Break!,https://naturesseed.com/?p=191492,post,draft,568,0,3,1
96,"Seeds, the Poor Man’s Garden Delight",https://naturesseed.com/?p=191489,post,draft,510,0,3,1
97,Late Season Weed Control,https://naturesseed.com/?p=191486,post,draft,537,0,2,0
98,The Future of Beekeeping,https://naturesseed.com/?p=191483,post,draft,523,0,3,1
99,"Sand, Silt, or Clay: What Have You Got in Your Soil?",https://naturesseed.com/?p=191480,post,draft,518,0,3,1
100,Is Your Landscape Sustainable?,https://naturesseed.com/?p=191477,post,draft,582,0,2,0
101,Drip Irrigation Basics,https://naturesseed.com/?p=191474,post,draft,813,0,2,0
102,Should I Replant a Fruit Tree in the Spot Where the Previous One Died?,https://naturesseed.com/?p=191471,post,draft,528,2,6,2
103,Irrigation for Pest Control,https://naturesseed.com/?p=191468,post,draft,528,0,2,0
104,Topsoil Problems,https://naturesseed.com/?p=191465,post,draft,563,0,3,1
105,Do Your Part to Prevent Wildfires this Summer,https://naturesseed.com/?p=191462,post,draft,539,0,3,1
106,Design Terror!,https://naturesseed.com/?p=191459,post,draft,507,0,5,3
107,The Most Likely Reason Your Plants are Dying,https://naturesseed.com/?p=191456,post,draft,542,0,2,0
108,"So, What Did You Call That Plant Again?",https://naturesseed.com/?p=191453,post,draft,549,2,5,1
109,More Tidbits about the Tree Buying Business,https://naturesseed.com/?p=191450,post,draft,490,0,2,0
110,How to Pick a Quality Tree at the Nursery,https://naturesseed.com/?p=191447,post,draft,630,0,2,0
111,The Real Scoop on Dandelions and Honeybees,https://naturesseed.com/?p=191444,post,draft,575,0,5,3
112,Time to Visit the Perennials,https://naturesseed.com/?p=191441,post,draft,521,1,3,0
113,Permaculture Worth Looking Into,https://naturesseed.com/?p=191438,post,draft,734,0,2,0
114,Do You Need a Garden Box?,https://naturesseed.com/?p=191435,post,draft,558,0,3,1
115,The Broken Knife: A Gardening Parable,https://naturesseed.com/?p=191432,post,draft,539,1,4,1
116,Afraid to Compost?,https://naturesseed.com/?p=191429,post,draft,813,0,2,0
117,Designing Nitrogen into Your Garden,https://naturesseed.com/?p=191426,post,draft,538,1,4,1
118,Have You Got Your Fix Yet?,https://naturesseed.com/?p=191423,post,draft,526,2,26,22
119,What Gardening System Should You Follow?,https://naturesseed.com/?p=191420,post,draft,598,0,2,0
120,Why Every Homeowner Should Be Growing Ornamental Grass,https://naturesseed.com/?p=191417,post,draft,575,2,7,3
121,Firecracker Penstemon: A Striking Addition to Any Western Landscape,https://naturesseed.com/?p=191414,post,draft,555,1,6,3
122,Are You Ready for Planting?,https://naturesseed.com/?p=191411,post,draft,580,0,3,1
123,Talkin’ Fruit Trees: Is Planting a Sucker a Good Idea?,https://naturesseed.com/?p=191408,post,draft,538,0,2,0
124,"To Resume or Not to Resume, That is the Question",https://naturesseed.com/?p=191405,post,draft,638,0,2,0
125,"Tradition, Gifts, and Sustainability",https://naturesseed.com/?p=191402,post,draft,585,0,3,1
126,A Holiday Season Debate: Pumpkin Pie or Squash Pie?,https://naturesseed.com/?p=191399,post,draft,546,0,2,0
127,Product Review: HedgeScapes Artificial Topiary,https://naturesseed.com/?p=191396,post,draft,648,0,3,0
128,Beautification vs. Problem Solving as an Approach to Landscape Design,https://naturesseed.com/?p=191393,post,draft,623,0,2,0
129,The Design Power of Pattern Languages,https://naturesseed.com/?p=191390,post,draft,552,0,3,1
130,The Landscape Design Process: What Did You Really Mean?,https://naturesseed.com/?p=191387,post,draft,607,0,4,2
131,The Landscape Design Process: Observation Key to Understanding the Big Picture,https://naturesseed.com/?p=191384,post,draft,566,0,4,2
132,The First Step in the Landscape Design Process: The Big Picture,https://naturesseed.com/?p=191381,post,draft,530,0,3,1
133,Prepare For the Future with a Plan for the Now,https://naturesseed.com/?p=191378,post,draft,642,0,2,0
134,Does a Lot of Fertilizer Make for Better Plants?,https://naturesseed.com/?p=191375,post,draft,615,0,3,1
135,My Experience Using Sheep Fescue as an Alternative Lawn Grass,https://naturesseed.com/?p=191372,post,draft,1611,2,14,6
136,Pollinator Forage Focus: Making Honey Bee Feeding Plans,https://naturesseed.com/?p=191369,post,draft,668,0,2,0
137,Winter Gardening 101: Making and Using Cold Frames,https://naturesseed.com/?p=191365,post,draft,607,0,3,1
138,All Those Leaves…,https://naturesseed.com/?p=191362,post,draft,548,0,2,0
139,Is Homesteading Right For You? 5 Steps to Take Before Going All-In,https://naturesseed.com/?p=191359,post,draft,586,0,4,2
140,Quick & Dirty Study Guide for Seed Saving,https://naturesseed.com/?p=191356,post,draft,529,0,4,2
141,A Planter’s Responsibility,https://naturesseed.com/?p=191353,post,draft,647,0,3,1
142,All About Sheet Mulching,https://naturesseed.com/?p=191350,post,draft,695,0,3,1
143,Kentucky Bluegrass Lawn Recovery,https://naturesseed.com/?p=191347,post,draft,537,1,5,2
144,Experiment Time: Cover Cropping an Existing Lawn,https://naturesseed.com/?p=191341,post,draft,534,0,3,1
145,Trees vs. Turf: The Eternal Battle!,https://naturesseed.com/?p=191344,post,draft,528,0,3,1
146,Globemallow Wildflowers: Tough as Nails & Pretty Too,https://naturesseed.com/?p=191338,post,draft,593,0,11,9
147,The Many Faces of Small (Salad) Burnet,https://naturesseed.com/?p=191335,post,draft,617,0,4,2
148,What’s Up With Hybrids?,https://naturesseed.com/?p=191332,post,draft,690,0,10,8
149,Babying Your Bluegrass,https://naturesseed.com/?p=191329,post,draft,670,0,4,2
150,Classy Clover: The Best Addition to Your Lawn,https://naturesseed.com/?p=191326,post,draft,598,1,9,6
151,"Not Too Little, Not Too Much: Bluegrass Watering Basics",https://naturesseed.com/?p=191323,post,draft,690,1,4,1
152,Ch-Ch-Ch-Ch-Changes!,https://naturesseed.com/?p=191320,post,draft,583,0,6,2
153,Zoysia Guides,https://naturesseed.com/?p=207,post,draft,144,0,4,1
154,How Does Dog Waste Affect A Buffalo Grass Seed Lawn,https://naturesseed.com/?p=202,post,draft,487,1,6,3
155,How to Fertilize Your New Buffalo Grass Seed Lawn,https://naturesseed.com/?p=199,post,draft,611,3,10,5
156,How Does Dog Waste Affect A Bermuda Grass Seed Lawn,https://naturesseed.com/?p=178,post,draft,489,0,6,4
157,How Does Dog Waste Affect A Perennial Ryegrass Lawn,https://naturesseed.com/?p=162,post,draft,500,2,7,3
158,How to Prepare your Soil for a Perennial Ryegrass Seed Lawn,https://naturesseed.com/?p=154,post,draft,874,2,7,3
159,How to Fertilize Your New Buffalo Grass Seed Lawn,https://naturesseed.com/?p=138,post,draft,611,3,9,5
160,How to Prepare your Soil for a Buffalo Grass Seed Lawn,https://naturesseed.com/?p=135,post,draft,872,4,8,4
161,How Does Dog Waste Affect A Fescue Grass Seed Lawn,https://naturesseed.com/?p=126,post,draft,486,3,11,6
162,Tips for Fertilizing your Existing Bluegrass Lawn,https://naturesseed.com/?p=111,post,draft,666,4,10,5
163,How Does Dog Waste Affect A Bluegrass Seed Lawn,https://naturesseed.com/?p=105,post,draft,485,2,6,2
164,FAQ about Excess Soil Salinity,https://naturesseed.com/?p=92,post,draft,513,2,5,2
165,11 Tips for Spring Grass Reseeding,https://naturesseed.com/?p=89,post,draft,541,4,8,3
166,Planting Grass Seed Guide,https://naturesseed.com/?p=84,post,draft,407,2,7,4
167,How Does Dog Waste Affect A Grass Seed Lawn,https://naturesseed.com/?p=80,post,draft,456,0,4,2
168,"Fescue Grass Seed Guide – How to Plant, Grow, and Maintain",https://naturesseed.com/?p=240,post,draft,629,4,12,7
169,Should I Cut Back My Perennials Or Leave Them Uncut for the Winter?,https://naturesseed.com/?p=191316,post,draft,587,1,15,12
170,Frequently Asked Questions About GMOs and Our Seed,https://naturesseed.com/?p=191313,post,draft,509,0,6,2
171,Colorado Columbine: Our Most Popular Wildflower of 2015,https://naturesseed.com/?p=191310,post,draft,619,1,8,5
172,Pastured Poultry: What Kind of Forages Should Your Chickens Be Grazing On?,https://naturesseed.com/?p=191307,post,draft,524,0,4,2
173,Landscaping Challenges: What to Do About Your Park Strip,https://naturesseed.com/?p=191304,post,draft,699,0,3,1
174,5 Lawn Alternatives for Dealing with the California Drought,https://naturesseed.com/?p=191301,post,draft,634,9,22,12
175,Converting Your Old Alfalfa Field into a Productive Pasture,https://naturesseed.com/?p=191298,post,draft,534,4,21,15
176,"Vile Vine: Field Bindweed Can Be Devastating to Your Lawn, Garden & Pasture",https://naturesseed.com/?p=191295,post,draft,608,1,4,1
177,"A Look at 2015 Lawn, Garden, and Small Farm Trends",https://naturesseed.com/?p=191292,post,draft,515,1,11,7
178,December Lawn and Garden Checklist,https://naturesseed.com/?p=191289,post,draft,573,0,3,1
179,Nature’s Seed Introduces New Planting Aid Products,https://naturesseed.com/?p=191286,post,draft,659,2,8,4
180,The Amazing Benefits of Forage Radish,https://naturesseed.com/?p=191283,post,draft,509,0,5,3
181,All About Cover Crops & Green Manure,https://naturesseed.com/?p=191280,post,draft,634,1,11,8
182,Turf Wars: More Ugly Truth Coming Out About Artificial Turf,https://naturesseed.com/?p=191277,post,draft,508,0,5,1
183,The Bee’s Knees: Forage Influence on Honey Flavor and Color,https://naturesseed.com/?p=191274,post,draft,646,4,22,15
184,Black Gold: What to Look for When Purchasing Topsoil,https://naturesseed.com/?p=191271,post,draft,652,0,3,1
185,Bison Gaining Popularity in the Pasture & on the Plate,https://naturesseed.com/?p=191268,post,draft,479,1,9,5
186,"Riparian Rescue: Wetland Restoration, Creation and Enhancement",https://naturesseed.com/?p=191265,post,draft,501,0,3,1
187,What You Need to Know About Endophyte Toxicity in Tall Fescue Pastures,https://naturesseed.com/?p=191262,post,draft,560,0,10,7
188,7 Common Lawn Myths and Misconceptions Exposed,https://naturesseed.com/?p=191259,post,draft,1185,3,17,12
189,Dealing With Dead and Bare Spots in Your Lawn,https://naturesseed.com/?p=190928,post,draft,908,2,17,13
190,What’s Really in the Bag? Percent by Coverage vs. Percent by Weight,https://naturesseed.com/?p=191256,post,draft,472,4,16,10
191,What Exactly is a “Low-Maintenance” Lawn?,https://naturesseed.com/?p=191253,post,draft,656,5,22,15
192,Pasture Establishment: Which Seeding Method Should You Use?,https://naturesseed.com/?p=191250,post,draft,692,0,3,1
193,Is a Green Roof Right for You?,https://naturesseed.com/?p=191236,post,draft,576,1,10,7
194,Early Spring Lawn Care Tips,https://naturesseed.com/?p=191247,post,draft,683,1,5,2
195,Their Future is Our Future: The Vital Role of Pollinators,https://naturesseed.com/?p=191244,post,draft,535,0,6,4
196,What to do About Dandelions in Your Lawn Grass,https://naturesseed.com/?p=191241,post,draft,623,0,4,2
197,More than Luck: Why You Should Add Clover to Your Lawn Grass,https://naturesseed.com/?p=191233,post,draft,577,3,10,5
198,The Future of Agriculture: Issues & Trends at the 2014 Ag Outlook Forum,https://naturesseed.com/?p=191230,post,draft,667,2,10,6
199,Communication Breakdown: There’s No Need to be Afraid of Scientific Names,https://naturesseed.com/?p=191227,post,draft,560,1,11,8
200,Dealing With Winter Annual Weeds in your Lawn and Garden,https://naturesseed.com/?p=191224,post,draft,686,1,7,4
201,Tips for Establishing a Dryland Pasture,https://naturesseed.com/?p=191221,post,draft,695,3,18,13
202,Which Pasture Plants Make the Best Hay?,https://naturesseed.com/?p=191218,post,draft,609,9,18,13
203,Poppy Pride: Powerful Symbols and Garden Favorites,https://naturesseed.com/?p=191215,post,draft,662,1,13,10
204,Unexpected Grazers: 5 Animals You Didn’t Know Were Grass Eaters,https://naturesseed.com/?p=191212,post,draft,588,0,4,2
205,New Year’s Resolutions for Your Lawn and Garden,https://naturesseed.com/?p=191209,post,draft,731,1,9,5
206,5 Ways to Reuse Your Old Christmas Tree,https://naturesseed.com/?p=191206,post,draft,589,0,3,1
207,To Till or Not to Till When Establishing a Pasture,https://naturesseed.com/?p=191203,post,draft,520,0,3,1
208,Gift Ideas for Gardeners,https://naturesseed.com/?p=191199,post,draft,465,0,6,4
209,The Gift That Keeps on Giving: How to Plant Seed Paper Holiday Cards,https://naturesseed.com/?p=191196,post,draft,481,0,5,3
210,Attract Those Gobblers With Turkey Food Plots,https://naturesseed.com/?p=191193,post,draft,695,1,11,8
211,Sheep Fescue: The Swiss Army Knife of Grasses,https://naturesseed.com/?p=191187,post,draft,568,1,7,4
212,Super Legumes: The Benefits of Condensed Tannins in Pasture Forage,https://naturesseed.com/?p=191190,post,draft,530,0,11,9
213,Common Mistakes Made When Establishing a Lawn From Seed,https://naturesseed.com/?p=191184,post,draft,714,3,8,4
214,How to Increase Pheasant Populations on Your Land,https://naturesseed.com/?p=191181,post,draft,562,0,14,12
215,"Biodiversity: The Key to Healthy, Successful Landscapes",https://naturesseed.com/?p=191178,post,draft,594,1,7,4
216,How to Store Leftover Grass Seed,https://naturesseed.com/?p=191175,post,draft,506,2,6,3
217,Firewheel: A Native Wildflower Favorite Rich in Legend & Lore,https://naturesseed.com/?p=191172,post,draft,630,0,6,4
218,Why Fall is the Best Time for Planting Wildflower Seeds,https://naturesseed.com/?p=191169,post,draft,567,0,5,3
219,Dealing With Bermudagrass in Cool-Season Lawns,https://naturesseed.com/?p=191166,post,draft,733,2,13,9
220,Erosion Control in Pastures and Farmland,https://naturesseed.com/?p=191163,post,draft,652,2,9,5
221,Keeping Your Lawn Grass Where it Belongs,https://naturesseed.com/?p=191160,post,draft,584,3,20,15
222,What You Need to Know About Plant Hardiness Zones,https://naturesseed.com/?p=191152,post,draft,603,0,3,0
223,The Dirty Truth: How Different Soil Types Influence Your Lawn Grass,https://naturesseed.com/?p=191149,post,draft,642,1,19,16
224,How to Avoid Necrotic Ring Spot in Your Lawn Grass,https://naturesseed.com/?p=191146,post,draft,648,5,11,5
225,Understanding Fertilizer Components,https://naturesseed.com/?p=191143,post,draft,594,2,7,4
226,A Hunter’s Paradise: Growing Food Plots for Deer and Elk,https://naturesseed.com/?p=191140,post,draft,573,1,17,14
227,"Ancient Crop, New Interest: Sainfoin for Forage, Hay and Honey",https://naturesseed.com/?p=191137,post,draft,578,1,7,4
228,Beneficial Insects for Your Lawn and Garden,https://naturesseed.com/?p=191130,post,draft,580,0,6,4
229,How to Make Your Property More Wildfire-Resistant,https://naturesseed.com/?p=191127,post,draft,588,0,11,9
230,Using Vinegar to Kill Weeds in the Lawn and Garden,https://naturesseed.com/?p=191124,post,draft,439,0,3,0
231,Efficient and Responsible Lawn Watering Tips,https://naturesseed.com/?p=191121,post,draft,702,1,10,7
232,A New Approach to Feeding Livestock: Sprouted Fodder Systems,https://naturesseed.com/?p=191118,post,draft,556,0,7,5
233,How to Remove Lawn Grass Without Using Chemicals,https://naturesseed.com/?p=191115,post,draft,566,1,13,10
234,Not Just for Livestock: Pastures for Honey Bees,https://naturesseed.com/?p=191112,post,draft,830,3,16,11
235,Tips for Selecting an Organic Lawn Care Service,https://naturesseed.com/?p=191109,post,draft,665,1,4,2
236,Myco-What? The Role of Mycorrhizal Fungi in Soils,https://naturesseed.com/?p=191106,post,draft,554,0,4,2
237,What’s NTEP and What Does it Have to Do With Our Seed Blends?,https://naturesseed.com/?p=191104,post,draft,421,0,3,1
238,Purple Coneflower: Garden Classic and Natural Healer,https://naturesseed.com/?p=191101,post,draft,535,1,7,4
239,Another Reason Not to Purchase Grass Seed From Big-Box Stores,https://naturesseed.com/?p=191098,post,draft,658,4,16,10
240,Selecting Ground Cover in Orchards and Vineyards,https://naturesseed.com/?p=191095,post,draft,573,3,12,7
241,Helping Your Lawn Recover From Chemical Spills,https://naturesseed.com/?p=191092,post,draft,554,0,3,1
242,Chicory Gaining Popularity in Pastures,https://naturesseed.com/?p=191089,post,draft,529,0,8,6
243,"A Green, Spongy Menace: Dealing With Moss in Your Lawn",https://naturesseed.com/?p=191086,post,draft,611,4,10,6
244,Does Your Lawn Need Dethatching this Season?,https://naturesseed.com/?p=191083,post,draft,667,3,11,6
245,Using Corn Gluten Meal as a Natural Pre-Emergent Herbicide,https://naturesseed.com/?p=191080,post,draft,573,0,2,0
246,Tips for Choosing the Right Lawn Mower,https://naturesseed.com/?p=191077,post,draft,879,1,8,3
247,Arrowleaf Balsamroot: Sunflower of the West,https://naturesseed.com/?p=191074,post,draft,543,0,5,3
248,How to Create a Bee-Friendly Landscape,https://naturesseed.com/?p=191071,post,draft,491,1,8,4
249,How to Create a Backyard Putting Green,https://naturesseed.com/?p=191065,post,draft,819,2,10,7
250,How to Attract More Birds to the Garden,https://naturesseed.com/?p=191062,post,draft,671,0,6,4
251,Landscape Design Basics,https://naturesseed.com/?p=191059,post,draft,780,0,3,1
252,The Importance of Legumes in Pastures,https://naturesseed.com/?p=191056,post,draft,780,3,16,7
253,Pros and Cons of Different Lawn Mowing Techniques,https://naturesseed.com/?p=191053,post,draft,585,0,4,2
254,It Makes Perfect Scents: How to Grow a Fragrant Garden,https://naturesseed.com/?p=191050,post,draft,603,2,10,6
255,How to Help Your Lawn Recover After A Flood,https://naturesseed.com/?p=191047,post,draft,622,2,6,3
256,Lawn and Garden Solutions for Shady Areas,https://naturesseed.com/?p=191044,post,draft,552,5,22,17
257,Gardening and Landscaping Tips for Small Areas,https://naturesseed.com/?p=191041,post,draft,709,0,3,1
258,Rocky Mountain Beeplant: A Unique Specimen for Any Wildflower Garden,https://naturesseed.com/?p=191038,post,draft,574,1,12,9
259,How Fallen Leaves Can Benefit Your Lawn and Garden,https://naturesseed.com/?p=191035,post,draft,621,0,2,0
260,How to Make Wildflower Seed Bombs,https://naturesseed.com/?p=191032,post,draft,650,0,3,1
261,What Pest Control Businesses are Doing to Minimize Harm,https://naturesseed.com/?p=191029,post,draft,718,0,2,0
262,How to Winterize Your Lawn Mower,https://naturesseed.com/?p=191026,post,draft,685,0,3,1
263,Collecting the Seeds from Your Wildflower Garden,https://naturesseed.com/?p=191023,post,draft,561,0,4,2
264,Give Your Lawn a Head Start This Spring Through Dormant Seeding,https://naturesseed.com/?p=191020,post,draft,529,2,6,3
265,Beware of Cheatgrass Infestations in Pastures and Rangeland,https://naturesseed.com/?p=191017,post,draft,672,0,6,3
266,Prepare Now to Beat Drought Next Summer,https://naturesseed.com/?p=191014,post,draft,779,5,9,4
267,Early Fall Lawn and Garden Tips,https://naturesseed.com/?p=191011,post,draft,654,4,15,9
268,Laudable Legume: The Many Qualities of Birdsfoot Trefoil,https://naturesseed.com/?p=191008,post,draft,616,0,6,3
269,Worm Mounds in Lawn Grass: Much Ado About Nothing,https://naturesseed.com/?p=191005,post,draft,507,0,2,0
270,Ushering in the Autumn Season with Aster Wildflowers,https://naturesseed.com/?p=191002,post,draft,684,1,9,6
271,Could Your Lawn Benefit From Core Aeration?,https://naturesseed.com/?p=190999,post,draft,757,6,21,14
272,GM Kentucky Bluegrass: A Step in the Wrong Direction,https://naturesseed.com/?p=190996,post,draft,847,2,10,5
273,Dealing With Annual Bluegrass in Your Lawn,https://naturesseed.com/?p=190993,post,draft,823,3,10,6
274,The Use of Ornamental Grass in the Landscape and Garden,https://naturesseed.com/?p=190990,post,draft,838,0,10,8
275,Maintaining Your Lawn and Garden During a Heat Wave,https://naturesseed.com/?p=190987,post,draft,884,5,9,3
276,My Interview With an Ant: What Are You Doing in My Lawn Grass?,https://naturesseed.com/?p=190984,post,draft,852,0,5,2
277,The Benefits of Raising Animals and Livestock on Pasture Grass,https://naturesseed.com/?p=190981,post,draft,967,0,4,2
278,Erosion Control and Reclamation After a Wildfire,https://naturesseed.com/?p=190978,post,draft,1002,2,9,4
279,Soil Tests: A Crucial Step Before Planting Gardens and Grass Seed,https://naturesseed.com/?p=190975,post,draft,931,0,4,2
280,Be Safe This Summer When Working on the Lawn and Garden,https://naturesseed.com/?p=190972,post,draft,870,0,5,1
281,"Rocky Mountain Iris: A Stunning Spectacle along Lakes, Rivers, and Streams",https://naturesseed.com/?p=190969,post,draft,800,1,10,7
282,Identifying and Preventing Sod Webworm Damage,https://naturesseed.com/?p=190932,post,draft,912,0,9,7
283,How to Make Plantable Seed Paper,https://naturesseed.com/?p=190962,post,draft,744,0,4,2
284,Peaceful Coexistence: Keeping Deer from Eating Your Wildflowers,https://naturesseed.com/?p=190959,post,draft,739,1,6,3
285,The Best Way to Sow Grass Seeds When Planting a New Lawn,https://naturesseed.com/?p=190955,post,draft,898,8,31,22
286,"The Benefits of Management-Intensive Grazing on the Environment, Livestock, and Pasture Grass",https://naturesseed.com/?p=190952,post,draft,752,0,3,1
287,Cool-Season vs. Warm-Season Grasses Explained,https://naturesseed.com/?p=190949,post,draft,870,5,22,16
288,The Growing Popularity of Grass Driveways,https://naturesseed.com/?p=190945,post,draft,791,2,8,4
289,6 Money Saving Tips for Frugal Lawn and Garden Care,https://naturesseed.com/?p=190942,post,draft,1215,3,24,16
290,Should I Add Lime to My Lawn?,https://naturesseed.com/?p=190939,post,draft,1030,2,6,3
291,Prevent Water Pollution Using Grass and Wildflower Buffer Strips,https://naturesseed.com/?p=190936,post,draft,884,0,5,3
292,The Humble Mushroom: An Indicator of a Healthy Lawn,https://naturesseed.com/?p=190925,post,draft,913,0,3,1
293,"Growing Indian Paintbrush Wildflower Seed: Challenging, Yet So Rewarding",https://naturesseed.com/?p=190922,post,draft,837,1,11,8
294,Stop Wetland Destruction: Avoid Peat Moss When Germinating Grass Seed,https://naturesseed.com/?p=190919,post,draft,1011,2,8,3
295,Dealing With Snow Mold in Your Grass,https://naturesseed.com/?p=190916,post,draft,744,1,3,1
296,Organic Matter: Achieving the Best Possible Soil Conditions for Grass Seed,https://naturesseed.com/?p=190913,post,draft,802,3,8,5
297,Fake Grass Causing Real Problems for Athletes and the Environment,https://naturesseed.com/?p=190910,post,draft,897,1,15,8
298,How to Avoid Winter Time Browning of Bermudagrass Lawns,https://naturesseed.com/?p=190907,post,draft,721,2,14,10
299,Happy and Healthy: Gardening Activities for Children,https://naturesseed.com/?p=191068,post,draft,607,0,6,4
300,An Oldie but a Goodie: Advantages of Reel Mowers,https://naturesseed.com/?p=190904,post,draft,730,0,3,1
301,The Sustainable Attributes of Buffalo Grass Seed,https://naturesseed.com/?p=190598,post,draft,609,3,10,5
302,Rainwater Harvesting: The Future of Self-Sustaining Lawns and Golf Courses,https://naturesseed.com/?p=190593,post,draft,766,4,13,7
303,Moles: Misunderstood Heroes Lurking in Your Lawn,https://naturesseed.com/?p=190588,post,draft,791,0,4,2
304,The Benefits of Mulching: A Step Forward in Sustainability,https://naturesseed.com/?p=190584,post,draft,989,0,6,4
305,What Do We Mean By “Elite” and “Premium” Type Grass Seed?,https://naturesseed.com/?p=190579,post,draft,888,2,9,5
306,What Are Endophytes? And What Are They Doing in My Lawn?,https://naturesseed.com/?p=190574,post,draft,613,1,10,7
307,Advantages of Establishing a Lawn from Seed Instead of Sod,https://naturesseed.com/?p=190569,post,draft,502,3,9,5
308,Tips For Sharing Your Lawn with Your Dog,https://naturesseed.com/?p=190564,post,draft,644,4,15,10
309,Winter Preparations for your Lawn,https://naturesseed.com/?p=190559,post,draft,660,3,5,2
310,Telling the Difference Between Drought Stress and Grub Damage in Lawns,https://naturesseed.com/?p=190554,post,draft,538,2,7,3
311,How Do I Get Rid of Crabgrass In My Lawn?,https://naturesseed.com/?p=190550,post,draft,328,0,3,1
312,Genetic Grass Color vs. Fertilized Grass Color,https://naturesseed.com/?p=190543,post,draft,435,1,3,0
313,Resources,https://naturesseed.com/?page_id=468232,page,draft,7,0,3,0
314,Partner With Us,https://naturesseed.com/?page_id=468233,page,draft,234,1,7,4
315,test,https://naturesseed.com/?page_id=461066,page,draft,1,0,3,0
316,Reviews,https://naturesseed.com/reviews/,page,publish,1,0,3,0
317,–,https://naturesseed.com/?page_id=449953,page,draft,0,0,3,0
318,Planting Guides,https://naturesseed.com/?page_id=449940,page,draft,0,0,3,0
319,Homepage,https://naturesseed.com/,page,publish,560,11,18,11
320,Request a Quote,https://naturesseed.com/request-a-quote/,page,publish,1,0,3,0
321,Grass Seed Guides,https://naturesseed.com/grass-seed-guides/,page,publish,127,0,4,1
322,Testimonials,https://naturesseed.com/testimonial/,page,publish,52,0,4,0
323,Terms of Use,https://naturesseed.com/terms-of-use/,page,publish,4239,0,5,2
324,Shipping Policy,https://naturesseed.com/shipping-and-returns-policy/,page,publish,1273,0,13,1
325,Home Page Old,https://naturesseed.com/?page_id=165688,page,draft,74,2,17,14
326,Cart,https://naturesseed.com/cart/,page,publish,93,8,17,4
327,Checkout,https://naturesseed.com/checkout/,page,publish,8,0,3,0
328,My account,https://naturesseed.com/my-account/,page,publish,0,0,3,0
329,Privacy Policy,https://naturesseed.com/privacy-policy/,page,publish,1239,0,3,0
330,Contact us,https://naturesseed.com/contact-us/,page,publish,504,0,3,1
331,About us,https://naturesseed.com/about/,page,publish,524,0,6,1
332,Wishlist,https://naturesseed.com/wishlist/,page,publish,1,0,3,0
333,Shop,https://naturesseed.com/?page_id=165067,page,draft,0,0,3,0
334,Compare,https://naturesseed.com/compare/,page,publish,1,0,3,0
335,Blog,https://naturesseed.com/?page_id=165065,page,draft,0,0,3,0
336,Eastern Gamagrass (Fakahatchee) Seed,https://naturesseed.com/products/pasture-seed/fakahatchee-grass-eastern-gamagrass/,product,publish,198,0,4,1
337,Texas Bluebonnet Seeds,https://naturesseed.com/products/wildflower-seed/texas-bluebonnet-seeds/,product,publish,157,0,3,0
338,Texas Native Wildflower Mix,https://naturesseed.com/products/wildflower-seed/texas-native-wildflower-mix/,product,publish,0,0,3,0
339,Texas Native Grass Seed Mix,https://naturesseed.com/products/grass-seed/texas-native-lawn-mix/,product,publish,0,0,3,0
340,Texas Pollinator Wildflower Mix,https://naturesseed.com/products/wildflower-seed/texas-pollinator-wildflower-mix/,product,publish,0,0,3,0
341,Pink Evening Primrose Seeds,https://naturesseed.com/products/wildflower-seed/pink-evening-primrose-seeds/,product,publish,0,0,3,0
342,Texas Native Pasture Prairie Mix,https://naturesseed.com/products/pasture-seed/texas-native-prairie-mix/,product,publish,0,0,3,0
343,Drummond Phlox Seeds,https://naturesseed.com/products/wildflower-seed/drummond-phlox-seeds/,product,publish,0,0,3,0
344,Fakahatchee Grass Seeds,https://naturesseed.com/?post_type=product&p=462298,product,draft,0,0,3,0
345,Lance Leaf Coreopsis Seed,https://naturesseed.com/products/wildflower-seed/lanceleaf-coreopsis-seeds/,product,publish,0,0,3,0
346,Florida Coastal Native Wildflower Seed Mix,https://naturesseed.com/products/wildflower-seed/florida-coastal-native-mix/,product,publish,0,0,3,0
347,Grass Seed Mix for Florida Lawns,https://naturesseed.com/products/grass-seed/florida-native-lawn-alternative-mix/,product,publish,0,0,3,0
348,Florida Pollinator and Butterfly Seed Mix,https://naturesseed.com/products/wildflower-seed/florida-pollinator-butterfly-mix/,product,publish,0,0,3,0
349,Florida Native Wildflower Seed Mix,https://naturesseed.com/products/wildflower-seeds/florida-native-wildflower-mix/,product,publish,0,0,3,0
350,Pollinator Corridor Kit,https://naturesseed.com/products/wildflower-seed/pollinator-corridor-kit/,product,publish,42,1,5,1
351,First-Year Color + Perennial Foundation Wildflower Kit,https://naturesseed.com/products/wildflower-seed/first-year-and-perennial-foundation-wildflower-kit/,product,publish,57,0,4,1
352,Weed Smother Cover Crop Kit,https://naturesseed.com/products/pasture-seed/weed-smother-cover-crop-kit/,product,publish,45,0,5,2
353,Soil Builder Cover Crop Kit,https://naturesseed.com/products/pasture-seed/soil-builder-cover-crop-kit/,product,publish,43,1,6,2
354,Overseed &amp; Repair Lawn Kit,https://naturesseed.com/products/grass-seed/overseed-and-repair-lawn-kit/,product,publish,45,1,5,1
355,Thin Pasture Fix Kit,https://naturesseed.com/products/pasture-seed/thin-pasture-kit/,product,publish,54,4,10,3
356,The Ultimate Habitat Restoration Bundle Mix,https://naturesseed.com/?post_type=product&p=460828,product,draft,59,0,3,0
357,California Native Ignition Resistant Seed Mix,https://naturesseed.com/?post_type=product&p=458474,product,draft,0,0,3,0
358,Upland Game Mix,https://naturesseed.com/products/pasture-seed/upland-game-mix/,product,publish,0,0,3,0
359,Dryland Pasture Mix,https://naturesseed.com/products/pasture-seed/dryland-pasture-mix/,product,publish,161,1,5,1
360,Premium Irrigated Pasture Mix,https://naturesseed.com/products/pasture-seed/premium-irrigated-pasture-mix/,product,publish,0,0,3,0
361,Native Cabin Grass Seed Mix,https://naturesseed.com/products/pasture-seed/native-cabin-grass-mix/,product,publish,0,0,3,0
362,Mustard Biofumigant Blend Cover Crop Seed Mix,https://naturesseed.com/products/pasture-seed/mustard-biofumigant-blend-cover-crop-seed-mix/,product,publish,0,0,3,0
363,Jimmy's Perennial Wildflower Mix,https://naturesseed.com/products/wildflower-seed/jimmys-perennial-wildflower-mix/,product,publish,226,5,18,10
364,Pasture Clover Mix for Waterfowl Food Plots,https://naturesseed.com/products/pasture-seed/pasture-clover-mix-for-duck-quail-food-plot/,product,publish,0,0,3,0
365,Clover Lawn Alternative Mix,https://naturesseed.com/products/grass-seed/clover-lawn-alternative-mix/,product,publish,144,1,4,0
366,Meadow Lawn Blend,https://naturesseed.com/products/grass-seed/meadow-lawn-blend/,product,publish,0,0,3,0
367,Hardy Grass Seed Mix for High Traffic Lawns,https://naturesseed.com/products/grass-seed/high-traffic-hardy-lawn/,product,publish,39,0,3,0
368,Sundancer Buffalograss Lawn Seed,https://naturesseed.com/products/grass-seed/sundancer-buffalograss-seed/,product,publish,167,0,4,1
369,Shortgrass Prairie Seed Mix,https://naturesseed.com/products/pasture-seed/shortgrass-prairie-mix/,product,publish,0,0,3,0
370,Sandhills Pasture Prairie Mix,https://naturesseed.com/products/pasture-seed/sandhills-prairie-mix/,product,publish,0,0,3,0
371,5 Star Bluegrass Lawn Seed Mix,https://naturesseed.com/?post_type=product&p=455406,product,draft,0,0,3,0
372,Green Screen Food Plot Mix,https://naturesseed.com/products/pasture-seed/green-screen-food-plot-screen/,product,publish,138,1,4,0
373,Full Potential Food Plot Mix,https://naturesseed.com/products/pasture-seed/full-potential-food-plot/,product,publish,0,0,3,0
374,Krunch N Munch Food Plot Mix,https://naturesseed.com/products/pasture-seed/krunch-and-munch-food-plot/,product,publish,0,0,3,0
375,Shade Tolerant Food Plot Mix,https://naturesseed.com/products/pasture-seed/shade-mix-food-plot/,product,publish,0,0,3,0
376,Plains Prairie Mix,https://naturesseed.com/products/pasture-seed/plains-prairie-mix/,product,publish,0,0,3,0
377,DuraTurf Tall Fescue Lawn Seed Mix,https://naturesseed.com/?post_type=product&p=455364,product,draft,0,0,3,0
378,Tuff 'N' Nuff Lawn Seed Mix,https://naturesseed.com/?post_type=product&p=455344,product,draft,0,0,3,0
379,Chaparral Sage Scrub Mix,https://naturesseed.com/products/wildflower-seed/chaparral-sage-scrub-mix/,product,publish,0,0,3,0
380,Coastal California Sage Scrub Mix,https://naturesseed.com/products/wildflower-seed/coastal-sage-scrub-mix/,product,publish,0,0,3,0
381,California Bush Sunflower Seed,https://naturesseed.com/products/wildflower-seed/california-bush-sunflower/,product,publish,0,0,3,0
382,White Sage Seed,https://naturesseed.com/products/wildflower-seed/white-sage/,product,publish,0,0,3,0
383,Purple Needlegrass Seed,https://naturesseed.com/products/wildflower-seed/purple-needlegrass/,product,publish,0,0,3,0
384,Arroyo Lupine Seed,https://naturesseed.com/products/wildflower-seed/arroyo-lupine/,product,publish,0,0,3,0
385,Golden Yarrow Seed,https://naturesseed.com/products/wildflower-seed/golden-yarrow/,product,publish,0,0,3,0
386,Central Valley Pollinator Wildflower Mix,https://naturesseed.com/products/wildflower-seed/central-valley-pollinator-mix-xerces-society/,product,publish,0,0,3,0
387,Yellow Lupine Seed,https://naturesseed.com/products/wildflower-seed/yellow-lupine/,product,publish,0,0,3,0
388,Western Yarrow Seed,https://naturesseed.com/products/wildflower-seed/western-yarrow/,product,publish,0,0,3,0
389,Premium Pet & Kid Friendly Bluegrass Bundle,https://naturesseed.com/product/premium-pet-kid-friendly-bluegrass-bundle/,product,publish,0,0,3,0
390,Brittlebrush Seed,https://naturesseed.com/products/wildflower-seed/brittlebush/,product,publish,0,0,3,0
391,Bush Monkeyflower Seed,https://naturesseed.com/products/wildflower-seed/bush-monkeyflower/,product,publish,0,0,3,0
392,Pet & Kid Friendly Low-Maintenance Fescue Lawn Bundle,https://naturesseed.com/product/bundle/pet-kid-friendly-fescue-lawn-bundle/,product,publish,0,0,3,0
393,Blue-Eyed Grass Seed,https://naturesseed.com/products/wildflower-seed/blue-eyed-grass/,product,publish,0,0,3,0
394,Miniature Lupine Seed,https://naturesseed.com/products/wildflower-seed/miniature-lupine/,product,publish,0,0,3,0
395,White Clover Seed,https://naturesseed.com/products/clover-seed/white-clover/,product,publish,90,1,6,2
396,"White Dutch Clover Soil & Grass Health Boost - 5lb for 10,000 Sq ft.",https://naturesseed.com/product/white-dutch-clover-soil-grass-health-boost-5lb-for-10000-sq-ft/,product,publish,0,0,3,0
397,Alfalfa Seeds Test - V2,https://naturesseed.com/?post_type=product&p=444278,product,draft,853,2,8,4
398,"Rice Hulls: Improve Seed Contact, Germination & Hold Moisture",https://naturesseed.com/products/planting-aids/rice-hulls-improve-seed-contact-germination-hold-moisture/,product,publish,0,0,3,0
399,Rice Hulls,https://naturesseed.com/products/planting-aids/rice-hull/,product,publish,151,0,3,0
400,Sun and Shade Grass Seed Mix,https://naturesseed.com/products/grass-seed/twca-water-wise-sun-shade-mix/,product,publish,163,3,6,0
401,Alfalfa Seeds - V2,https://naturesseed.com/?post_type=product&p=445558,product,draft,853,2,8,4
402,California Habitat Mix,https://naturesseed.com/products/grass-seed/california-habitat-mix/,product,publish,0,0,3,0
403,California Native Erosion Control Mix,https://naturesseed.com/products/specialty-seed/california-native-erosion-control-mix/,product,publish,0,0,3,0
404,Thingrass (California Bentgrass),https://naturesseed.com/products/grass-seed/thingrass/,product,publish,0,0,3,0
405,California Native Grass Seed Mix,https://naturesseed.com/products/grass-seed/california-native-lawn-alternative-mix/,product,publish,0,0,3,0
406,California Poppy,https://naturesseed.com/products/wildflower-seed/california-poppy/,product,publish,172,1,6,2
407,Coastal California Wildflower Seed Mix,https://naturesseed.com/products/wildflower-seed/california-coastal-native-wildflower-mix/,product,publish,160,2,7,2
408,California Native Wildflower Mix,https://naturesseed.com/products/wildflower-seed/california-native-wildflower-mix/,product,publish,0,0,3,0
409,Narrowleaf Milkweed Seed,https://naturesseed.com/products/wildflower-seed/narrowleaf-milkweed/,product,publish,167,1,5,1
410,Micro Clover Seed (Mini Clover),https://naturesseed.com/products/clover-seed/microclover/,product,publish,0,0,3,0
411,Am 120 Standard Mycorrhizal Inoculant,https://naturesseed.com/products/planting-aids/am-120-standard-mycorrhizal-inoculant/,product,publish,528,2,6,2
412,M-Binder Tackifier-Soil Stabilizer,https://naturesseed.com/products/planting-aids/m-binder-tackifier-soil-stabilizer/,product,publish,151,0,3,0
413,Buckwheat Seed,https://naturesseed.com/products/pasture-seed/common-buckwheat/,product,publish,76,1,6,2
414,Winter (Cereal) Rye Seed,https://naturesseed.com/products/pasture-seed/cereal-rye/,product,publish,0,0,3,0
415,Bahia Grass Seed,https://naturesseed.com/products/pasture-seed/bahia-grass/,product,publish,0,0,3,0
416,Switchgrass (Panicum Virgatum) Seed,https://naturesseed.com/products/pasture-seed/switchgrass-seed/,product,publish,46,0,5,2
417,Blue Grama Seed,https://naturesseed.com/products/pasture-seed/blue-grama/,product,publish,0,0,3,0
418,Bermudagrass,https://naturesseed.com/?post_type=product&p=445323,product,draft,60,0,4,1
419,Buffalograss Seed,https://naturesseed.com/products/pasture-seed/buffalograss/,product,publish,69,0,5,2
420,Perennial Ryegrass,https://naturesseed.com/products/pasture-seed/perennial-ryegrass/,product,publish,0,0,3,0
421,Kentucky Bluegrass,https://naturesseed.com/products/pasture-seed/kentucky-bluegrass/,product,publish,66,3,8,2
422,Alfalfa Seed,https://naturesseed.com/products/pasture-seed/alfalfa/,product,publish,0,0,3,0
423,Timothy Grass Hay Seed,https://naturesseed.com/products/pasture-seed/timothy/,product,publish,48,1,6,2
424,Orchardgrass Seed,https://naturesseed.com/products/pasture-seed/orchardgrass/,product,publish,66,1,5,1
425,Tall Fescue Grass Seed,https://naturesseed.com/products/pasture-seed/tall-fescue/,product,publish,58,1,7,3
426,Tortoise Forage &amp; Habitat Mix,https://naturesseed.com/?post_type=product&p=445315,product,draft,52,0,10,7
427,Sheep Fescue Grass Seed,https://naturesseed.com/products/grass-seed/sheep-fescue-grass/,product,publish,0,0,3,0
428,Deer Resistant Wildflower Seed Mix,https://naturesseed.com/products/wildflower-seed/deer-resistant-wildflower-mix/,product,publish,101,1,5,1
429,White Dutch Clover Seed,https://naturesseed.com/products/clover-seed/white-dutch-clover/,product,publish,143,4,7,2
430,Annual Wildflower Seed Mix,https://naturesseed.com/products/wildflower-seed/annual-wildflower-mix/,product,publish,0,0,3,0
431,Rocky Mountain Wildflower Seed Mix,https://naturesseed.com/products/wildflower-seed/rocky-mountain-wildflower-mix/,product,publish,106,2,7,2
432,Bermuda Grass Seed Mix for Lawns,https://naturesseed.com/products/grass-seed/bermudagrass-seed-blend/,product,publish,0,0,3,0
433,Northeast Lawn Grass Seed Mix,https://naturesseed.com/?post_type=product&p=445308,product,draft,0,0,3,0
434,Kentucky Bluegrass and Perennial Ryegrass Mix,https://naturesseed.com/products/grass-seed/kentucky-bluegrass-seed-blue-ribbon-mix/,product,publish,0,0,3,0
435,Transitional Zone Sheep Pasture Mix,https://naturesseed.com/products/pasture-seed/sheep-pasture-forage-mix-transitional/,product,publish,38,2,10,5
436,Warm Season Sheep Pasture Mix,https://naturesseed.com/products/pasture-seed/sheep-pasture-forage-mix-warm-season/,product,publish,50,0,7,4
437,Cool Season Sheep Pasture Mix,https://naturesseed.com/products/pasture-seed/sheep-pasture-forage-mix-cold-season/,product,publish,68,2,11,6
438,Pig Pasture &amp; Forage Mix,https://naturesseed.com/products/pasture-seed/pig-pasture-forage-mix/,product,publish,67,0,7,4
439,Transitional Zone Horse Pasture Mix,https://naturesseed.com/products/pasture-seed/horse-pasture-mix-transitional/,product,publish,55,1,7,3
440,Warm Season Horse Pasture Mix,https://naturesseed.com/products/pasture-seed/horse-pasture-mix-warm-season/,product,publish,59,3,12,6
441,Cool Season Horse Pasture Mix,https://naturesseed.com/products/pasture-seed/horse-pasture-mix-cold-season/,product,publish,477,10,25,14
442,Honey Bee Cover Crop &amp; Pasture Mix,https://naturesseed.com/products/pasture-seed/honey-bee-cover-crop-pasture-mix/,product,publish,50,0,5,2
443,Goat Pasture &amp; Forage Mix,https://naturesseed.com/products/pasture-seed/goat-pasture-forage-mix-transitional/,product,publish,50,1,9,5
444,Warm Season Goat Pasture & Forage Mix,https://naturesseed.com/?post_type=product&p=445266,product,draft,59,0,6,3
445,Cool Season Goat Pasture & Forage Mix,https://naturesseed.com/?post_type=product&p=445265,product,draft,293,3,14,8
446,Big Game Food Plot &amp; Forage Mix,https://naturesseed.com/products/pasture-seed/big-game-food-plot-forage-mix/,product,publish,58,0,7,4
447,Cool Season Cattle Pasture Seed Mix,https://naturesseed.com/products/pasture-seed/cattle-dairy-cow-pasture-mix-cold-warm-season/,product,publish,0,0,3,0
448,Warm Season Cattle Pasture Seed Mix,https://naturesseed.com/products/pasture-seed/cattle-dairy-cow-pasture-mix-for-warm-season/,product,publish,48,1,10,6
449,Chicken Forage Seed Mix,https://naturesseed.com/products/pasture-seed/poultry-forage-mix/,product,publish,160,1,5,1
450,Llama & Alpaca Pasture Seed Mix,https://naturesseed.com/products/pasture-seed/alpaca-llama-pasture-forage-mix/,product,publish,47,1,10,6
451,Dryland Revegetation &amp; Erosion Control Seed Mix,https://naturesseed.com/?post_type=product&p=445161,product,draft,407,2,15,11
452,California Native Fire-Resistant Seed Mix,https://naturesseed.com/products/specialty-seed/california-fire-wise-mix/,product,publish,121,0,5,2
453,Prairie Native Drought-Tolerant &amp; Erosion Control Mix,https://naturesseed.com/products/specialty-seed/big-four-native-erosion-control-mix-2/,product,publish,0,0,3,0
454,Jimmy's Blue Ribbon Lawn Seed Mix,https://naturesseed.com/products/grass-seed/jimmys-blue-ribbon-premium-grass-seed-mix/,product,publish,0,0,3,0
455,Pacific Northwest Grass Seed Mix,https://naturesseed.com/?post_type=product&p=445157,product,draft,0,0,3,0
456,California Native Wildflower Mix,https://naturesseed.com/?post_type=product&p=445143,product,draft,0,0,3,0
457,Kentucky Bluegrass Seed Mix,https://naturesseed.com/products/grass-seed/water-wise-bluegrass-blend/,product,publish,0,0,3,0
458,Organic Maintenance Fertilizer 18-1-8+fe,https://naturesseed.com/product/organic-maintenance-fertilizer-18-1-8fe/,product,publish,264,0,3,0
459,Organic Seed Starter Fertilizer 4-6-4,https://naturesseed.com/products/planting-aids/organic-seed-starter-fertilizer-4-6-4/,product,publish,495,1,5,2
460,Triblade Elite Bermudagrass Lawn Mix,https://naturesseed.com/?post_type=product&p=445121,product,draft,0,0,3,0
461,Shade-Tolerant Water-Wise Northeast Lawn Mix |TWCA Certified,https://naturesseed.com/?post_type=product&p=445120,product,draft,0,0,3,0
462,Fine Fescue Grass Seed Mix,https://naturesseed.com/products/grass-seed/fine-fescue-grass-seed-mix/,product,publish,0,0,3,0
463,Perennial Ryegrass Seed Mix,https://naturesseed.com/products/grass-seed/perennial-ryegrass-seed-blend/,product,publish,0,0,3,0
464,Triblade Elite Tall Fescue Grass Seed Mix,https://naturesseed.com/products/grass-seed/triblade-elite-fescue-lawn-mix/,product,publish,158,1,7,3
465,Alfalfa Seeds - V2,https://naturesseed.com/?post_type=product&p=444975,product,draft,853,2,8,4
466,Southern Dairy Cow & Cattle Forage Mix,https://naturesseed.com/?post_type=product&p=440357,product,draft,214,0,11,8
467,California Native Fire-Wise Mix,https://naturesseed.com/?post_type=product&p=440340,product,draft,0,0,3,0
468,Alfalfa Seeds,https://naturesseed.com/?post_type=product&p=444258,product,draft,853,2,8,4
469,Poultry Forage Mix,https://naturesseed.com/?post_type=product&p=440347,product,draft,418,4,21,15
470,Annual Wildflower Mix,https://naturesseed.com/?post_type=product&p=444244,product,draft,299,0,5,2
471,Goat Pasture & Forage Mix - Transitional,https://naturesseed.com/?post_type=product&p=440368,product,draft,54,0,6,3
472,Horse Pasture Mix - Transitional,https://naturesseed.com/?post_type=product&p=440376,product,draft,55,1,7,3
473,Horse Pasture Mix | Warm Season,https://naturesseed.com/?post_type=product&p=440374,product,draft,59,3,12,6
474,Sheep Pasture & Forage Mix | Cold Season,https://naturesseed.com/?post_type=product&p=440380,product,draft,68,2,11,6
475,Sheep Pasture & Forage Mix - Transitional,https://naturesseed.com/?post_type=product&p=440384,product,draft,38,2,10,5
476,Tortoise Forage Mix,https://naturesseed.com/?post_type=product&p=444240,product,draft,403,1,18,15
477,Honey Bee Cover Crop & Pasture Mix,https://naturesseed.com/?post_type=product&p=440370,product,draft,50,0,5,2
478,Horse Pasture Mix | Cold Season,https://naturesseed.com/?post_type=product&p=440372,product,draft,54,0,4,1
479,Goat Pasture & Forage Mix | Warm Season,https://naturesseed.com/?post_type=product&p=440366,product,draft,59,0,6,3
480,Goat Pasture & Forage Mix | Cold Season,https://naturesseed.com/?post_type=product&p=440364,product,draft,85,1,8,4
481,TWCA Water-Wise Sun and Shade Mix,https://naturesseed.com/?post_type=product&p=444250,product,draft,318,2,12,8
482,Grass Seed Mix for Shady Areas,https://naturesseed.com/products/grass-seed/twca-water-wise-shade-mix/,product,publish,351,1,9,6
483,Native Fine Fescue Mix,https://naturesseed.com/?post_type=product&p=444221,product,draft,326,1,9,6
484,Big Game Food Plot & Forage Mix,https://naturesseed.com/?post_type=product&p=440361,product,draft,58,0,7,4
485,Alpaca & Llama Forage Mix,https://naturesseed.com/?post_type=product&p=440345,product,draft,266,5,15,7
486,Native Dryland & Erosion Control Mix,https://naturesseed.com/?post_type=product&p=440343,product,draft,407,2,15,11
487,Big Four Native Erosion Control Mix,https://naturesseed.com/?post_type=product&p=440337,product,draft,0,0,3,0
488,Cattle & Dairy Cow Pasture Mix | Cold & Warm Season,https://naturesseed.com/?post_type=product&p=440359,product,draft,0,0,3,0
489,Pig Pasture & Forage Mix,https://naturesseed.com/?post_type=product&p=440378,product,draft,67,0,7,4
490,Sheep Pasture & Forage Mix | Warm Season,https://naturesseed.com/?post_type=product&p=440382,product,draft,50,0,7,4
491,Rocky Mountain Wildflower Mix,https://naturesseed.com/?post_type=product&p=444245,product,draft,394,2,25,21
492,California Native Wildflower Mix,https://naturesseed.com/?post_type=product&p=444223,product,draft,269,4,19,12
493,California Coastal Native Wildflower Mix,https://naturesseed.com/?post_type=product&p=444222,product,draft,449,7,27,18
494,Fine Fescue Turf Blend,https://naturesseed.com/?post_type=product&p=444248,product,draft,398,3,7,3
495,TWCA Water-Wise Northeast Mix,https://naturesseed.com/?post_type=product&p=444247,product,draft,321,3,10,6
496,Perennial Ryegrass Seed Blend,https://naturesseed.com/?post_type=product&p=444249,product,draft,297,3,8,2
497,TWCA Water-Wise Triple-Play Tall Fescue Blend,https://naturesseed.com/?post_type=product&p=441415,product,draft,977,6,18,11
498,Bermuda Grass Seed Blend,https://naturesseed.com/?post_type=product&p=444246,product,draft,0,0,3,0
499,White Dutch Clover Seeds,https://naturesseed.com/?post_type=product&p=444243,product,draft,374,1,5,2
500,Inoculant,https://naturesseed.com/?post_type=product&p=444227,product,draft,228,1,5,1
501,Sheep Fescue Grass,https://naturesseed.com/?post_type=product&p=444241,product,draft,331,0,5,3
502,White Clover Seeds,https://naturesseed.com/?post_type=product&p=444233,product,draft,297,2,9,4
503,Kentucky Bluegrass,https://naturesseed.com/?post_type=product&p=444235,product,draft,363,2,6,2
504,Timothy,https://naturesseed.com/?post_type=product&p=444237,product,draft,352,0,7,5
505,Switchgrass,https://naturesseed.com/?post_type=product&p=444231,product,draft,318,1,7,4
506,Bahiagrass,https://naturesseed.com/?post_type=product&p=444230,product,draft,365,0,6,4
507,Alfalfa,https://naturesseed.com/?post_type=product&p=444236,product,draft,296,2,10,5
508,Perennial Ryegrass,https://naturesseed.com/?post_type=product&p=444234,product,draft,249,3,9,3
509,Tall Fescue,https://naturesseed.com/?post_type=product&p=444239,product,draft,357,1,8,5
510,Orchardgrass,https://naturesseed.com/?post_type=product&p=444238,product,draft,407,2,7,3
511,Bermudagrass,https://naturesseed.com/?post_type=product&p=441174,product,draft,339,2,7,4
512,Buffalograss,https://naturesseed.com/?post_type=product&p=444232,product,draft,341,1,5,2
513,Buckwheat,https://naturesseed.com/?post_type=product&p=441161,product,draft,336,1,6,3
514,California Native Erosion Control Mix,https://naturesseed.com/?post_type=product&p=444219,product,draft,206,6,24,15
515,CALIFORNIA HABITAT MIX,https://naturesseed.com/?post_type=product&p=444218,product,draft,351,2,7,3
516,Cereal Rye,https://naturesseed.com/?post_type=product&p=444228,product,draft,312,0,4,2
517,Bluegrass Water-Wise Lawn Mix | TWCA Certified,https://naturesseed.com/?post_type=product&p=444224,product,draft,0,0,3,0
518,TWCA Water-Wise Northwest Mix,https://naturesseed.com/?post_type=product&p=440428,product,draft,341,1,7,4
519,Northern Dairy Cow & Cattle Forage Mix,https://naturesseed.com/?post_type=product&p=440354,product,draft,0,0,3,0
520,Sierra Garden Wildflower Mix,https://naturesseed.com/?post_type=product&p=187062,product,draft,542,2,17,12
521,Bay Area Wildflower Mix,https://naturesseed.com/?post_type=product&p=187020,product,draft,561,2,15,10
522,Sugar Beets,https://naturesseed.com/?post_type=product&p=355913,product,draft,283,0,5,2
523,Sunn Hemp,https://naturesseed.com/?post_type=product&p=355918,product,draft,277,0,5,2
524,Desert Marigold,https://naturesseed.com/?post_type=product&p=183473,product,draft,158,0,6,3
525,Sand Milkweed,https://naturesseed.com/?post_type=product&p=187594,product,draft,256,0,5,2
526,Swamp Milkweed,https://naturesseed.com/?post_type=product&p=355627,product,draft,224,0,5,2
527,Upland White Aster,https://naturesseed.com/?post_type=product&p=355676,product,draft,227,0,6,3
528,Flat Top Aster,https://naturesseed.com/?post_type=product&p=187334,product,draft,171,0,5,2
529,Nodding Bur Marigold,https://naturesseed.com/?post_type=product&p=187461,product,draft,143,0,5,2
530,Showy Partridge Pea,https://naturesseed.com/?post_type=product&p=187646,product,draft,175,1,7,3
531,Prairie Coreopsis,https://naturesseed.com/?post_type=product&p=187523,product,draft,492,0,6,4
532,Silky Prairie Clover,https://naturesseed.com/?post_type=product&p=187671,product,draft,247,0,8,5
533,Black Samson,https://naturesseed.com/?post_type=product&p=187214,product,draft,189,2,8,3
534,Spotted Joe Pye Weed,https://naturesseed.com/?post_type=product&p=355593,product,draft,198,0,5,2
535,Grass-Leafed Goldenrod,https://naturesseed.com/?post_type=product&p=187376,product,draft,212,1,6,2
536,Sweet Joe Pye Weed,https://naturesseed.com/?post_type=product&p=355643,product,draft,163,1,7,3
537,Showy Sunflower,https://naturesseed.com/?post_type=product&p=187655,product,draft,225,0,5,2
538,Dotted Gayfeather,https://naturesseed.com/?post_type=product&p=187285,product,draft,154,0,6,3
539,Great Blue Lobella,https://naturesseed.com/?post_type=product&p=187394,product,draft,157,1,6,2
540,Seed Box,https://naturesseed.com/?post_type=product&p=187618,product,draft,171,1,5,1
541,Plains Beebalm,https://naturesseed.com/?post_type=product&p=187515,product,draft,177,0,5,2
542,Four-Point Evening Primrose,https://naturesseed.com/?post_type=product&p=187342,product,draft,202,0,5,2
543,Foxglove Beardtongue,https://naturesseed.com/?post_type=product&p=187350,product,draft,349,0,4,2
544,Shell Leaf Penstemon,https://naturesseed.com/?post_type=product&p=187628,product,draft,163,0,6,3
545,Prairie Phlox,https://naturesseed.com/?post_type=product&p=187539,product,draft,140,0,5,2
546,Obedient Plant,https://naturesseed.com/?post_type=product&p=187477,product,draft,193,1,6,2
547,Slender Mountain Mint,https://naturesseed.com/?post_type=product&p=187688,product,draft,231,0,4,1
548,Sweet Black-Eyed Susan,https://naturesseed.com/?post_type=product&p=355635,product,draft,149,0,8,5
549,Brown-Eyed Susan,https://naturesseed.com/?post_type=product&p=187241,product,draft,201,1,6,2
550,Pitcher Sage,https://naturesseed.com/?post_type=product&p=187507,product,draft,226,1,6,2
551,Compass Plant,https://naturesseed.com/?post_type=product&p=187259,product,draft,227,0,5,2
552,Prairie Dock,https://naturesseed.com/?post_type=product&p=187531,product,draft,203,0,5,2
553,Giant Goldenrod,https://naturesseed.com/?post_type=product&p=187358,product,draft,226,1,6,2
554,Showy Goldenrod,https://naturesseed.com/?post_type=product&p=187636,product,draft,190,0,6,3
555,Riddell's Goldenrod,https://naturesseed.com/?post_type=product&p=187568,product,draft,250,0,5,2
556,Silky Aster,https://naturesseed.com/?post_type=product&p=187663,product,draft,157,0,5,2
557,Prairie Spiderwort,https://naturesseed.com/?post_type=product&p=187549,product,draft,203,1,7,3
558,Baldwin’s Ironweed,https://naturesseed.com/?post_type=product&p=187204,product,draft,242,0,6,3
559,'Amity' Tall Fescue,https://naturesseed.com/?post_type=product&p=185783,product,draft,112,0,9,5
560,Southern California Native Fire-Wise Mix,https://naturesseed.com/?post_type=product&p=429826,product,draft,281,1,13,9
561,Splitleaf Indian Paintbrush,https://naturesseed.com/?post_type=product&p=184236,product,draft,158,0,5,2
562,Fox Sedge,https://naturesseed.com/?post_type=product&p=355944,product,draft,197,1,6,2
563,Purple Top,https://naturesseed.com/?post_type=product&p=355861,product,draft,264,1,6,2
564,Midwest Native Wildflower Mix,https://naturesseed.com/?post_type=product&p=356058,product,draft,214,1,15,11
565,Pretty Prairie Tallgrass Mix,https://naturesseed.com/?post_type=product&p=355990,product,draft,159,1,18,14
566,Keystone Peas,https://naturesseed.com/?post_type=product&p=355821,product,draft,279,0,6,3
567,Lentils,https://naturesseed.com/?post_type=product&p=355826,product,draft,303,0,4,2
568,Kale,https://naturesseed.com/?post_type=product&p=355816,product,draft,208,0,5,2
569,K-31 Tall Fescue,https://naturesseed.com/?post_type=product&p=356065,product,draft,219,1,8,4
570,Alkali Sacaton,https://naturesseed.com/?post_type=product&p=187172,product,draft,198,0,5,2
571,Woolly Sunflower,https://naturesseed.com/?post_type=product&p=187144,product,draft,261,1,9,5
572,Imbricate Phacelia,https://naturesseed.com/?post_type=product&p=187003,product,draft,212,2,8,3
573,California Phacelia,https://naturesseed.com/?post_type=product&p=186994,product,draft,255,2,10,5
574,Fort Miller Clarkia,https://naturesseed.com/?post_type=product&p=186958,product,draft,236,0,5,2
575,Xerces Central Coast Pollinator Mix,https://naturesseed.com/?post_type=product&p=186169,product,draft,243,1,7,3
576,Silverleaf Lupine,https://naturesseed.com/?post_type=product&p=184218,product,draft,158,3,9,4
577,Hooker's Evening Primrose,https://naturesseed.com/?post_type=product&p=184129,product,draft,144,1,7,3
578,Colorado Columbine,https://naturesseed.com/?post_type=product&p=183241,product,draft,218,0,6,3
579,Mexican Gold Poppy,https://naturesseed.com/?post_type=product&p=183390,product,draft,204,1,6,2
580,Arrowleaf Balsamroot,https://naturesseed.com/?post_type=product&p=183299,product,draft,230,1,6,2
581,Zoysia Grass Seed,https://naturesseed.com/?post_type=product&p=182889,product,draft,277,2,7,3
582,TWCA Water-Wise Northwest Turf Mix,https://naturesseed.com/?post_type=product&p=187112,product,draft,518,1,13,10
583,TWCA Water-Wise Tall Fescue Blend,https://naturesseed.com/?post_type=product&p=186398,product,draft,395,0,7,5
584,Hard Fescue Grass,https://naturesseed.com/?post_type=product&p=185867,product,draft,1065,5,15,10
585,Japanese Millet,https://naturesseed.com/?post_type=product&p=355811,product,draft,277,0,7,4
586,Annual Ryegrass,https://naturesseed.com/?post_type=product&p=185408,product,draft,247,0,5,2
587,Tidy Tips,https://naturesseed.com/?post_type=product&p=183121,product,draft,180,0,6,3
588,Green Needlegrass,https://naturesseed.com/?post_type=product&p=355800,product,draft,366,0,5,3
589,Sweet Alyssum,https://naturesseed.com/?post_type=product&p=184245,product,draft,100,0,5,2
590,Aspen Daisy,https://naturesseed.com/?post_type=product&p=183362,product,draft,131,2,7,2
591,Palmer's Penstemon,https://naturesseed.com/?post_type=product&p=184180,product,draft,189,0,6,3
592,Spiked Gayfeather,https://naturesseed.com/?post_type=product&p=185814,product,draft,137,0,6,3
593,Sweet William,https://naturesseed.com/?post_type=product&p=185805,product,draft,140,0,6,3
594,Deergrass,https://naturesseed.com/?post_type=product&p=186660,product,draft,206,1,6,2
595,Wallflower,https://naturesseed.com/?post_type=product&p=183250,product,draft,164,2,8,4
596,Moss Verbena,https://naturesseed.com/?post_type=product&p=184153,product,draft,171,0,5,2
597,Purple Foxglove,https://naturesseed.com/?post_type=product&p=184275,product,draft,190,0,5,2
598,Fernleaf Biscuitroot,https://naturesseed.com/?post_type=product&p=185980,product,draft,169,1,6,2
599,Sweet William Catchfly,https://naturesseed.com/?post_type=product&p=186025,product,draft,136,0,6,3
600,Blue Vervain,https://naturesseed.com/?post_type=product&p=187231,product,draft,196,0,5,2
601,Cardinal Flower,https://naturesseed.com/?post_type=product&p=187251,product,draft,214,0,5,2
602,Ashy Sunflower,https://naturesseed.com/?post_type=product&p=187196,product,draft,209,0,6,3
603,Culver's Root,https://naturesseed.com/?post_type=product&p=187267,product,draft,195,0,5,2
604,Cup Plant,https://naturesseed.com/?post_type=product&p=187275,product,draft,169,0,5,2
605,Dotted Mint,https://naturesseed.com/?post_type=product&p=187293,product,draft,151,0,5,2
606,Englemann Daisy,https://naturesseed.com/?post_type=product&p=187301,product,draft,147,0,5,2
607,False Boneset,https://naturesseed.com/?post_type=product&p=187317,product,draft,170,2,8,3
608,Entire Leaf Rosinweed,https://naturesseed.com/?post_type=product&p=187309,product,draft,210,0,4,1
609,False Sunflower,https://naturesseed.com/?post_type=product&p=187326,product,draft,166,1,7,3
610,Golden Alexander,https://naturesseed.com/?post_type=product&p=187368,product,draft,163,1,6,2
611,Grayhead Prairie Coneflower,https://naturesseed.com/?post_type=product&p=187386,product,draft,118,0,7,4
612,Aromatic Aster,https://naturesseed.com/?post_type=product&p=187188,product,draft,164,0,5,2
613,Blue False Indigo,https://naturesseed.com/?post_type=product&p=187222,product,draft,234,0,5,2
614,Arkansas Rose,https://naturesseed.com/?post_type=product&p=187180,product,draft,198,0,5,2
615,Hoary Vervain,https://naturesseed.com/?post_type=product&p=187413,product,draft,194,0,5,2
616,Ironweed,https://naturesseed.com/?post_type=product&p=187429,product,draft,167,0,5,2
617,Illinois Bundle Flower,https://naturesseed.com/?post_type=product&p=187421,product,draft,159,2,7,2
618,Maryland Senna,https://naturesseed.com/?post_type=product&p=187445,product,draft,178,0,4,1
619,New Jersey Tea,https://naturesseed.com/?post_type=product&p=187453,product,draft,145,0,4,1
620,Ohio Spiderwort,https://naturesseed.com/?post_type=product&p=187485,product,draft,235,0,6,3
621,Pale Purple Coneflower,https://naturesseed.com/?post_type=product&p=187495,product,draft,175,2,9,4
622,Rattlesnake Master,https://naturesseed.com/?post_type=product&p=187559,product,draft,170,0,5,2
623,Safflowers,https://naturesseed.com/?post_type=product&p=187584,product,draft,90,0,5,2
624,Rough Blazing Star,https://naturesseed.com/?post_type=product&p=187576,product,draft,158,0,5,2
625,Scarlet Sage,https://naturesseed.com/?post_type=product&p=187610,product,draft,190,0,5,2
626,Sky Blue Aster,https://naturesseed.com/?post_type=product&p=187680,product,draft,204,0,5,2
627,Lead Plant,https://naturesseed.com/?post_type=product&p=187437,product,draft,177,2,7,3
628,White False Indigo,https://naturesseed.com/?post_type=product&p=355692,product,draft,177,0,4,1
629,Cowpeas,https://naturesseed.com/?post_type=product&p=355785,product,draft,170,0,5,2
630,Needle &amp; Thread,https://naturesseed.com/?post_type=product&p=355836,product,draft,228,1,6,2
631,Rough Dropseed,https://naturesseed.com/?post_type=product&p=355893,product,draft,187,1,6,2
632,Sneezeweed,https://naturesseed.com/?post_type=product&p=355585,product,draft,187,0,5,2
633,Smooth Milkweed,https://naturesseed.com/?post_type=product&p=355575,product,draft,227,0,7,4
634,Square-Stemmed Monkey Flower,https://naturesseed.com/?post_type=product&p=355601,product,draft,178,0,5,2
635,Swamp Aster,https://naturesseed.com/?post_type=product&p=355617,product,draft,176,1,6,2
636,Stiff Goldenrod,https://naturesseed.com/?post_type=product&p=355609,product,draft,522,0,6,4
637,Tall Cinquefoil,https://naturesseed.com/?post_type=product&p=355651,product,draft,542,0,5,3
638,Tall Coreopsis,https://naturesseed.com/?post_type=product&p=355659,product,draft,280,0,6,3
639,Thickspike Gayfeather,https://naturesseed.com/?post_type=product&p=355668,product,draft,208,1,6,2
640,Reed Canarygrass,https://naturesseed.com/?post_type=product&p=355878,product,draft,233,0,5,2
641,Fringed Sagewort,https://naturesseed.com/?post_type=product&p=355933,product,draft,157,0,5,2
642,Teff Grass (Coated),https://naturesseed.com/?post_type=product&p=355923,product,draft,156,0,6,3
643,Cudweed Sagewort,https://naturesseed.com/?post_type=product&p=355939,product,draft,167,2,8,3
644,Mung Beans,https://naturesseed.com/?post_type=product&p=355831,product,draft,225,0,5,2
645,Virginia Mountain Mint,https://naturesseed.com/?post_type=product&p=355684,product,draft,193,1,6,2
646,White Prairie Clover,https://naturesseed.com/?post_type=product&p=355700,product,draft,222,2,8,4
647,Common Vetch,https://naturesseed.com/?post_type=product&p=355780,product,draft,143,0,6,3
648,Wild Senna,https://naturesseed.com/?post_type=product&p=355708,product,draft,190,0,4,1
649,Chick Magnet Mix,https://naturesseed.com/?post_type=product&p=356070,product,draft,290,0,10,7
650,Common Lespedeza,https://naturesseed.com/?post_type=product&p=355775,product,draft,182,0,5,2
651,Chickling Vetch,https://naturesseed.com/?post_type=product&p=355765,product,draft,220,0,7,4
652,Fowl Manna Grass,https://naturesseed.com/?post_type=product&p=355795,product,draft,168,1,6,2
653,Russian Wildrye,https://naturesseed.com/?post_type=product&p=355903,product,draft,213,0,8,5
654,Basin Wildrye,https://naturesseed.com/?post_type=product&p=355738,product,draft,370,0,4,2
655,Canada Wildrye,https://naturesseed.com/?post_type=product&p=355760,product,draft,252,0,5,2
656,Prairie Sand Reed,https://naturesseed.com/?post_type=product&p=355856,product,draft,216,2,7,2
657,Purple Top Turnips,https://naturesseed.com/?post_type=product&p=355866,product,draft,168,0,6,3
658,Collards,https://naturesseed.com/?post_type=product&p=355770,product,draft,351,0,6,4
659,Rapeseed,https://naturesseed.com/?post_type=product&p=355871,product,draft,282,0,6,3
660,Hybrid Forage Brassica,https://naturesseed.com/?post_type=product&p=355805,product,draft,284,0,5,2
661,African Cabbage,https://naturesseed.com/?post_type=product&p=355721,product,draft,228,0,6,3
662,Canada Milkvetch,https://naturesseed.com/?post_type=product&p=355753,product,draft,201,0,5,2
663,Okra,https://naturesseed.com/?post_type=product&p=355716,product,draft,190,0,5,2
664,Little Bluestem,https://naturesseed.com/?post_type=product&p=184723,product,draft,255,0,5,2
665,California Poppy,https://naturesseed.com/product/california-poppy-seeds/,product,private,306,1,8,4
666,Jimmy's Blue Ribbon Premium Grass Seed Mix,https://naturesseed.com/?post_type=product&p=187154,product,draft,282,4,11,4
667,Woolly Rose Mallow,https://naturesseed.com/?post_type=product&p=187133,product,draft,236,0,5,2
668,TWCA Water-Wise Shade Turf Mix,https://naturesseed.com/?post_type=product&p=187125,product,draft,446,2,15,11
669,TWCA Water-Wise Northern Sports Mix,https://naturesseed.com/?post_type=product&p=187101,product,draft,242,4,9,2
670,California Habitat Mix,https://naturesseed.com/?post_type=product&p=187068,product,draft,212,1,8,4
671,Spring Fever Wildflower Mix,https://naturesseed.com/?post_type=product&p=187056,product,draft,513,2,19,14
672,Butterfly Pollinator Mix,https://naturesseed.com/?post_type=product&p=187032,product,draft,542,2,19,14
673,Western Native Pollinator Wildflower Mix,https://naturesseed.com/?post_type=product&p=187026,product,draft,548,2,14,9
674,Xerces Central Valley Pollinator Mix,https://naturesseed.com/?post_type=product&p=187013,product,draft,243,1,8,4
675,Fremont's Goldfields,https://naturesseed.com/?post_type=product&p=186985,product,draft,203,0,5,2
676,Coastal Gumweed,https://naturesseed.com/?post_type=product&p=186976,product,draft,241,2,8,3
677,Gum Plant,https://naturesseed.com/?post_type=product&p=186967,product,draft,296,3,9,3
678,Purple Clarkia,https://naturesseed.com/?post_type=product&p=186946,product,draft,250,0,5,2
679,Red Ribbons,https://naturesseed.com/?post_type=product&p=186924,product,draft,188,0,5,2
680,Red Maids,https://naturesseed.com/?post_type=product&p=186915,product,draft,237,0,6,3
681,Small-Flowered Fiddleneck,https://naturesseed.com/?post_type=product&p=186904,product,draft,189,0,6,3
682,Big Squirreltail,https://naturesseed.com/?post_type=product&p=186896,product,draft,139,0,6,3
683,Spike Bentgrass,https://naturesseed.com/?post_type=product&p=186867,product,draft,161,0,6,3
684,Seashore Bentgrass,https://naturesseed.com/?post_type=product&p=444220,product,draft,367,0,5,3
685,Coastal Sage Scrub Mix,https://naturesseed.com/?post_type=product&p=186751,product,draft,468,6,25,17
686,California Native Erosion Control Mix,https://naturesseed.com/specialty-seed/erosion-control-blends/california-native-erosion-control-mix/,product,private,441,1,11,8
687,California Melic,https://naturesseed.com/?post_type=product&p=186720,product,draft,105,3,10,4
688,Purple Needle Grass Seed,https://naturesseed.com/?post_type=product&p=186694,product,draft,352,4,12,5
689,Blando Brome Grass,https://naturesseed.com/?post_type=product&p=186685,product,draft,235,0,5,2
690,Zorro Fescue,https://naturesseed.com/?post_type=product&p=186668,product,draft,157,0,5,2
691,Coast Range Melic,https://naturesseed.com/?post_type=product&p=186651,product,draft,138,2,9,4
692,Meadow Barley,https://naturesseed.com/?post_type=product&p=186638,product,draft,392,1,9,6
693,Nodding Needlegrass,https://naturesseed.com/?post_type=product&p=186620,product,draft,129,2,9,4
694,Dotseed Plantain,https://naturesseed.com/?post_type=product&p=186607,product,draft,125,1,7,3
695,Small Fescue,https://naturesseed.com/?post_type=product&p=186586,product,draft,164,0,7,4
696,California Brome Grass,https://naturesseed.com/?post_type=product&p=186564,product,draft,165,0,5,2
697,Alkali Barley,https://naturesseed.com/?post_type=product&p=186552,product,draft,214,0,7,4
698,Creosote Bush,https://naturesseed.com/?post_type=product&p=186526,product,draft,299,0,5,2
699,Quailbush,https://naturesseed.com/?post_type=product&p=186517,product,draft,235,1,6,2
700,Cattle Spinach,https://naturesseed.com/?post_type=product&p=186499,product,draft,214,0,8,5
701,California Sagebrush,https://naturesseed.com/?post_type=product&p=186491,product,draft,184,1,7,3
702,California Buckwheat,https://naturesseed.com/?post_type=product&p=186483,product,draft,176,1,10,6
703,Black Sage,https://naturesseed.com/?post_type=product&p=186474,product,draft,152,0,8,5
704,Tree Clover,https://naturesseed.com/?post_type=product&p=186460,product,draft,151,0,5,2
705,Hykon Rose Clover,https://naturesseed.com/?post_type=product&p=186452,product,draft,154,0,5,2
706,Tomcat Clover,https://naturesseed.com/?post_type=product&p=186439,product,draft,115,0,7,4
707,Creek Clover,https://naturesseed.com/?post_type=product&p=186418,product,draft,394,2,9,5
708,San Diego Bentgrass,https://naturesseed.com/?post_type=product&p=186408,product,draft,256,1,7,3
709,Native Fine Fescue Mix,https://naturesseed.com/?post_type=product&p=186375,product,draft,543,0,6,4
710,Southern Sports Turf Mix,https://naturesseed.com/?post_type=product&p=186366,product,draft,314,1,8,5
711,Santa Monica Mountain Cover Mix,https://naturesseed.com/?post_type=product&p=186357,product,draft,625,4,22,15
712,Coastal California Poppy,https://naturesseed.com/?post_type=product&p=186319,product,draft,215,1,10,6
713,California Goldfields,https://naturesseed.com/?post_type=product&p=186267,product,draft,213,1,7,3
714,Blue-Eyed Grass,https://naturesseed.com/?post_type=product&p=186251,product,draft,280,2,7,2
715,Monkeyflower,https://naturesseed.com/?post_type=product&p=186242,product,draft,235,1,6,2
716,Chaparral Yucca,https://naturesseed.com/?post_type=product&p=186199,product,draft,219,0,5,2
717,California Bush Sunflower,https://naturesseed.com/?post_type=product&p=186190,product,draft,238,3,15,9
718,California Coastal Native Wildflower Mix,https://naturesseed.com/?post_type=product&p=186175,product,draft,594,8,27,16
719,Flowering Meadow Mix,https://naturesseed.com/?post_type=product&p=186162,product,draft,448,2,16,12
720,Insecta-Flora Mix,https://naturesseed.com/?post_type=product&p=186155,product,draft,626,2,23,18
721,Ornamental Low Growing Native Mix,https://naturesseed.com/?post_type=product&p=186148,product,draft,465,1,13,10
722,California Native Wildflower Mix,https://naturesseed.com/?post_type=product&p=186142,product,draft,523,9,25,16
723,Ed Gedling Lupine,https://naturesseed.com/?post_type=product&p=186132,product,draft,261,1,7,3
724,Deerweed,https://naturesseed.com/?post_type=product&p=186122,product,draft,208,0,4,1
725,Sky Lupine,https://naturesseed.com/?post_type=product&p=186107,product,draft,239,0,5,2
726,TWCA Water-Wise Bluegrass Blend,https://naturesseed.com/?post_type=product&p=186086,product,draft,283,2,7,2
727,Nasturtium Seeds,https://naturesseed.com/?post_type=product&p=186075,product,draft,211,0,4,1
728,Sweet Pea,https://naturesseed.com/?post_type=product&p=186066,product,draft,184,0,5,2
729,Narrowleaf Milkweed,https://naturesseed.com/?post_type=product&p=186051,product,draft,415,3,8,4
730,Golden Lupine,https://naturesseed.com/?post_type=product&p=186034,product,draft,240,1,7,3
731,Smooth Aster,https://naturesseed.com/?post_type=product&p=185998,product,draft,195,0,5,2
732,Prickly Poppy,https://naturesseed.com/?post_type=product&p=185961,product,draft,236,0,5,2
733,Rice Hulls,https://naturesseed.com/?post_type=product&p=444229,product,draft,282,1,4,0
734,Forage Kochia,https://naturesseed.com/?post_type=product&p=185954,product,draft,257,0,5,2
735,Strawberry Clover,https://naturesseed.com/?post_type=product&p=185938,product,draft,195,0,5,2
736,Grain Sorghum,https://naturesseed.com/?post_type=product&p=185930,product,draft,258,0,5,2
737,White Proso Millet,https://naturesseed.com/?post_type=product&p=185906,product,draft,208,0,5,2
738,Common Flax - 1 lbs,https://naturesseed.com/?post_type=product&p=185899,product,draft,0,0,3,0
739,Common Flax,https://naturesseed.com/?post_type=product&p=185898,product,draft,191,0,5,2
740,Chewings Fescue Grass,https://naturesseed.com/?post_type=product&p=185890,product,draft,165,0,5,2
741,Red Fescue Grass,https://naturesseed.com/?post_type=product&p=185878,product,draft,1087,9,18,9
742,Pubescent Wheatgrass,https://naturesseed.com/?post_type=product&p=185858,product,draft,186,1,9,5
743,Thickspike Wheatgrass,https://naturesseed.com/?post_type=product&p=185850,product,draft,133,1,8,4
744,Lacy Phacelia,https://naturesseed.com/?post_type=product&p=185834,product,draft,272,0,5,2
745,Wild Bergamot,https://naturesseed.com/?post_type=product&p=185824,product,draft,186,0,5,2
746,Shasta Daisy,https://naturesseed.com/?post_type=product&p=185795,product,draft,190,2,7,2
747,Bluebunch Wheatgrass,https://naturesseed.com/?post_type=product&p=185788,product,draft,200,0,7,4
748,Maximilian Sunflower,https://naturesseed.com/?post_type=product&p=185772,product,draft,198,0,6,3
749,Common Milkweed,https://naturesseed.com/?post_type=product&p=185744,product,draft,206,0,5,2
750,Shoulder Bag Seeder/Spreader,https://naturesseed.com/products/planting-aids/shoulder-bag-seeder-spreader/,product,publish,166,1,4,0
751,Micro Clover Seed,https://naturesseed.com/?post_type=product&p=185710,product,draft,863,6,14,6
752,Micro Clover Seed,https://naturesseed.com/?post_type=product&p=444225,product,draft,303,4,7,3
753,Western Wheatgrass,https://naturesseed.com/?post_type=product&p=185699,product,draft,223,0,7,4
754,Showy Milkweed,https://naturesseed.com/?post_type=product&p=185689,product,draft,182,0,5,2
755,Virginia Wildrye,https://naturesseed.com/?post_type=product&p=185680,product,draft,152,0,5,2
756,Tufted Hairgrass,https://naturesseed.com/?post_type=product&p=185672,product,draft,171,0,5,2
757,Arizona Fescue,https://naturesseed.com/?post_type=product&p=185663,product,draft,205,1,6,2
758,Blue Wildrye,https://naturesseed.com/?post_type=product&p=185643,product,draft,216,0,5,2
759,Sand Dropseed,https://naturesseed.com/?post_type=product&p=185635,product,draft,201,0,5,2
760,Sandberg Bluegrass,https://naturesseed.com/?post_type=product&p=185627,product,draft,171,1,6,2
761,Idaho Fescue,https://naturesseed.com/?post_type=product&p=185607,product,draft,336,0,4,2
762,Southwest Desert Poultry Forage Mix,https://naturesseed.com/?post_type=product&p=185594,product,draft,226,2,14,9
763,Southwest Transitional Poultry Forage Mix,https://naturesseed.com/?post_type=product&p=185570,product,draft,396,2,15,11
764,Southern Subtropics Poultry Forage Mix,https://naturesseed.com/?post_type=product&p=185546,product,draft,343,2,14,10
765,South-Atlantic Transitional Poultry Forage Mix,https://naturesseed.com/?post_type=product&p=185534,product,draft,278,2,18,13
766,Pacific Southwest Poultry Forage Mix,https://naturesseed.com/?post_type=product&p=185522,product,draft,189,2,14,9
767,Florida Tropics Poultry Forage Mix,https://naturesseed.com/?post_type=product&p=185462,product,draft,187,2,15,10
768,Mid-West/Mid-Atlantic Poultry Forage Mix,https://naturesseed.com/?post_type=product&p=185510,product,draft,332,2,13,9
769,Great Plains Poultry Forage Mix,https://naturesseed.com/?post_type=product&p=185486,product,draft,184,2,14,9
770,Field Pea,https://naturesseed.com/?post_type=product&p=185454,product,draft,243,0,6,3
771,Cicer Milkvetch,https://naturesseed.com/?post_type=product&p=185445,product,draft,156,0,6,3
772,Small Burnet,https://naturesseed.com/?post_type=product&p=185426,product,draft,153,0,6,3
773,Butterfly Milkweed Seeds,https://naturesseed.com/products/wildflower-seed/butterfly-milkweed-wildflower-seed/,product,publish,194,5,9,2
774,Am 120 Standard Mycorrhizal Inoculant,https://naturesseed.com/?post_type=product&p=185399,product,draft,444,1,5,2
775,M-Binder Tackifier - Soil Stabilizer 50lbs,https://naturesseed.com/?post_type=product&p=444226,product,draft,281,0,6,3
776,M-Binder Tackifier-Soil Stabilizer,https://naturesseed.com/?post_type=product&p=185394,product,draft,151,0,3,0
777,Hybrid Pearl Millet (Treated),https://naturesseed.com/?post_type=product&p=185388,product,draft,225,0,6,3
778,Annual Sunflower,https://naturesseed.com/?post_type=product&p=185380,product,draft,194,1,8,4
779,Indian Ricegrass,https://naturesseed.com/?post_type=product&p=185372,product,draft,116,1,6,2
780,Streambank Wheatgrass,https://naturesseed.com/?post_type=product&p=185361,product,draft,234,0,7,4
781,White Sweet Clover,https://naturesseed.com/?post_type=product&p=185353,product,draft,273,1,8,4
782,Triticale,https://naturesseed.com/?post_type=product&p=185345,product,draft,148,0,9,6
783,Sorghum Sudangrass,https://naturesseed.com/?post_type=product&p=185328,product,draft,255,0,5,2
784,Forage Radish,https://naturesseed.com/?post_type=product&p=185320,product,draft,228,0,5,2
785,Common Buckwheat,https://naturesseed.com/?post_type=product&p=185311,product,draft,273,1,8,4
786,Hairy Vetch,https://naturesseed.com/?post_type=product&p=185303,product,draft,263,0,5,2
787,Cereal Rye Seed,https://naturesseed.com/?post_type=product&p=185295,product,draft,281,0,6,3
788,Barley,https://naturesseed.com/?post_type=product&p=185337,product,draft,240,0,5,2
789,Oats,https://naturesseed.com/?post_type=product&p=185287,product,draft,234,0,5,2
790,Wheat,https://naturesseed.com/?post_type=product&p=185279,product,draft,227,0,6,3
791,Rice Hulls,https://naturesseed.com/?post_type=product&p=185272,product,draft,155,1,4,0
792,White Mustard,https://naturesseed.com/?post_type=product&p=185265,product,draft,213,0,6,3
793,Western Yarrow,https://naturesseed.com/?post_type=product&p=185249,product,draft,260,1,6,2
794,Southwest Semi-Arid Steppe Big Game Food Plot Mix,https://naturesseed.com/?post_type=product&p=185215,product,draft,187,2,14,9
795,Great Lakes/New England Big Game Food Plot Mix,https://naturesseed.com/?post_type=product&p=185236,product,draft,266,3,17,11
796,Southwest Transitional Big Game Food Plot Mix,https://naturesseed.com/?post_type=product&p=185229,product,draft,191,0,14,11
797,Southern Subtropics Big Game Food Plot Mix,https://naturesseed.com/?post_type=product&p=185222,product,draft,245,2,13,8
798,Great Plains Big Game Food Plot Mix,https://naturesseed.com/?post_type=product&p=185194,product,draft,276,3,16,10
799,Pacific Southwest Big Game Food Plot Mix,https://naturesseed.com/?post_type=product&p=185187,product,draft,183,2,17,12
800,Southwest Desert Big Game Food Plot Mix,https://naturesseed.com/?post_type=product&p=185173,product,draft,228,1,14,10
801,Southwest Semi-Arid Steppe Upland Game Food Plot Mix,https://naturesseed.com/?post_type=product&p=185131,product,draft,192,0,13,10
802,Great Lakes/New England Upland Game Food Plot Mix,https://naturesseed.com/?post_type=product&p=185152,product,draft,231,0,12,9
803,Intermountain West Upland Game Food Plot Mix,https://naturesseed.com/?post_type=product&p=185124,product,draft,238,0,12,9
804,South-Atlantic Transitional Upland Game Food Plot Mix,https://naturesseed.com/?post_type=product&p=185117,product,draft,245,0,11,8
805,Great Plains Upland Game Food Plot Mix,https://naturesseed.com/?post_type=product&p=185110,product,draft,202,0,13,10
806,Mid-West/Mid-Atlantic Upland Game Food Plot Mix,https://naturesseed.com/?post_type=product&p=185096,product,draft,254,0,10,7
807,Great Plains Bison Forage Mix,https://naturesseed.com/?post_type=product&p=185026,product,draft,184,3,14,8
808,Pacific Northwest Bison Forage Mix,https://naturesseed.com/?post_type=product&p=184998,product,draft,212,3,13,7
809,Intermountain West Wildfire Resistant Mix,https://naturesseed.com/?post_type=product&p=184977,product,draft,178,0,13,10
810,Southern Subtropics Erosion Control Mix,https://naturesseed.com/?post_type=product&p=184921,product,draft,199,0,11,8
811,Intermountain West Erosion Control Mix,https://naturesseed.com/?post_type=product&p=184907,product,draft,238,3,17,11
812,Great Plains Erosion Control Mix,https://naturesseed.com/?post_type=product&p=184893,product,draft,237,2,15,10
813,Mid-West/Mid-Atlantic Erosion Control Mix,https://naturesseed.com/?post_type=product&p=184879,product,draft,245,3,13,7
814,Southwest Desert Erosion Control Mix,https://naturesseed.com/?post_type=product&p=184872,product,draft,261,1,12,8
815,Western Low-Water Use Pollinator Mix,https://naturesseed.com/?post_type=product&p=184856,product,draft,272,1,17,13
816,Great Lakes/New England Pollinator Mix,https://naturesseed.com/?post_type=product&p=184838,product,draft,260,0,11,8
817,South-Atlantic Transitional Pollinator Mix,https://naturesseed.com/?post_type=product&p=184793,product,draft,274,0,12,9
818,Great Plains Pollinator Mix,https://naturesseed.com/?post_type=product&p=184784,product,draft,272,0,12,9
819,Mid-West/Mid-Atlantic Pollinator Mix,https://naturesseed.com/?post_type=product&p=184766,product,draft,363,0,11,9
820,Pacific Northwest Pollinator Mix,https://naturesseed.com/?post_type=product&p=184748,product,draft,259,0,12,9
821,Crested Wheatgrass,https://naturesseed.com/?post_type=product&p=184740,product,draft,254,1,8,4
822,Bahia Grass,https://naturesseed.com/?post_type=product&p=184732,product,draft,293,1,7,3
823,Switchgrass Seed,https://naturesseed.com/?post_type=product&p=184713,product,draft,214,0,6,3
824,Indiangrass,https://naturesseed.com/?post_type=product&p=184687,product,draft,238,0,5,2
825,Blue Grama,https://naturesseed.com/?post_type=product&p=184676,product,draft,244,1,6,2
826,Common Bermudagrass,https://naturesseed.com/?post_type=product&p=184666,product,draft,306,1,6,3
827,Sideoats Grama,https://naturesseed.com/?post_type=product&p=184658,product,draft,218,1,7,3
828,Big Bluestem Grass Seed,https://naturesseed.com/?post_type=product&p=184648,product,draft,199,1,5,1
829,Buffalograss,https://naturesseed.com/?post_type=product&p=184639,product,draft,279,2,7,2
830,Crimson Clover Cover Crop Seed,https://naturesseed.com/products/clover-seed/crimsom-clover-crop-seed/,product,publish,155,0,4,1
831,Bottlebrush Squirreltail,https://naturesseed.com/?post_type=product&p=184622,product,draft,181,0,6,3
832,Slender Wheatgrass,https://naturesseed.com/?post_type=product&p=184614,product,draft,164,0,7,4
833,Dahurian Wildrye,https://naturesseed.com/?post_type=product&p=184606,product,draft,151,0,6,3
834,Switchgrass Seed,https://naturesseed.com/?post_type=product&p=184715,product,draft,134,0,6,3
835,Blue Grama,https://naturesseed.com/?post_type=product&p=184677,product,draft,404,2,6,2
836,Mountain Brome,https://naturesseed.com/?post_type=product&p=184598,product,draft,244,0,5,2
837,Sainfoin,https://naturesseed.com/?post_type=product&p=184590,product,draft,246,1,6,2
838,Yellow Sweet Clover,https://naturesseed.com/?post_type=product&p=184582,product,draft,254,0,6,3
839,Forage Chicory,https://naturesseed.com/?post_type=product&p=184574,product,draft,165,0,7,4
840,Smooth Brome,https://naturesseed.com/?post_type=product&p=184566,product,draft,258,1,6,2
841,Intermediate Wheatgrass,https://naturesseed.com/?post_type=product&p=184557,product,draft,158,1,8,4
842,White Clover Seeds,https://naturesseed.com/?post_type=product&p=184549,product,draft,263,2,7,2
843,Perennial Ryegrass,https://naturesseed.com/?post_type=product&p=184541,product,draft,277,2,8,3
844,Kentucky Bluegrass Pasture Seed,https://naturesseed.com/?post_type=product&p=184533,product,draft,201,2,8,2
845,Alfalfa Seeds,https://naturesseed.com/?post_type=product&p=184522,product,draft,853,2,8,4
846,Timothy Grass Seed,https://naturesseed.com/?post_type=product&p=184514,product,draft,211,0,5,2
847,Orchard Grass Seed,https://naturesseed.com/?post_type=product&p=184506,product,draft,1082,2,8,4
848,Meadow Brome,https://naturesseed.com/?post_type=product&p=184497,product,draft,264,1,6,2
849,Red Clover Seed,https://naturesseed.com/products/clover-seed/red-clover-seed/,product,publish,200,1,6,2
850,Alsike Clover Seed,https://naturesseed.com/products/clover-seed/alsike-clover-seed/,product,publish,259,1,5,1
851,Birdsfoot Trefoil,https://naturesseed.com/?post_type=product&p=184471,product,draft,216,0,6,3
852,Tall Fescue,https://naturesseed.com/?post_type=product&p=184452,product,draft,257,0,7,4
853,Tall Wheatgrass,https://naturesseed.com/?post_type=product&p=184444,product,draft,205,0,6,3
854,Tortoise Forage Mix,https://naturesseed.com/?post_type=product&p=184430,product,draft,533,2,24,20
855,Pacific Southwest Honey Bee Pasture Mix,https://naturesseed.com/?post_type=product&p=184417,product,draft,289,1,14,10
856,Florida Tropics Honey Bee Pasture Mix,https://naturesseed.com/?post_type=product&p=184405,product,draft,210,2,10,5
857,Great Lakes/New England Honey Bee Pasture Mix,https://naturesseed.com/?post_type=product&p=184393,product,draft,219,2,13,8
858,Southwest Transitional Honey Bee Pasture Mix,https://naturesseed.com/?post_type=product&p=184381,product,draft,226,3,17,12
859,Southwest Semi-Arid Steppe Honey Bee Pasture Mix,https://naturesseed.com/?post_type=product&p=184357,product,draft,384,1,9,6
860,Intermountain West Honey Bee Pasture Mix,https://naturesseed.com/?post_type=product&p=184345,product,draft,267,2,14,9
861,South-Atlantic Transitional Honey Bee Pasture Mix,https://naturesseed.com/?post_type=product&p=184333,product,draft,227,3,13,8
862,Great Plains Honey Bee Pasture Mix,https://naturesseed.com/?post_type=product&p=184321,product,draft,348,2,11,7
863,Mid-West/Mid-Atlantic Honey Bee Pasture Mix,https://naturesseed.com/?post_type=product&p=184309,product,draft,278,2,11,6
864,Pacific Northwest Honey Bee Pasture Mix,https://naturesseed.com/?post_type=product&p=184285,product,draft,341,2,13,9
865,Southwest Desert Honey Bee Pasture Mix,https://naturesseed.com/?post_type=product&p=184297,product,draft,345,1,11,8
866,Yellow Evening Primrose,https://naturesseed.com/?post_type=product&p=184265,product,draft,178,0,6,3
867,Rocky Mountain Penstemon,https://naturesseed.com/?post_type=product&p=184199,product,draft,171,1,6,2
868,Munro Globemallow,https://naturesseed.com/?post_type=product&p=184171,product,draft,176,0,6,3
869,Mountain Lupine,https://naturesseed.com/?post_type=product&p=184162,product,draft,167,1,6,2
870,Miniature Lupine,https://naturesseed.com/?post_type=product&p=184138,product,draft,254,1,7,3
871,Globe Gilia,https://naturesseed.com/?post_type=product&p=184120,product,draft,191,2,8,4
872,Garden Cosmos,https://naturesseed.com/?post_type=product&p=184111,product,draft,192,0,5,2
873,Coulter's Globemallow,https://naturesseed.com/?post_type=product&p=184101,product,draft,186,0,6,3
874,Blanket Flower,https://naturesseed.com/?post_type=product&p=184083,product,draft,1072,0,5,3
875,Arroyo Lupine,https://naturesseed.com/?post_type=product&p=184067,product,draft,181,1,6,2
876,Rocky Mountain Iris,https://naturesseed.com/?post_type=product&p=184053,product,draft,240,2,9,4
877,Bahia Grass Seed,https://naturesseed.com/?post_type=product&p=184045,product,draft,293,1,7,3
878,Mid-West/Mid-Atlantic Alpaca/Llama Forage Mix,https://naturesseed.com/?post_type=product&p=184017,product,draft,216,3,13,7
879,Great Plains Alpaca/Llama Forage Mix,https://naturesseed.com/?post_type=product&p=183996,product,draft,231,1,11,7
880,Southwest Transitional Alpaca/Llama Forage Mix,https://naturesseed.com/?post_type=product&p=183982,product,draft,243,1,13,9
881,Pacific Northwest Alpaca/Llama Forage Mix,https://naturesseed.com/?post_type=product&p=183961,product,draft,196,3,13,7
882,South-Atlantic Transitional Sheep Forage Mix,https://naturesseed.com/?post_type=product&p=183912,product,draft,159,2,13,8
883,Pacific Northwest Sheep Forage Mix,https://naturesseed.com/?post_type=product&p=183877,product,draft,109,3,11,5
884,South-Atlantic Transitional Dairy Cow Forage Mix,https://naturesseed.com/?post_type=product&p=183744,product,draft,237,3,18,12
885,South-Atlantic Transitional Beef Cattle Forage Mix,https://naturesseed.com/?post_type=product&p=183660,product,draft,209,1,13,9
886,South-Atlantic Transitional Horse Forage Mix,https://naturesseed.com/?post_type=product&p=183576,product,draft,299,4,13,6
887,Pacific Northwest Horse Forage Mix,https://naturesseed.com/?post_type=product&p=183541,product,draft,205,10,20,9
888,Great Lakes/New England Sheep Forage Mix,https://naturesseed.com/?post_type=product&p=183947,product,draft,192,3,13,7
889,Southern Subtropics Sheep Forage Mix,https://naturesseed.com/?post_type=product&p=183933,product,draft,206,3,16,10
890,Intermountain West Sheep Forage Mix,https://naturesseed.com/?post_type=product&p=183919,product,draft,238,4,13,6
891,Pacific Southwest Sheep Forage Mix,https://naturesseed.com/?post_type=product&p=183898,product,draft,221,4,18,11
892,Mid-West/Mid-Atlantic Sheep Forage Mix,https://naturesseed.com/?post_type=product&p=183891,product,draft,247,4,14,7
893,Southwest Desert Sheep Forage Mix,https://naturesseed.com/?post_type=product&p=183884,product,draft,178,3,16,10
894,Southwest Transitional Goat Forage Mix,https://naturesseed.com/?post_type=product&p=183856,product,draft,221,1,17,13
895,Southwest Semi-Arid Steppe Goat Forage Mix,https://naturesseed.com/?post_type=product&p=183842,product,draft,285,1,14,10
896,South-Atlantic Transitional Goat Forage Mix,https://naturesseed.com/?post_type=product&p=183828,product,draft,314,1,17,14
897,Great Plains Goat Forage Mix,https://naturesseed.com/?post_type=product&p=183821,product,draft,264,2,17,12
898,Pacific Southwest Goat Forage Mix,https://naturesseed.com/?post_type=product&p=183814,product,draft,256,2,17,12
899,Southwest Desert Goat Forage Mix,https://naturesseed.com/?post_type=product&p=183800,product,draft,246,2,15,10
900,Southwest Transitional Dairy Cow Forage Mix,https://naturesseed.com/?post_type=product&p=183772,product,draft,198,4,19,12
901,Southwest Desert Dairy Cow Forage Mix,https://naturesseed.com/?post_type=product&p=183716,product,draft,237,2,12,7
902,Pacific Southwest Dairy Cow Forage Mix,https://naturesseed.com/?post_type=product&p=183709,product,draft,180,4,16,9
903,Great Lakes/New England Beef Cattle Forage Mix,https://naturesseed.com/?post_type=product&p=183695,product,draft,237,3,16,10
904,Southwest Transitional Beef Cattle Forage Mix,https://naturesseed.com/?post_type=product&p=183688,product,draft,190,2,15,10
905,Southwest Semi-Arid Steppe Beef Cattle Forage Mix,https://naturesseed.com/?post_type=product&p=183674,product,draft,161,1,11,7
906,Intermountain West Beef Cattle Forage Mix,https://naturesseed.com/?post_type=product&p=183667,product,draft,199,4,16,9
907,Great Plains Beef Cattle Forage Mix,https://naturesseed.com/?post_type=product&p=183653,product,draft,278,4,16,9
908,Pacific Southwest Beef Cattle Forage Mix,https://naturesseed.com/?post_type=product&p=183646,product,draft,247,3,14,8
909,Florida Tropics Horse Forage Mix,https://naturesseed.com/?post_type=product&p=183618,product,draft,174,2,11,6
910,Great Lakes/New England Horse Forage Mix,https://naturesseed.com/?post_type=product&p=183611,product,draft,280,8,20,11
911,Intermountain West Horse Forage Mix,https://naturesseed.com/?post_type=product&p=183583,product,draft,188,6,17,8
912,Great Plains Horse Forage Mix,https://naturesseed.com/?post_type=product&p=183569,product,draft,269,2,13,8
913,Pacific Southwest Horse Forage Mix,https://naturesseed.com/?post_type=product&p=183562,product,draft,268,3,15,9
914,Mid-West/Mid-Atlantic Horse Forage Mix,https://naturesseed.com/?post_type=product&p=183555,product,draft,183,6,18,9
915,Sheep Fescue Grass,https://naturesseed.com/?post_type=product&p=183533,product,draft,244,0,5,2
916,Brittlebush,https://naturesseed.com/?post_type=product&p=183521,product,draft,199,1,6,2
917,Desert Globemallow,https://naturesseed.com/?post_type=product&p=183502,product,draft,200,2,8,4
918,Firecracker Penstemon,https://naturesseed.com/?post_type=product&p=183490,product,draft,169,0,6,3
919,Parry Penstemon,https://naturesseed.com/?post_type=product&p=183463,product,draft,210,0,5,2
920,Desert Bluebells,https://naturesseed.com/?post_type=product&p=183445,product,draft,199,2,8,4
921,Owl’s Clover,https://naturesseed.com/?post_type=product&p=183436,product,draft,204,3,11,5
922,Desert Lupine,https://naturesseed.com/?post_type=product&p=183426,product,draft,152,2,9,5
923,Arizona Lupine,https://naturesseed.com/?post_type=product&p=183417,product,draft,197,2,9,5
924,Showy Goldeneye,https://naturesseed.com/?post_type=product&p=183371,product,draft,187,0,5,2
925,Five Spot,https://naturesseed.com/?post_type=product&p=183344,product,draft,195,2,9,4
926,Purple Prairie Clover,https://naturesseed.com/?post_type=product&p=183335,product,draft,200,2,8,4
927,Bird’s Eye Gilia,https://naturesseed.com/?post_type=product&p=183326,product,draft,209,2,9,5
928,Clasping Coneflower,https://naturesseed.com/?post_type=product&p=183317,product,draft,197,1,8,4
929,Utah Sweetvetch,https://naturesseed.com/?post_type=product&p=183308,product,draft,196,0,5,2
930,Baby Blue Eyes,https://naturesseed.com/?post_type=product&p=183279,product,draft,199,1,7,3
931,Wild Lupine,https://naturesseed.com/?post_type=product&p=183260,product,draft,607,0,4,2
932,Lewis Blue Flax,https://naturesseed.com/?post_type=product&p=183191,product,draft,165,0,5,2
933,Black-Eyed Susan,https://naturesseed.com/?post_type=product&p=183232,product,draft,246,2,8,4
934,Purple Coneflower,https://naturesseed.com/?post_type=product&p=183211,product,draft,1269,0,8,6
935,Yellow Prairie Coneflower,https://naturesseed.com/?post_type=product&p=183201,product,draft,212,0,7,4
936,California Bluebell,https://naturesseed.com/?post_type=product&p=183182,product,draft,196,0,5,2
937,Farewell-To-Spring,https://naturesseed.com/?post_type=product&p=183173,product,draft,201,0,6,3
938,Chinese Houses,https://naturesseed.com/?post_type=product&p=183164,product,draft,195,1,8,4
939,African Daisy,https://naturesseed.com/?post_type=product&p=183155,product,draft,164,0,5,2
940,California Poppy Seeds,https://naturesseed.com/?post_type=product&p=183139,product,draft,587,1,7,3
941,Plains Coreopsis,https://naturesseed.com/?post_type=product&p=183112,product,draft,193,0,5,2
942,Mountain Phlox,https://naturesseed.com/?post_type=product&p=183102,product,draft,199,1,7,3
943,Baby Snapdragon,https://naturesseed.com/?post_type=product&p=183093,product,draft,200,1,7,3
944,Shirley Poppy,https://naturesseed.com/?post_type=product&p=183084,product,draft,141,0,6,3
945,Lemon Beebalm,https://naturesseed.com/?post_type=product&p=183075,product,draft,195,0,6,3
946,Bachelor Button,https://naturesseed.com/?post_type=product&p=183066,product,draft,159,0,6,3
947,Baby’s Breath,https://naturesseed.com/?post_type=product&p=183057,product,draft,113,0,5,2
948,Rocky Mountain Beeplant,https://naturesseed.com/?post_type=product&p=183048,product,draft,166,0,7,4
949,Scarlet Flax,https://naturesseed.com/?post_type=product&p=183030,product,draft,194,0,5,2
950,Sulphur Cosmos,https://naturesseed.com/?post_type=product&p=183020,product,draft,190,0,7,4
951,Deer Resistant Wildflower Mix,https://naturesseed.com/?post_type=product&p=406948,product,draft,350,1,5,2
952,Deer Resistant Wildflower Mix,https://naturesseed.com/?post_type=product&p=406947,product,draft,0,0,3,0
953,Deer Resistant Wildflower Seed Mix,https://naturesseed.com/?post_type=product&p=182995,product,draft,494,4,19,12
954,Southern Subtropics Dryland Pasture Mix,https://naturesseed.com/?post_type=product&p=182982,product,draft,195,1,13,9
955,South-Atlantic Transitional Dryland Pasture Mix,https://naturesseed.com/?post_type=product&p=182975,product,draft,237,3,11,5
956,Mid-West/Mid-Atlantic Dryland Pasture Mix,https://naturesseed.com/?post_type=product&p=182968,product,draft,282,5,15,8
957,Great Lakes/New England Dryland Pasture Mix,https://naturesseed.com/?post_type=product&p=182961,product,draft,229,3,12,6
958,Great Plains Dryland Pasture Mix,https://naturesseed.com/?post_type=product&p=182954,product,draft,187,2,11,6
959,Southwest Desert Dryland Pasture Mix,https://naturesseed.com/?post_type=product&p=182940,product,draft,258,1,12,8
960,Southwest Transitional Dryland Pasture Mix,https://naturesseed.com/?post_type=product&p=182926,product,draft,194,3,13,8
961,Intermountain West Dryland Pasture Mix,https://naturesseed.com/?post_type=product&p=182912,product,draft,244,1,11,7
962,Low Maintenance Seed Mix,https://naturesseed.com/?post_type=product&p=182898,product,draft,176,0,5,2
963,Organic Maintenance Fertilizer 18-1-8+fe,https://naturesseed.com/?post_type=product&p=182885,product,draft,240,0,3,0
964,Organic Seed Starter Fertilizer 4-6-4,https://naturesseed.com/?post_type=product&p=182882,product,draft,296,0,7,4
965,"Seed Aide - Cover Grow, Water Retaining Seed Starting Mulch",https://naturesseed.com/?post_type=product&p=182877,product,draft,498,0,3,1
966,White Dutch Clover Seeds - 10 lbs,https://naturesseed.com/?post_type=product&p=406923,product,draft,0,0,3,0
967,White Dutch Clover Seeds,https://naturesseed.com/?post_type=product&p=182868,product,draft,2164,7,20,12
968,Annual Wildflower Mix,https://naturesseed.com/?post_type=product&p=182858,product,draft,547,2,19,15
969,Sun &amp; Shade Wildflower Mix,https://naturesseed.com/?post_type=product&p=182849,product,draft,372,2,23,18
970,Low Growing Wildflower Mix,https://naturesseed.com/?post_type=product&p=182841,product,draft,440,2,15,10
971,Southeast Wildflower Mix,https://naturesseed.com/?post_type=product&p=182833,product,draft,487,1,18,14
972,Sonoran Desert Wildflower Mix,https://naturesseed.com/products/wilflower-seed/sonoran-desert-wildflower-mix/,product,publish,0,0,3,0
973,Southwest Wildflower Mix,https://naturesseed.com/?post_type=product&p=182817,product,draft,406,2,17,12
974,Rocky Mountain Wildflower Mix,https://naturesseed.com/?post_type=product&p=182803,product,draft,574,2,26,22
975,Northwest Wildflower Mix,https://naturesseed.com/?post_type=product&p=182795,product,draft,495,2,23,18
976,Northeast Wildflower Mix,https://naturesseed.com/?post_type=product&p=182787,product,draft,488,2,23,18
977,Midwest Wildflower Mix,https://naturesseed.com/?post_type=product&p=182779,product,draft,462,2,24,19
978,Great Basin Wildflower Mix,https://naturesseed.com/?post_type=product&p=182768,product,draft,450,2,21,16
979,California & More Wildflower Seed Mix,https://naturesseed.com/?post_type=product&p=182760,product,draft,1056,8,31,23
980,Bermuda Grass Turf Seed Mix (Coated),https://naturesseed.com/?post_type=product&p=182744,product,draft,1338,6,14,7
981,TWCA Water-Wise Northeast Grass Seed Mix,https://naturesseed.com/?post_type=product&p=182731,product,draft,709,3,11,7
982,Northwest Seed Mix,https://naturesseed.com/?post_type=product&p=182722,product,draft,326,5,8,2
983,Buffalograss Turf Seed Blend,https://naturesseed.com/?post_type=product&p=182713,product,draft,393,2,8,4
984,Fine Fescue Grass Seed Mix,https://naturesseed.com/?post_type=product&p=182697,product,draft,720,5,13,8
985,Perennial Ryegrass Seed Blend,https://naturesseed.com/?post_type=product&p=182677,product,draft,327,3,8,3
986,TWCA Water-Wise Sun and Shade Turf Mix,https://naturesseed.com/?post_type=product&p=182663,product,draft,487,3,16,11
987,Triple-Play Turf Type Tall Fescue Seed Blend,https://naturesseed.com/?post_type=product&p=182643,product,draft,1177,6,19,12
988,Velvet Blue Seed Blend,https://naturesseed.com/?post_type=product&p=182625,product,draft,336,4,9,3
989,TWCA Water-Wise Blue Ribbon Mix,https://naturesseed.com/?post_type=product&p=406883,product,draft,420,3,5,0
990,TWCA Water-Wise Blue Ribbon Mix,https://naturesseed.com/?post_type=product&p=182603,product,draft,1329,8,18,9
