content_id,title,url,post_type,topic_slug,subtopic_slug,product_slug
1,"How to Overseed Pasture Seed for a Healthier, More Productive Field",https://naturesseed.com/?p=444495,post,unclassified,,kentucky-bluegrass-2
1,"How to Overseed Pasture Seed for a Healthier, More Productive Field",https://naturesseed.com/?p=444495,post,unclassified,,perennial-ryegrass-2
1,"How to Overseed Pasture Seed for a Healthier, More Productive Field",https://naturesseed.com/?p=444495,post,unclassified,,bluegrass-water-wise-lawn-mix-twca-certified
1,"How to Overseed Pasture Seed for a Healthier, More Productive Field",https://naturesseed.com/?p=444495,post,unclassified,,blue-ribbon-water-wise-lawn-mix-twca-certified
2,Soil Preparation for Pasture Seeding: Set the Stage for Healthy Growth,https://naturesseed.com/?p=444490,post,unclassified,,
3,Pasture Maintenance Tips: How to Keep Your Forage Healthy Year-Round,https://naturesseed.com/?p=444487,post,unclassified,,
4,Common Pasture Weeds: Identification and Control Strategies,https://naturesseed.com/?p=444484,post,unclassified,,
5,How to Water Grass Seed the Right Way: Techniques for Stronger Growth,https://naturesseed.com/?p=444481,post,unclassified,,products-pasture-seed-bahia-grass
5,How to Water Grass Seed the Right Way: Techniques for Stronger Growth,https://naturesseed.com/?p=444481,post,unclassified,,blue-eyed-grass-2
6,Best Grass Seed for Your Climate,https://naturesseed.com/?p=441660,post,unclassified,,perennial-ryegrass-2
6,Best Grass Seed for Your Climate,https://naturesseed.com/?p=441660,post,unclassified,,kentucky-bluegrass-2
6,Best Grass Seed for Your Climate,https://naturesseed.com/?p=441660,post,unclassified,,products-pasture-seed-bahia-grass
6,Best Grass Seed for Your Climate,https://naturesseed.com/?p=441660,post,unclassified,,bluegrass-water-wise-lawn-mix-twca-certified
6,Best Grass Seed for Your Climate,https://naturesseed.com/?p=441660,post,unclassified,,blue-ribbon-water-wise-lawn-mix-twca-certified
6,Best Grass Seed for Your Climate,https://naturesseed.com/?p=441660,post,unclassified,,products-pasture-seed-buffalograss
6,Best Grass Seed for Your Climate,https://naturesseed.com/?p=441660,post,unclassified,,blue-eyed-grass-2
7,Choosing the Right Pasture Seed Mix for Your Livestock,https://naturesseed.com/?p=441653,post,unclassified,,perennial-ryegrass-2
7,Choosing the Right Pasture Seed Mix for Your Livestock,https://naturesseed.com/?p=441653,post,unclassified,,kentucky-bluegrass-2
7,Choosing the Right Pasture Seed Mix for Your Livestock,https://naturesseed.com/?p=441653,post,unclassified,,products-pasture-seed-cattle-dairy-cow-pasture-mix-for-warm-season
7,Choosing the Right Pasture Seed Mix for Your Livestock,https://naturesseed.com/?p=441653,post,unclassified,,products-pasture-seed-cattle-dairy-cow-pasture-mix-cold-warm-season
7,Choosing the Right Pasture Seed Mix for Your Livestock,https://naturesseed.com/?p=441653,post,unclassified,,products-pasture-seed-orchardgrass
8,Pasture Grasses for High Traffic Areas,https://naturesseed.com/?p=441007,post,unclassified,,perennial-ryegrass-2
8,Pasture Grasses for High Traffic Areas,https://naturesseed.com/?p=441007,post,unclassified,,kentucky-bluegrass-2
8,Pasture Grasses for High Traffic Areas,https://naturesseed.com/?p=441007,post,unclassified,,products-pasture-seed-bahia-grass
8,Pasture Grasses for High Traffic Areas,https://naturesseed.com/?p=441007,post,unclassified,,perennial-ryegrass-fast-growing-lawn-mix
8,Pasture Grasses for High Traffic Areas,https://naturesseed.com/?p=441007,post,unclassified,,blue-eyed-grass-2
9,What to Avoid When Buying Grass Seed,https://naturesseed.com/?p=441008,post,unclassified,,fine-fescue-low-water-maintenance-turf-mix
9,What to Avoid When Buying Grass Seed,https://naturesseed.com/?p=441008,post,unclassified,,products-pasture-seed-bahia-grass
9,What to Avoid When Buying Grass Seed,https://naturesseed.com/?p=441008,post,unclassified,,perennial-ryegrass-2
9,What to Avoid When Buying Grass Seed,https://naturesseed.com/?p=441008,post,unclassified,,sheep-fescue-grass-2
9,What to Avoid When Buying Grass Seed,https://naturesseed.com/?p=441008,post,unclassified,,products-pasture-seed-tall-fescue
9,What to Avoid When Buying Grass Seed,https://naturesseed.com/?p=441008,post,unclassified,,products-pasture-seed-timothy
9,What to Avoid When Buying Grass Seed,https://naturesseed.com/?p=441008,post,unclassified,,california-native-lawn-alternative-mix
9,What to Avoid When Buying Grass Seed,https://naturesseed.com/?p=441008,post,unclassified,,blue-eyed-grass-2
9,What to Avoid When Buying Grass Seed,https://naturesseed.com/?p=441008,post,unclassified,,products-pasture-seed-native-cabin-grass-mix
9,What to Avoid When Buying Grass Seed,https://naturesseed.com/?p=441008,post,unclassified,,texas-native-lawn-mix
10,The Importance of High Quality Grass Seed,https://naturesseed.com/?p=441005,post,unclassified,,products-pasture-seed-bahia-grass
10,The Importance of High Quality Grass Seed,https://naturesseed.com/?p=441005,post,unclassified,,blue-eyed-grass-2
11,Nature’s Seed is Bringing You More Video Content!,https://naturesseed.com/?p=427998,post,unclassified,,products-pasture-seed-bahia-grass
11,Nature’s Seed is Bringing You More Video Content!,https://naturesseed.com/?p=427998,post,unclassified,,blue-eyed-grass-2
12,Are Lawns Bad for the Environment?,https://naturesseed.com/?p=428001,post,unclassified,,perennial-ryegrass-2
13,Jimmy Lewis Mows & Nature’s Seed: The Story Behind Jimmy’s Blue Ribbon Premium Grass Seed Mix,https://naturesseed.com/?p=428015,post,unclassified,,perennial-ryegrass-2
13,Jimmy Lewis Mows & Nature’s Seed: The Story Behind Jimmy’s Blue Ribbon Premium Grass Seed Mix,https://naturesseed.com/?p=428015,post,unclassified,,kentucky-bluegrass-2
13,Jimmy Lewis Mows & Nature’s Seed: The Story Behind Jimmy’s Blue Ribbon Premium Grass Seed Mix,https://naturesseed.com/?p=428015,post,unclassified,,products-pasture-seed-bahia-grass
13,Jimmy Lewis Mows & Nature’s Seed: The Story Behind Jimmy’s Blue Ribbon Premium Grass Seed Mix,https://naturesseed.com/?p=428015,post,unclassified,,perennial-ryegrass-fast-growing-lawn-mix
13,Jimmy Lewis Mows & Nature’s Seed: The Story Behind Jimmy’s Blue Ribbon Premium Grass Seed Mix,https://naturesseed.com/?p=428015,post,unclassified,,bluegrass-water-wise-lawn-mix-twca-certified
13,Jimmy Lewis Mows & Nature’s Seed: The Story Behind Jimmy’s Blue Ribbon Premium Grass Seed Mix,https://naturesseed.com/?p=428015,post,unclassified,,blue-ribbon-water-wise-lawn-mix-twca-certified
13,Jimmy Lewis Mows & Nature’s Seed: The Story Behind Jimmy’s Blue Ribbon Premium Grass Seed Mix,https://naturesseed.com/?p=428015,post,unclassified,,blue-eyed-grass-2
14,How to Store Grass Seed: Tips to Keep Your Seeds Viable for Years,https://naturesseed.com/?p=417371,post,unclassified,,
15,How to Take Care of Bermuda Grass,https://naturesseed.com/?p=416192,post,unclassified,,products-pasture-seed-bahia-grass
15,How to Take Care of Bermuda Grass,https://naturesseed.com/?p=416192,post,unclassified,,triblade-elite-bermudagrass-lawn-mix-2
15,How to Take Care of Bermuda Grass,https://naturesseed.com/?p=416192,post,unclassified,,blue-eyed-grass-2
16,Cool Season Grass Overseeding: A Complete Guide for a Healthy Lawn,https://naturesseed.com/?p=414897,post,unclassified,,perennial-ryegrass-2
16,Cool Season Grass Overseeding: A Complete Guide for a Healthy Lawn,https://naturesseed.com/?p=414897,post,unclassified,,kentucky-bluegrass-2
16,Cool Season Grass Overseeding: A Complete Guide for a Healthy Lawn,https://naturesseed.com/?p=414897,post,unclassified,,products-pasture-seed-bahia-grass
16,Cool Season Grass Overseeding: A Complete Guide for a Healthy Lawn,https://naturesseed.com/?p=414897,post,unclassified,,perennial-ryegrass-fast-growing-lawn-mix
16,Cool Season Grass Overseeding: A Complete Guide for a Healthy Lawn,https://naturesseed.com/?p=414897,post,unclassified,,blue-ribbon-water-wise-lawn-mix-twca-certified
16,Cool Season Grass Overseeding: A Complete Guide for a Healthy Lawn,https://naturesseed.com/?p=414897,post,unclassified,,blue-eyed-grass-2
17,Best Grass Seed to Buy,https://naturesseed.com/?p=408323,post,unclassified,,perennial-ryegrass-2
17,Best Grass Seed to Buy,https://naturesseed.com/?p=408323,post,unclassified,,kentucky-bluegrass-2
17,Best Grass Seed to Buy,https://naturesseed.com/?p=408323,post,unclassified,,products-pasture-seed-bahia-grass
17,Best Grass Seed to Buy,https://naturesseed.com/?p=408323,post,unclassified,,perennial-ryegrass-fast-growing-lawn-mix
17,Best Grass Seed to Buy,https://naturesseed.com/?p=408323,post,unclassified,,products-pasture-seed-buffalograss
17,Best Grass Seed to Buy,https://naturesseed.com/?p=408323,post,unclassified,,blue-eyed-grass-2
18,Best Native Plants for the Midwest,https://naturesseed.com/?p=407079,post,unclassified,,
19,Best Cover Crops for the Midwest,https://naturesseed.com/?p=407072,post,unclassified,,
20,Best Pasture Seed for the Midwest,https://naturesseed.com/?p=407067,post,unclassified,,products-pasture-seed-alfalfa-seeds
21,Best Time to Plant Grass Seed: Based On Type & Region,https://naturesseed.com/?p=401597,post,unclassified,,kentucky-bluegrass-2
21,Best Time to Plant Grass Seed: Based On Type & Region,https://naturesseed.com/?p=401597,post,unclassified,,products-pasture-seed-bahia-grass
21,Best Time to Plant Grass Seed: Based On Type & Region,https://naturesseed.com/?p=401597,post,unclassified,,blue-eyed-grass-2
22,How to Plant and Grow St. Augustine Grass Seed,https://naturesseed.com/?p=401591,post,unclassified,,products-pasture-seed-buffalograss
22,How to Plant and Grow St. Augustine Grass Seed,https://naturesseed.com/?p=401591,post,unclassified,,products-pasture-seed-bahia-grass
22,How to Plant and Grow St. Augustine Grass Seed,https://naturesseed.com/?p=401591,post,unclassified,,triblade-elite-bermudagrass-lawn-mix-2
22,How to Plant and Grow St. Augustine Grass Seed,https://naturesseed.com/?p=401591,post,unclassified,,blue-eyed-grass-2
22,How to Plant and Grow St. Augustine Grass Seed,https://naturesseed.com/?p=401591,post,unclassified,,sundancer-buffalograss-lawn-seed
23,How Often Should You Water New Grass Seed,https://naturesseed.com/?p=401584,post,unclassified,,kentucky-bluegrass-2
23,How Often Should You Water New Grass Seed,https://naturesseed.com/?p=401584,post,unclassified,,products-pasture-seed-bahia-grass
23,How Often Should You Water New Grass Seed,https://naturesseed.com/?p=401584,post,unclassified,,blue-eyed-grass-2
24,Conservation Seed Planting Instructions,https://naturesseed.com/?p=355571,post,unclassified,,
25,Wildflower Seed Planting Instructions,https://naturesseed.com/?p=355569,post,unclassified,,
26,Clover Seed Planting Instructions,https://naturesseed.com/?p=355567,post,unclassified,,rice-hulls-planting-aid
26,Clover Seed Planting Instructions,https://naturesseed.com/?p=355567,post,unclassified,,alsike-clover
26,Clover Seed Planting Instructions,https://naturesseed.com/?p=355567,post,unclassified,,red-clover
26,Clover Seed Planting Instructions,https://naturesseed.com/?p=355567,post,unclassified,,white-dutch-clover-seeds-2
26,Clover Seed Planting Instructions,https://naturesseed.com/?p=355567,post,unclassified,,white-clover-2
27,Lawn Seed Planting Instructions,https://naturesseed.com/?p=355568,post,unclassified,,perennial-ryegrass-2
27,Lawn Seed Planting Instructions,https://naturesseed.com/?p=355568,post,unclassified,,kentucky-bluegrass-2
28,Pasture Seed Planting Instructions,https://naturesseed.com/?p=355570,post,unclassified,,
29,Spring Lawn Prep and Maintenance,https://naturesseed.com/?p=191713,post,unclassified,,
30,Switchgrass (Panicum Virgatum): A Native Grass with Many Uses,https://naturesseed.com/?p=191710,post,unclassified,,products-pasture-seed-bahia-grass
30,Switchgrass (Panicum Virgatum): A Native Grass with Many Uses,https://naturesseed.com/?p=191710,post,unclassified,,products-pasture-seed-switchgrass-seed
30,Switchgrass (Panicum Virgatum): A Native Grass with Many Uses,https://naturesseed.com/?p=191710,post,unclassified,,blue-eyed-grass-2
31,What is NPK in Fertilizer?,https://naturesseed.com/?p=191706,post,unclassified,,
32,Lawn Care Basics for New and Experienced Home Owners,https://naturesseed.com/?p=191703,post,unclassified,,perennial-ryegrass-2
32,Lawn Care Basics for New and Experienced Home Owners,https://naturesseed.com/?p=191703,post,unclassified,,kentucky-bluegrass-2
32,Lawn Care Basics for New and Experienced Home Owners,https://naturesseed.com/?p=191703,post,unclassified,,perennial-ryegrass-fast-growing-lawn-mix
32,Lawn Care Basics for New and Experienced Home Owners,https://naturesseed.com/?p=191703,post,unclassified,,bluegrass-water-wise-lawn-mix-twca-certified
32,Lawn Care Basics for New and Experienced Home Owners,https://naturesseed.com/?p=191703,post,unclassified,,blue-ribbon-water-wise-lawn-mix-twca-certified
32,Lawn Care Basics for New and Experienced Home Owners,https://naturesseed.com/?p=191703,post,unclassified,,white-dutch-clover-seeds-2
32,Lawn Care Basics for New and Experienced Home Owners,https://naturesseed.com/?p=191703,post,unclassified,,products-pasture-seed-buffalograss
32,Lawn Care Basics for New and Experienced Home Owners,https://naturesseed.com/?p=191703,post,unclassified,,lawn-alternative-clover-mix
33,California Wildflower & Grass Seeding Guide,https://naturesseed.com/?p=191699,post,unclassified,,
34,How To Prepare Your Property To Cope With Natural Disaster,https://naturesseed.com/?p=191696,post,unclassified,,california-poppy-2
35,How to Plant Wildflower Seeds: Our Ultimate Guide,https://naturesseed.com/?p=191693,post,unclassified,,perennial-ryegrass-2
35,How to Plant Wildflower Seeds: Our Ultimate Guide,https://naturesseed.com/?p=191693,post,unclassified,,california-native-wildflower-mix-4
35,How to Plant Wildflower Seeds: Our Ultimate Guide,https://naturesseed.com/?p=191693,post,unclassified,,annual-wildflower-mix-2
35,How to Plant Wildflower Seeds: Our Ultimate Guide,https://naturesseed.com/?p=191693,post,unclassified,,jimmys-perennial-wildflower-mix
35,How to Plant Wildflower Seeds: Our Ultimate Guide,https://naturesseed.com/?p=191693,post,unclassified,,texas-native-wildflower-mix
35,How to Plant Wildflower Seeds: Our Ultimate Guide,https://naturesseed.com/?p=191693,post,unclassified,,florida-native-wildflower-mix
36,Guide to a Perfect Putting Green in Your Yard,https://naturesseed.com/?p=191690,post,unclassified,,
37,Native Wildflower Series: New York State,https://naturesseed.com/?p=191687,post,unclassified,,perennial-ryegrass-2
37,Native Wildflower Series: New York State,https://naturesseed.com/?p=191687,post,unclassified,,western-yarrow-2
38,The Micro Clover Lawn Trend: How Great is Microclover?,https://naturesseed.com/?p=191684,post,unclassified,,kentucky-bluegrass-2
38,The Micro Clover Lawn Trend: How Great is Microclover?,https://naturesseed.com/?p=191684,post,unclassified,,white-dutch-clover-seeds-2
38,The Micro Clover Lawn Trend: How Great is Microclover?,https://naturesseed.com/?p=191684,post,unclassified,,micro-clover-seed-2
38,The Micro Clover Lawn Trend: How Great is Microclover?,https://naturesseed.com/?p=191684,post,unclassified,,white-clover-2
38,The Micro Clover Lawn Trend: How Great is Microclover?,https://naturesseed.com/?p=191684,post,unclassified,,bluegrass-water-wise-lawn-mix-twca-certified
39,Introducing the California Collection,https://naturesseed.com/?p=191681,post,unclassified,,california-poppy-2
39,Introducing the California Collection,https://naturesseed.com/?p=191681,post,unclassified,,california-habitat-mix-3
39,Introducing the California Collection,https://naturesseed.com/?p=191681,post,unclassified,,texas-native-wildflower-mix
40,Where Do Floods Occur Most Often in the United States? 4 States with the Most Flooding,https://naturesseed.com/?p=191677,post,unclassified,,
41,Smart Irrigation Month,https://naturesseed.com/?p=191672,post,unclassified,,perennial-ryegrass-2
41,Smart Irrigation Month,https://naturesseed.com/?p=191672,post,unclassified,,rice-hulls-planting-aid
41,Smart Irrigation Month,https://naturesseed.com/?p=191672,post,unclassified,,kentucky-bluegrass-2
42,Pasture Pig Forage Mixes,https://naturesseed.com/?p=191669,post,unclassified,,kentucky-bluegrass-2
42,Pasture Pig Forage Mixes,https://naturesseed.com/?p=191669,post,unclassified,,red-clover
42,Pasture Pig Forage Mixes,https://naturesseed.com/?p=191669,post,unclassified,,pig-pasture-forage-mix
42,Pasture Pig Forage Mixes,https://naturesseed.com/?p=191669,post,unclassified,,white-dutch-clover-seeds-2
42,Pasture Pig Forage Mixes,https://naturesseed.com/?p=191669,post,unclassified,,products-pasture-seed-orchardgrass
42,Pasture Pig Forage Mixes,https://naturesseed.com/?p=191669,post,unclassified,,products-pasture-seed-alfalfa-seeds
42,Pasture Pig Forage Mixes,https://naturesseed.com/?p=191669,post,unclassified,,white-clover-2
43,Summer Lawn Care & Maintenance,https://naturesseed.com/?p=191662,post,unclassified,,organic-seed-starter-fertilizer-4-6-4-2
43,Summer Lawn Care & Maintenance,https://naturesseed.com/?p=191662,post,unclassified,,organic-maintenance-fertilizer-18-1-8fe
43,Summer Lawn Care & Maintenance,https://naturesseed.com/?p=191662,post,unclassified,,perennial-ryegrass-2
43,Summer Lawn Care & Maintenance,https://naturesseed.com/?p=191662,post,unclassified,,kentucky-bluegrass-2
43,Summer Lawn Care & Maintenance,https://naturesseed.com/?p=191662,post,unclassified,,products-pasture-seed-buffalograss
44,What Should I Plant to Attract Pollinators?,https://naturesseed.com/?p=191659,post,unclassified,,california-poppy-2
44,What Should I Plant to Attract Pollinators?,https://naturesseed.com/?p=191659,post,unclassified,,perennial-ryegrass-2
44,What Should I Plant to Attract Pollinators?,https://naturesseed.com/?p=191659,post,unclassified,,butterfly-milkweed
44,What Should I Plant to Attract Pollinators?,https://naturesseed.com/?p=191659,post,unclassified,,blue-eyed-grass-2
44,What Should I Plant to Attract Pollinators?,https://naturesseed.com/?p=191659,post,unclassified,,drummond-phlox-seeds
45,Native Grass Series: California State,https://naturesseed.com/?p=191655,post,unclassified,,california-poppy-2
45,Native Grass Series: California State,https://naturesseed.com/?p=191655,post,unclassified,,products-pasture-seed-blue-grama
45,Native Grass Series: California State,https://naturesseed.com/?p=191655,post,unclassified,,blue-eyed-grass-2
46,Native Grass Series: Washington State,https://naturesseed.com/?p=191649,post,unclassified,,
47,Introducing Our New Seed Specialist: Marinna,https://naturesseed.com/?p=191646,post,unclassified,,
48,The Localscapes Way: Rethinking the Role of Lawn,https://naturesseed.com/?p=191640,post,unclassified,,kentucky-bluegrass-2
48,The Localscapes Way: Rethinking the Role of Lawn,https://naturesseed.com/?p=191640,post,unclassified,,products-pasture-seed-buffalograss
49,Nature’s Seed Customer Highlight: Jimmy Lewis,https://naturesseed.com/?p=191631,post,unclassified,,
50,The Ultimate Guide for Improving Clay Soil for Thriving Plant Growth,https://naturesseed.com/?p=191628,post,unclassified,,
51,Nature’s Seed Turns 10 Years Old!,https://naturesseed.com/?p=191625,post,unclassified,,
52,6 Ways to Recycle Your Halloween Pumpkins:,https://naturesseed.com/?p=191622,post,unclassified,,
53,How to make a Fairy Garden,https://naturesseed.com/?p=191619,post,unclassified,,
54,What is Your Horse Trying to Tell You?,https://naturesseed.com/?p=191616,post,unclassified,,perennial-ryegrass-2
54,What is Your Horse Trying to Tell You?,https://naturesseed.com/?p=191616,post,unclassified,,kentucky-bluegrass-2
54,What is Your Horse Trying to Tell You?,https://naturesseed.com/?p=191616,post,unclassified,,blue-ribbon-water-wise-lawn-mix-twca-certified
55,Popular Bermuda Grass Varieties,https://naturesseed.com/?p=191613,post,unclassified,,products-pasture-seed-bahia-grass
55,Popular Bermuda Grass Varieties,https://naturesseed.com/?p=191613,post,unclassified,,blue-eyed-grass-2
56,The Ultimate Pollinator Seed Guide,https://naturesseed.com/?p=191610,post,unclassified,,
57,What’s the Perfect Time to Plant Lawn Seed?,https://naturesseed.com/?p=190074,post,unclassified,,perennial-ryegrass-2
57,What’s the Perfect Time to Plant Lawn Seed?,https://naturesseed.com/?p=190074,post,unclassified,,kentucky-bluegrass-2
57,What’s the Perfect Time to Plant Lawn Seed?,https://naturesseed.com/?p=190074,post,unclassified,,perennial-ryegrass-fast-growing-lawn-mix
57,What’s the Perfect Time to Plant Lawn Seed?,https://naturesseed.com/?p=190074,post,unclassified,,blue-ribbon-water-wise-lawn-mix-twca-certified
58,Best Grass Seed for Shade and Poor Soil,https://naturesseed.com/?p=234,post,unclassified,,perennial-ryegrass-2
58,Best Grass Seed for Shade and Poor Soil,https://naturesseed.com/?p=234,post,unclassified,,kentucky-bluegrass-2
58,Best Grass Seed for Shade and Poor Soil,https://naturesseed.com/?p=234,post,unclassified,,blue-ribbon-water-wise-lawn-mix-twca-certified
59,Penstemons: Summer’s Favorite Flowers,https://naturesseed.com/?p=191605,post,unclassified,,
60,Not Your Mother’s Earth Day Plans,https://naturesseed.com/?p=191602,post,unclassified,,
61,A Guide to Grass Seed Germination,https://naturesseed.com/?p=190077,post,unclassified,,products-pasture-seed-bahia-grass
61,A Guide to Grass Seed Germination,https://naturesseed.com/?p=190077,post,unclassified,,products-pasture-seed-orchardgrass
61,A Guide to Grass Seed Germination,https://naturesseed.com/?p=190077,post,unclassified,,products-pasture-seed-alfalfa-seeds
61,A Guide to Grass Seed Germination,https://naturesseed.com/?p=190077,post,unclassified,,products-pasture-seed-buffalograss
61,A Guide to Grass Seed Germination,https://naturesseed.com/?p=190077,post,unclassified,,products-pasture-seed-common-buckwheat
61,A Guide to Grass Seed Germination,https://naturesseed.com/?p=190077,post,unclassified,,blue-eyed-grass-2
61,A Guide to Grass Seed Germination,https://naturesseed.com/?p=190077,post,unclassified,,brittlebush-2
62,Keeping it Local with Basil & Rose,https://naturesseed.com/?p=191598,post,unclassified,,
63,How to Kill Weeds and Dandelions in Your Lawn,https://naturesseed.com/?p=190282,post,unclassified,,products-pasture-seed-bahia-grass
63,How to Kill Weeds and Dandelions in Your Lawn,https://naturesseed.com/?p=190282,post,unclassified,,white-clover-2
63,How to Kill Weeds and Dandelions in Your Lawn,https://naturesseed.com/?p=190282,post,unclassified,,blue-eyed-grass-2
64,Meet the Newest Nature’s Seed Team Member,https://naturesseed.com/?p=191592,post,unclassified,,
65,How to Plant Grass Seed in Spring,https://naturesseed.com/?p=191589,post,unclassified,,perennial-ryegrass-2
65,How to Plant Grass Seed in Spring,https://naturesseed.com/?p=191589,post,unclassified,,kentucky-bluegrass-2
65,How to Plant Grass Seed in Spring,https://naturesseed.com/?p=191589,post,unclassified,,products-pasture-seed-bahia-grass
65,How to Plant Grass Seed in Spring,https://naturesseed.com/?p=191589,post,unclassified,,blue-ribbon-water-wise-lawn-mix-twca-certified
65,How to Plant Grass Seed in Spring,https://naturesseed.com/?p=191589,post,unclassified,,products-pasture-seed-buffalograss
65,How to Plant Grass Seed in Spring,https://naturesseed.com/?p=191589,post,unclassified,,blue-eyed-grass-2
66,How Long Does it Take Grass Seed to Grow?,https://naturesseed.com/?p=191586,post,unclassified,,kentucky-bluegrass-2
66,How Long Does it Take Grass Seed to Grow?,https://naturesseed.com/?p=191586,post,unclassified,,products-pasture-seed-bahia-grass
66,How Long Does it Take Grass Seed to Grow?,https://naturesseed.com/?p=191586,post,unclassified,,perennial-ryegrass-2
66,How Long Does it Take Grass Seed to Grow?,https://naturesseed.com/?p=191586,post,unclassified,,products-pasture-seed-tall-fescue
66,How Long Does it Take Grass Seed to Grow?,https://naturesseed.com/?p=191586,post,unclassified,,products-pasture-seed-buffalograss
66,How Long Does it Take Grass Seed to Grow?,https://naturesseed.com/?p=191586,post,unclassified,,blue-eyed-grass-2
67,Top Tips for Planting Pasture Seed in the Fall,https://naturesseed.com/?p=191582,post,unclassified,,products-pasture-seed-bahia-grass
67,Top Tips for Planting Pasture Seed in the Fall,https://naturesseed.com/?p=191582,post,unclassified,,perennial-ryegrass-2
67,Top Tips for Planting Pasture Seed in the Fall,https://naturesseed.com/?p=191582,post,unclassified,,kentucky-bluegrass-2
67,Top Tips for Planting Pasture Seed in the Fall,https://naturesseed.com/?p=191582,post,unclassified,,products-pasture-seed-switchgrass-seed
67,Top Tips for Planting Pasture Seed in the Fall,https://naturesseed.com/?p=191582,post,unclassified,,products-pasture-seed-cereal-rye
67,Top Tips for Planting Pasture Seed in the Fall,https://naturesseed.com/?p=191582,post,unclassified,,products-pasture-seed-common-buckwheat
67,Top Tips for Planting Pasture Seed in the Fall,https://naturesseed.com/?p=191582,post,unclassified,,blue-ribbon-water-wise-lawn-mix-twca-certified
67,Top Tips for Planting Pasture Seed in the Fall,https://naturesseed.com/?p=191582,post,unclassified,,products-pasture-seed-orchardgrass
67,Top Tips for Planting Pasture Seed in the Fall,https://naturesseed.com/?p=191582,post,unclassified,,products-pasture-seed-alfalfa-seeds
67,Top Tips for Planting Pasture Seed in the Fall,https://naturesseed.com/?p=191582,post,unclassified,,products-pasture-seed-buffalograss
67,Top Tips for Planting Pasture Seed in the Fall,https://naturesseed.com/?p=191582,post,unclassified,,blue-eyed-grass-2
67,Top Tips for Planting Pasture Seed in the Fall,https://naturesseed.com/?p=191582,post,unclassified,,brittlebush-2
68,How to Get Rid of Crabgrass,https://naturesseed.com/?p=191579,post,unclassified,,perennial-ryegrass-2
68,How to Get Rid of Crabgrass,https://naturesseed.com/?p=191579,post,unclassified,,kentucky-bluegrass-2
68,How to Get Rid of Crabgrass,https://naturesseed.com/?p=191579,post,unclassified,,products-pasture-seed-bahia-grass
68,How to Get Rid of Crabgrass,https://naturesseed.com/?p=191579,post,unclassified,,blue-eyed-grass-2
69,The Best Time to Water Your Grass,https://naturesseed.com/?p=191576,post,unclassified,,
70,The Ultimate 10 Step Guide to Overseeding Lawns,https://naturesseed.com/?p=191573,post,unclassified,,perennial-ryegrass-2
70,The Ultimate 10 Step Guide to Overseeding Lawns,https://naturesseed.com/?p=191573,post,unclassified,,kentucky-bluegrass-2
70,The Ultimate 10 Step Guide to Overseeding Lawns,https://naturesseed.com/?p=191573,post,unclassified,,products-pasture-seed-bahia-grass
70,The Ultimate 10 Step Guide to Overseeding Lawns,https://naturesseed.com/?p=191573,post,unclassified,,blue-ribbon-water-wise-lawn-mix-twca-certified
70,The Ultimate 10 Step Guide to Overseeding Lawns,https://naturesseed.com/?p=191573,post,unclassified,,blue-eyed-grass-2
71,What’s In the Bag? Here’s The Truth Most Seed Companies Don’t Want You to Know,https://naturesseed.com/?p=191570,post,unclassified,,products-pasture-seed-bahia-grass
71,What’s In the Bag? Here’s The Truth Most Seed Companies Don’t Want You to Know,https://naturesseed.com/?p=191570,post,unclassified,,blue-eyed-grass-2
72,"Killer of The ‘Ōhi‘a Tree, Scientists Say is Fungal",https://naturesseed.com/?p=191567,post,unclassified,,
73,Best Grass Seed Choices for Athletic Fields,https://naturesseed.com/?p=191564,post,unclassified,,perennial-ryegrass-2
73,Best Grass Seed Choices for Athletic Fields,https://naturesseed.com/?p=191564,post,unclassified,,kentucky-bluegrass-2
73,Best Grass Seed Choices for Athletic Fields,https://naturesseed.com/?p=191564,post,unclassified,,products-pasture-seed-bahia-grass
73,Best Grass Seed Choices for Athletic Fields,https://naturesseed.com/?p=191564,post,unclassified,,perennial-ryegrass-fast-growing-lawn-mix
73,Best Grass Seed Choices for Athletic Fields,https://naturesseed.com/?p=191564,post,unclassified,,blue-ribbon-water-wise-lawn-mix-twca-certified
73,Best Grass Seed Choices for Athletic Fields,https://naturesseed.com/?p=191564,post,unclassified,,products-pasture-seed-buffalograss
74,Identifying 5 Common Lawn Grass Species,https://naturesseed.com/?p=191561,post,unclassified,,perennial-ryegrass-2
74,Identifying 5 Common Lawn Grass Species,https://naturesseed.com/?p=191561,post,unclassified,,kentucky-bluegrass-2
74,Identifying 5 Common Lawn Grass Species,https://naturesseed.com/?p=191561,post,unclassified,,bluegrass-water-wise-lawn-mix-twca-certified
74,Identifying 5 Common Lawn Grass Species,https://naturesseed.com/?p=191561,post,unclassified,,fine-fescue-low-water-maintenance-turf-mix
74,Identifying 5 Common Lawn Grass Species,https://naturesseed.com/?p=191561,post,unclassified,,perennial-ryegrass-fast-growing-lawn-mix
74,Identifying 5 Common Lawn Grass Species,https://naturesseed.com/?p=191561,post,unclassified,,blue-ribbon-water-wise-lawn-mix-twca-certified
74,Identifying 5 Common Lawn Grass Species,https://naturesseed.com/?p=191561,post,unclassified,,products-pasture-seed-tall-fescue
75,Should You Ever Let Your Lawn Go to Seed?,https://naturesseed.com/?p=191558,post,unclassified,,kentucky-bluegrass-2
75,Should You Ever Let Your Lawn Go to Seed?,https://naturesseed.com/?p=191558,post,unclassified,,products-pasture-seed-bahia-grass
75,Should You Ever Let Your Lawn Go to Seed?,https://naturesseed.com/?p=191558,post,unclassified,,products-pasture-seed-buffalograss
75,Should You Ever Let Your Lawn Go to Seed?,https://naturesseed.com/?p=191558,post,unclassified,,blue-eyed-grass-2
76,Grass-Cast: New Experimental Grassland Productivity Forecast,https://naturesseed.com/?p=191554,post,unclassified,,
77,A List of Plants That Will Grow Best in the Summer,https://naturesseed.com/?p=191551,post,unclassified,,
78,Rainscaping: The New Landscaping Trend,https://naturesseed.com/?p=191548,post,unclassified,,
79,Impacts of the Dust Bowl,https://naturesseed.com/?p=191545,post,unclassified,,
80,Dust Bowl Series: The Crested Wheatgrass Solution,https://naturesseed.com/?p=191542,post,unclassified,,
81,Dust Bowl Series: The Importance of Soil Health,https://naturesseed.com/?p=191539,post,unclassified,,
82,How Wheat Survives the Winter,https://naturesseed.com/?p=191536,post,unclassified,,
83,Life Under the Snow: How do your plants survive the winter?,https://naturesseed.com/?p=191533,post,unclassified,,
84,Plant a Saint Patrick’s Day Garden,https://naturesseed.com/?p=191530,post,unclassified,,
85,Tips for Keeping a Healthy Pasture,https://naturesseed.com/?p=191527,post,unclassified,,red-clover
86,Parents: The Wildflower DIY Kids Love,https://naturesseed.com/?p=191524,post,unclassified,,
87,Revegetating Scorched Land,https://naturesseed.com/?p=191521,post,unclassified,,perennial-ryegrass-2
87,Revegetating Scorched Land,https://naturesseed.com/?p=191521,post,unclassified,,perennial-ryegrass-fast-growing-lawn-mix
87,Revegetating Scorched Land,https://naturesseed.com/?p=191521,post,unclassified,,sheep-fescue-grass-2
87,Revegetating Scorched Land,https://naturesseed.com/?p=191521,post,unclassified,,white-clover-2
88,How Does Land Recover After a Wildfire?,https://naturesseed.com/?p=191518,post,unclassified,,california-poppy-2
89,Wildfires: Are They Good or Bad?,https://naturesseed.com/?p=191515,post,unclassified,,
90,Valentine’s Day Ideas,https://naturesseed.com/?p=191512,post,unclassified,,california-poppy-2
91,Design Your Own Pinterest-Perfect Wildflower Escape,https://naturesseed.com/?p=191509,post,unclassified,,
92,Wildlife and Your Garden,https://naturesseed.com/?p=191502,post,unclassified,,
93,How to Deal with Overgrown Roses,https://naturesseed.com/?p=191499,post,unclassified,,
94,How to Use Landscape Fabric,https://naturesseed.com/?p=191496,post,unclassified,,
95,Take a Break!,https://naturesseed.com/?p=191492,post,unclassified,,
96,"Seeds, the Poor Man’s Garden Delight",https://naturesseed.com/?p=191489,post,unclassified,,
97,Late Season Weed Control,https://naturesseed.com/?p=191486,post,unclassified,,
98,The Future of Beekeeping,https://naturesseed.com/?p=191483,post,unclassified,,
99,"Sand, Silt, or Clay: What Have You Got in Your Soil?",https://naturesseed.com/?p=191480,post,unclassified,,
100,Is Your Landscape Sustainable?,https://naturesseed.com/?p=191477,post,unclassified,,
101,Drip Irrigation Basics,https://naturesseed.com/?p=191474,post,unclassified,,
102,Should I Replant a Fruit Tree in the Spot Where the Previous One Died?,https://naturesseed.com/?p=191471,post,unclassified,,perennial-ryegrass-2
102,Should I Replant a Fruit Tree in the Spot Where the Previous One Died?,https://naturesseed.com/?p=191471,post,unclassified,,jimmys-perennial-wildflower-mix
103,Irrigation for Pest Control,https://naturesseed.com/?p=191468,post,unclassified,,
104,Topsoil Problems,https://naturesseed.com/?p=191465,post,unclassified,,
105,Do Your Part to Prevent Wildfires this Summer,https://naturesseed.com/?p=191462,post,unclassified,,
106,Design Terror!,https://naturesseed.com/?p=191459,post,unclassified,,
107,The Most Likely Reason Your Plants are Dying,https://naturesseed.com/?p=191456,post,unclassified,,
108,"So, What Did You Call That Plant Again?",https://naturesseed.com/?p=191453,post,unclassified,,perennial-ryegrass-2
108,"So, What Did You Call That Plant Again?",https://naturesseed.com/?p=191453,post,unclassified,,kentucky-bluegrass-2
109,More Tidbits about the Tree Buying Business,https://naturesseed.com/?p=191450,post,unclassified,,
110,How to Pick a Quality Tree at the Nursery,https://naturesseed.com/?p=191447,post,unclassified,,
111,The Real Scoop on Dandelions and Honeybees,https://naturesseed.com/?p=191444,post,unclassified,,
112,Time to Visit the Perennials,https://naturesseed.com/?p=191441,post,unclassified,,perennial-ryegrass-2
113,Permaculture Worth Looking Into,https://naturesseed.com/?p=191438,post,unclassified,,
114,Do You Need a Garden Box?,https://naturesseed.com/?p=191435,post,unclassified,,
115,The Broken Knife: A Gardening Parable,https://naturesseed.com/?p=191432,post,unclassified,,perennial-ryegrass-2
116,Afraid to Compost?,https://naturesseed.com/?p=191429,post,unclassified,,
117,Designing Nitrogen into Your Garden,https://naturesseed.com/?p=191426,post,unclassified,,perennial-ryegrass-2
118,Have You Got Your Fix Yet?,https://naturesseed.com/?p=191423,post,unclassified,,perennial-ryegrass-2
118,Have You Got Your Fix Yet?,https://naturesseed.com/?p=191423,post,unclassified,,white-clover-2
119,What Gardening System Should You Follow?,https://naturesseed.com/?p=191420,post,unclassified,,
120,Why Every Homeowner Should Be Growing Ornamental Grass,https://naturesseed.com/?p=191417,post,unclassified,,kentucky-bluegrass-2
120,Why Every Homeowner Should Be Growing Ornamental Grass,https://naturesseed.com/?p=191417,post,unclassified,,perennial-ryegrass-2
121,Firecracker Penstemon: A Striking Addition to Any Western Landscape,https://naturesseed.com/?p=191414,post,unclassified,,perennial-ryegrass-2
122,Are You Ready for Planting?,https://naturesseed.com/?p=191411,post,unclassified,,
123,Talkin’ Fruit Trees: Is Planting a Sucker a Good Idea?,https://naturesseed.com/?p=191408,post,unclassified,,
124,"To Resume or Not to Resume, That is the Question",https://naturesseed.com/?p=191405,post,unclassified,,
125,"Tradition, Gifts, and Sustainability",https://naturesseed.com/?p=191402,post,unclassified,,
126,A Holiday Season Debate: Pumpkin Pie or Squash Pie?,https://naturesseed.com/?p=191399,post,unclassified,,
127,Product Review: HedgeScapes Artificial Topiary,https://naturesseed.com/?p=191396,post,unclassified,,
128,Beautification vs. Problem Solving as an Approach to Landscape Design,https://naturesseed.com/?p=191393,post,unclassified,,
129,The Design Power of Pattern Languages,https://naturesseed.com/?p=191390,post,unclassified,,
130,The Landscape Design Process: What Did You Really Mean?,https://naturesseed.com/?p=191387,post,unclassified,,
131,The Landscape Design Process: Observation Key to Understanding the Big Picture,https://naturesseed.com/?p=191384,post,unclassified,,
132,The First Step in the Landscape Design Process: The Big Picture,https://naturesseed.com/?p=191381,post,unclassified,,
133,Prepare For the Future with a Plan for the Now,https://naturesseed.com/?p=191378,post,unclassified,,
134,Does a Lot of Fertilizer Make for Better Plants?,https://naturesseed.com/?p=191375,post,unclassified,,
135,My Experience Using Sheep Fescue as an Alternative Lawn Grass,https://naturesseed.com/?p=191372,post,unclassified,,kentucky-bluegrass-2
135,My Experience Using Sheep Fescue as an Alternative Lawn Grass,https://naturesseed.com/?p=191372,post,unclassified,,perennial-ryegrass-2
136,Pollinator Forage Focus: Making Honey Bee Feeding Plans,https://naturesseed.com/?p=191369,post,unclassified,,
137,Winter Gardening 101: Making and Using Cold Frames,https://naturesseed.com/?p=191365,post,unclassified,,
138,All Those Leaves…,https://naturesseed.com/?p=191362,post,unclassified,,
139,Is Homesteading Right For You? 5 Steps to Take Before Going All-In,https://naturesseed.com/?p=191359,post,unclassified,,
140,Quick & Dirty Study Guide for Seed Saving,https://naturesseed.com/?p=191356,post,unclassified,,
141,A Planter’s Responsibility,https://naturesseed.com/?p=191353,post,unclassified,,
142,All About Sheet Mulching,https://naturesseed.com/?p=191350,post,unclassified,,
143,Kentucky Bluegrass Lawn Recovery,https://naturesseed.com/?p=191347,post,unclassified,,kentucky-bluegrass-2
144,Experiment Time: Cover Cropping an Existing Lawn,https://naturesseed.com/?p=191341,post,unclassified,,
145,Trees vs. Turf: The Eternal Battle!,https://naturesseed.com/?p=191344,post,unclassified,,
146,Globemallow Wildflowers: Tough as Nails & Pretty Too,https://naturesseed.com/?p=191338,post,unclassified,,
147,The Many Faces of Small (Salad) Burnet,https://naturesseed.com/?p=191335,post,unclassified,,
148,What’s Up With Hybrids?,https://naturesseed.com/?p=191332,post,unclassified,,
149,Babying Your Bluegrass,https://naturesseed.com/?p=191329,post,unclassified,,
150,Classy Clover: The Best Addition to Your Lawn,https://naturesseed.com/?p=191326,post,unclassified,,white-clover-2
151,"Not Too Little, Not Too Much: Bluegrass Watering Basics",https://naturesseed.com/?p=191323,post,unclassified,,kentucky-bluegrass-2
152,Ch-Ch-Ch-Ch-Changes!,https://naturesseed.com/?p=191320,post,unclassified,,
153,Zoysia Guides,https://naturesseed.com/?p=207,post,unclassified,,
154,How Does Dog Waste Affect A Buffalo Grass Seed Lawn,https://naturesseed.com/?p=202,post,unclassified,,products-pasture-seed-buffalograss
155,How to Fertilize Your New Buffalo Grass Seed Lawn,https://naturesseed.com/?p=199,post,unclassified,,products-pasture-seed-buffalograss
155,How to Fertilize Your New Buffalo Grass Seed Lawn,https://naturesseed.com/?p=199,post,unclassified,,products-pasture-seed-bahia-grass
155,How to Fertilize Your New Buffalo Grass Seed Lawn,https://naturesseed.com/?p=199,post,unclassified,,sundancer-buffalograss-lawn-seed
156,How Does Dog Waste Affect A Bermuda Grass Seed Lawn,https://naturesseed.com/?p=178,post,unclassified,,
157,How Does Dog Waste Affect A Perennial Ryegrass Lawn,https://naturesseed.com/?p=162,post,unclassified,,perennial-ryegrass-2
157,How Does Dog Waste Affect A Perennial Ryegrass Lawn,https://naturesseed.com/?p=162,post,unclassified,,perennial-ryegrass-fast-growing-lawn-mix
158,How to Prepare your Soil for a Perennial Ryegrass Seed Lawn,https://naturesseed.com/?p=154,post,unclassified,,perennial-ryegrass-2
158,How to Prepare your Soil for a Perennial Ryegrass Seed Lawn,https://naturesseed.com/?p=154,post,unclassified,,perennial-ryegrass-fast-growing-lawn-mix
159,How to Fertilize Your New Buffalo Grass Seed Lawn,https://naturesseed.com/?p=138,post,unclassified,,products-pasture-seed-buffalograss
159,How to Fertilize Your New Buffalo Grass Seed Lawn,https://naturesseed.com/?p=138,post,unclassified,,products-pasture-seed-bahia-grass
159,How to Fertilize Your New Buffalo Grass Seed Lawn,https://naturesseed.com/?p=138,post,unclassified,,sundancer-buffalograss-lawn-seed
160,How to Prepare your Soil for a Buffalo Grass Seed Lawn,https://naturesseed.com/?p=135,post,unclassified,,products-pasture-seed-buffalograss
160,How to Prepare your Soil for a Buffalo Grass Seed Lawn,https://naturesseed.com/?p=135,post,unclassified,,products-pasture-seed-bahia-grass
160,How to Prepare your Soil for a Buffalo Grass Seed Lawn,https://naturesseed.com/?p=135,post,unclassified,,blue-eyed-grass-2
160,How to Prepare your Soil for a Buffalo Grass Seed Lawn,https://naturesseed.com/?p=135,post,unclassified,,sundancer-buffalograss-lawn-seed
161,How Does Dog Waste Affect A Fescue Grass Seed Lawn,https://naturesseed.com/?p=126,post,unclassified,,products-pasture-seed-tall-fescue
161,How Does Dog Waste Affect A Fescue Grass Seed Lawn,https://naturesseed.com/?p=126,post,unclassified,,fine-fescue-low-water-maintenance-turf-mix
161,How Does Dog Waste Affect A Fescue Grass Seed Lawn,https://naturesseed.com/?p=126,post,unclassified,,sheep-fescue-grass-2
162,Tips for Fertilizing your Existing Bluegrass Lawn,https://naturesseed.com/?p=111,post,unclassified,,kentucky-bluegrass-2
162,Tips for Fertilizing your Existing Bluegrass Lawn,https://naturesseed.com/?p=111,post,unclassified,,products-pasture-seed-bahia-grass
162,Tips for Fertilizing your Existing Bluegrass Lawn,https://naturesseed.com/?p=111,post,unclassified,,bluegrass-water-wise-lawn-mix-twca-certified
162,Tips for Fertilizing your Existing Bluegrass Lawn,https://naturesseed.com/?p=111,post,unclassified,,blue-eyed-grass-2
163,How Does Dog Waste Affect A Bluegrass Seed Lawn,https://naturesseed.com/?p=105,post,unclassified,,kentucky-bluegrass-2
163,How Does Dog Waste Affect A Bluegrass Seed Lawn,https://naturesseed.com/?p=105,post,unclassified,,bluegrass-water-wise-lawn-mix-twca-certified
164,FAQ about Excess Soil Salinity,https://naturesseed.com/?p=92,post,unclassified,,products-pasture-seed-bahia-grass
164,FAQ about Excess Soil Salinity,https://naturesseed.com/?p=92,post,unclassified,,blue-eyed-grass-2
165,11 Tips for Spring Grass Reseeding,https://naturesseed.com/?p=89,post,unclassified,,perennial-ryegrass-2
165,11 Tips for Spring Grass Reseeding,https://naturesseed.com/?p=89,post,unclassified,,kentucky-bluegrass-2
165,11 Tips for Spring Grass Reseeding,https://naturesseed.com/?p=89,post,unclassified,,products-pasture-seed-bahia-grass
165,11 Tips for Spring Grass Reseeding,https://naturesseed.com/?p=89,post,unclassified,,blue-eyed-grass-2
166,Planting Grass Seed Guide,https://naturesseed.com/?p=84,post,unclassified,,products-pasture-seed-bahia-grass
166,Planting Grass Seed Guide,https://naturesseed.com/?p=84,post,unclassified,,blue-eyed-grass-2
167,How Does Dog Waste Affect A Grass Seed Lawn,https://naturesseed.com/?p=80,post,unclassified,,
168,"Fescue Grass Seed Guide – How to Plant, Grow, and Maintain",https://naturesseed.com/?p=240,post,unclassified,,fine-fescue-low-water-maintenance-turf-mix
168,"Fescue Grass Seed Guide – How to Plant, Grow, and Maintain",https://naturesseed.com/?p=240,post,unclassified,,perennial-ryegrass-2
168,"Fescue Grass Seed Guide – How to Plant, Grow, and Maintain",https://naturesseed.com/?p=240,post,unclassified,,sheep-fescue-grass-2
168,"Fescue Grass Seed Guide – How to Plant, Grow, and Maintain",https://naturesseed.com/?p=240,post,unclassified,,products-pasture-seed-tall-fescue
169,Should I Cut Back My Perennials Or Leave Them Uncut for the Winter?,https://naturesseed.com/?p=191316,post,unclassified,,perennial-ryegrass-2
170,Frequently Asked Questions About GMOs and Our Seed,https://naturesseed.com/?p=191313,post,unclassified,,
171,Colorado Columbine: Our Most Popular Wildflower of 2015,https://naturesseed.com/?p=191310,post,unclassified,,perennial-ryegrass-2
172,Pastured Poultry: What Kind of Forages Should Your Chickens Be Grazing On?,https://naturesseed.com/?p=191307,post,unclassified,,
173,Landscaping Challenges: What to Do About Your Park Strip,https://naturesseed.com/?p=191304,post,unclassified,,
174,5 Lawn Alternatives for Dealing with the California Drought,https://naturesseed.com/?p=191301,post,unclassified,,kentucky-bluegrass-2
174,5 Lawn Alternatives for Dealing with the California Drought,https://naturesseed.com/?p=191301,post,unclassified,,perennial-ryegrass-2
174,5 Lawn Alternatives for Dealing with the California Drought,https://naturesseed.com/?p=191301,post,unclassified,,california-poppy-2
174,5 Lawn Alternatives for Dealing with the California Drought,https://naturesseed.com/?p=191301,post,unclassified,,sheep-fescue-grass-2
174,5 Lawn Alternatives for Dealing with the California Drought,https://naturesseed.com/?p=191301,post,unclassified,,products-pasture-seed-buffalograss
174,5 Lawn Alternatives for Dealing with the California Drought,https://naturesseed.com/?p=191301,post,unclassified,,products-pasture-seed-blue-grama
174,5 Lawn Alternatives for Dealing with the California Drought,https://naturesseed.com/?p=191301,post,unclassified,,white-clover-2
174,5 Lawn Alternatives for Dealing with the California Drought,https://naturesseed.com/?p=191301,post,unclassified,,western-yarrow-2
174,5 Lawn Alternatives for Dealing with the California Drought,https://naturesseed.com/?p=191301,post,unclassified,,golden-yarrow
175,Converting Your Old Alfalfa Field into a Productive Pasture,https://naturesseed.com/?p=191298,post,unclassified,,perennial-ryegrass-2
175,Converting Your Old Alfalfa Field into a Productive Pasture,https://naturesseed.com/?p=191298,post,unclassified,,products-pasture-seed-alfalfa-seeds
175,Converting Your Old Alfalfa Field into a Productive Pasture,https://naturesseed.com/?p=191298,post,unclassified,,perennial-ryegrass-fast-growing-lawn-mix
175,Converting Your Old Alfalfa Field into a Productive Pasture,https://naturesseed.com/?p=191298,post,unclassified,,products-pasture-seed-orchardgrass
176,"Vile Vine: Field Bindweed Can Be Devastating to Your Lawn, Garden & Pasture",https://naturesseed.com/?p=191295,post,unclassified,,perennial-ryegrass-2
177,"A Look at 2015 Lawn, Garden, and Small Farm Trends",https://naturesseed.com/?p=191292,post,unclassified,,california-poppy-2
178,December Lawn and Garden Checklist,https://naturesseed.com/?p=191289,post,unclassified,,
179,Nature’s Seed Introduces New Planting Aid Products,https://naturesseed.com/?p=191286,post,unclassified,,rice-hulls-planting-aid
179,Nature’s Seed Introduces New Planting Aid Products,https://naturesseed.com/?p=191286,post,unclassified,,am-120-standard-mycorrhizal-inoculant-2
180,The Amazing Benefits of Forage Radish,https://naturesseed.com/?p=191283,post,unclassified,,
181,All About Cover Crops & Green Manure,https://naturesseed.com/?p=191280,post,unclassified,,california-native-erosion-control-mix-3
182,Turf Wars: More Ugly Truth Coming Out About Artificial Turf,https://naturesseed.com/?p=191277,post,unclassified,,
183,The Bee’s Knees: Forage Influence on Honey Flavor and Color,https://naturesseed.com/?p=191274,post,unclassified,,alsike-clover
183,The Bee’s Knees: Forage Influence on Honey Flavor and Color,https://naturesseed.com/?p=191274,post,unclassified,,california-poppy-2
183,The Bee’s Knees: Forage Influence on Honey Flavor and Color,https://naturesseed.com/?p=191274,post,unclassified,,products-pasture-seed-alfalfa-seeds
183,The Bee’s Knees: Forage Influence on Honey Flavor and Color,https://naturesseed.com/?p=191274,post,unclassified,,products-pasture-seed-common-buckwheat
184,Black Gold: What to Look for When Purchasing Topsoil,https://naturesseed.com/?p=191271,post,unclassified,,
185,Bison Gaining Popularity in the Pasture & on the Plate,https://naturesseed.com/?p=191268,post,unclassified,,products-pasture-seed-buffalograss
186,"Riparian Rescue: Wetland Restoration, Creation and Enhancement",https://naturesseed.com/?p=191265,post,unclassified,,
187,What You Need to Know About Endophyte Toxicity in Tall Fescue Pastures,https://naturesseed.com/?p=191262,post,unclassified,,
188,7 Common Lawn Myths and Misconceptions Exposed,https://naturesseed.com/?p=191259,post,unclassified,,sheep-fescue-grass-2
188,7 Common Lawn Myths and Misconceptions Exposed,https://naturesseed.com/?p=191259,post,unclassified,,products-pasture-seed-buffalograss
188,7 Common Lawn Myths and Misconceptions Exposed,https://naturesseed.com/?p=191259,post,unclassified,,products-pasture-seed-blue-grama
189,Dealing With Dead and Bare Spots in Your Lawn,https://naturesseed.com/?p=190928,post,unclassified,,kentucky-bluegrass-2
189,Dealing With Dead and Bare Spots in Your Lawn,https://naturesseed.com/?p=190928,post,unclassified,,bluegrass-water-wise-lawn-mix-twca-certified
190,What’s Really in the Bag? Percent by Coverage vs. Percent by Weight,https://naturesseed.com/?p=191256,post,unclassified,,white-clover-2
190,What’s Really in the Bag? Percent by Coverage vs. Percent by Weight,https://naturesseed.com/?p=191256,post,unclassified,,alsike-clover
190,What’s Really in the Bag? Percent by Coverage vs. Percent by Weight,https://naturesseed.com/?p=191256,post,unclassified,,red-clover
190,What’s Really in the Bag? Percent by Coverage vs. Percent by Weight,https://naturesseed.com/?p=191256,post,unclassified,,white-dutch-clover-seeds-2
191,What Exactly is a “Low-Maintenance” Lawn?,https://naturesseed.com/?p=191253,post,unclassified,,perennial-ryegrass-2
191,What Exactly is a “Low-Maintenance” Lawn?,https://naturesseed.com/?p=191253,post,unclassified,,kentucky-bluegrass-2
191,What Exactly is a “Low-Maintenance” Lawn?,https://naturesseed.com/?p=191253,post,unclassified,,bluegrass-water-wise-lawn-mix-twca-certified
191,What Exactly is a “Low-Maintenance” Lawn?,https://naturesseed.com/?p=191253,post,unclassified,,blue-ribbon-water-wise-lawn-mix-twca-certified
191,What Exactly is a “Low-Maintenance” Lawn?,https://naturesseed.com/?p=191253,post,unclassified,,products-pasture-seed-buffalograss
192,Pasture Establishment: Which Seeding Method Should You Use?,https://naturesseed.com/?p=191250,post,unclassified,,
193,Is a Green Roof Right for You?,https://naturesseed.com/?p=191236,post,unclassified,,products-pasture-seed-blue-grama
194,Early Spring Lawn Care Tips,https://naturesseed.com/?p=191247,post,unclassified,,kentucky-bluegrass-2
195,Their Future is Our Future: The Vital Role of Pollinators,https://naturesseed.com/?p=191244,post,unclassified,,
196,What to do About Dandelions in Your Lawn Grass,https://naturesseed.com/?p=191241,post,unclassified,,
197,More than Luck: Why You Should Add Clover to Your Lawn Grass,https://naturesseed.com/?p=191233,post,unclassified,,alsike-clover
197,More than Luck: Why You Should Add Clover to Your Lawn Grass,https://naturesseed.com/?p=191233,post,unclassified,,red-clover
197,More than Luck: Why You Should Add Clover to Your Lawn Grass,https://naturesseed.com/?p=191233,post,unclassified,,white-clover-2
198,The Future of Agriculture: Issues & Trends at the 2014 Ag Outlook Forum,https://naturesseed.com/?p=191230,post,unclassified,,california-poppy-2
198,The Future of Agriculture: Issues & Trends at the 2014 Ag Outlook Forum,https://naturesseed.com/?p=191230,post,unclassified,,products-pasture-seed-buffalograss
199,Communication Breakdown: There’s No Need to be Afraid of Scientific Names,https://naturesseed.com/?p=191227,post,unclassified,,perennial-ryegrass-2
200,Dealing With Winter Annual Weeds in your Lawn and Garden,https://naturesseed.com/?p=191224,post,unclassified,,kentucky-bluegrass-2
201,Tips for Establishing a Dryland Pasture,https://naturesseed.com/?p=191221,post,unclassified,,california-poppy-2
201,Tips for Establishing a Dryland Pasture,https://naturesseed.com/?p=191221,post,unclassified,,white-clover-2
201,Tips for Establishing a Dryland Pasture,https://naturesseed.com/?p=191221,post,unclassified,,dryland-pasture-mix
202,Which Pasture Plants Make the Best Hay?,https://naturesseed.com/?p=191218,post,unclassified,,fakahatchee-grass-eastern-gamagrass
202,Which Pasture Plants Make the Best Hay?,https://naturesseed.com/?p=191218,post,unclassified,,texas-bluebonnet-seeds
202,Which Pasture Plants Make the Best Hay?,https://naturesseed.com/?p=191218,post,unclassified,,texas-native-wildflower-mix
202,Which Pasture Plants Make the Best Hay?,https://naturesseed.com/?p=191218,post,unclassified,,texas-native-lawn-mix
202,Which Pasture Plants Make the Best Hay?,https://naturesseed.com/?p=191218,post,unclassified,,california-native-wildflower-mix-4
202,Which Pasture Plants Make the Best Hay?,https://naturesseed.com/?p=191218,post,unclassified,,products-pasture-seed-timothy
202,Which Pasture Plants Make the Best Hay?,https://naturesseed.com/?p=191218,post,unclassified,,california-native-lawn-alternative-mix
202,Which Pasture Plants Make the Best Hay?,https://naturesseed.com/?p=191218,post,unclassified,,products-pasture-seed-native-cabin-grass-mix
202,Which Pasture Plants Make the Best Hay?,https://naturesseed.com/?p=191218,post,unclassified,,texas-pollinator-wildflower-mix
203,Poppy Pride: Powerful Symbols and Garden Favorites,https://naturesseed.com/?p=191215,post,unclassified,,california-poppy-2
204,Unexpected Grazers: 5 Animals You Didn’t Know Were Grass Eaters,https://naturesseed.com/?p=191212,post,unclassified,,
205,New Year’s Resolutions for Your Lawn and Garden,https://naturesseed.com/?p=191209,post,unclassified,,products-pasture-seed-buffalograss
206,5 Ways to Reuse Your Old Christmas Tree,https://naturesseed.com/?p=191206,post,unclassified,,
207,To Till or Not to Till When Establishing a Pasture,https://naturesseed.com/?p=191203,post,unclassified,,
208,Gift Ideas for Gardeners,https://naturesseed.com/?p=191199,post,unclassified,,
209,The Gift That Keeps on Giving: How to Plant Seed Paper Holiday Cards,https://naturesseed.com/?p=191196,post,unclassified,,
210,Attract Those Gobblers With Turkey Food Plots,https://naturesseed.com/?p=191193,post,unclassified,,products-pasture-seed-alfalfa-seeds
211,Sheep Fescue: The Swiss Army Knife of Grasses,https://naturesseed.com/?p=191187,post,unclassified,,sheep-fescue-grass-2
212,Super Legumes: The Benefits of Condensed Tannins in Pasture Forage,https://naturesseed.com/?p=191190,post,unclassified,,
213,Common Mistakes Made When Establishing a Lawn From Seed,https://naturesseed.com/?p=191184,post,unclassified,,products-pasture-seed-bahia-grass
213,Common Mistakes Made When Establishing a Lawn From Seed,https://naturesseed.com/?p=191184,post,unclassified,,products-pasture-seed-buffalograss
213,Common Mistakes Made When Establishing a Lawn From Seed,https://naturesseed.com/?p=191184,post,unclassified,,blue-eyed-grass-2
214,How to Increase Pheasant Populations on Your Land,https://naturesseed.com/?p=191181,post,unclassified,,
215,"Biodiversity: The Key to Healthy, Successful Landscapes",https://naturesseed.com/?p=191178,post,unclassified,,products-pasture-seed-buffalograss
216,How to Store Leftover Grass Seed,https://naturesseed.com/?p=191175,post,unclassified,,products-pasture-seed-bahia-grass
216,How to Store Leftover Grass Seed,https://naturesseed.com/?p=191175,post,unclassified,,blue-eyed-grass-2
217,Firewheel: A Native Wildflower Favorite Rich in Legend & Lore,https://naturesseed.com/?p=191172,post,unclassified,,
218,Why Fall is the Best Time for Planting Wildflower Seeds,https://naturesseed.com/?p=191169,post,unclassified,,
219,Dealing With Bermudagrass in Cool-Season Lawns,https://naturesseed.com/?p=191166,post,unclassified,,perennial-ryegrass-2
219,Dealing With Bermudagrass in Cool-Season Lawns,https://naturesseed.com/?p=191166,post,unclassified,,kentucky-bluegrass-2
220,Erosion Control in Pastures and Farmland,https://naturesseed.com/?p=191163,post,unclassified,,perennial-ryegrass-2
220,Erosion Control in Pastures and Farmland,https://naturesseed.com/?p=191163,post,unclassified,,white-clover-2
221,Keeping Your Lawn Grass Where it Belongs,https://naturesseed.com/?p=191160,post,unclassified,,perennial-ryegrass-2
221,Keeping Your Lawn Grass Where it Belongs,https://naturesseed.com/?p=191160,post,unclassified,,kentucky-bluegrass-2
221,Keeping Your Lawn Grass Where it Belongs,https://naturesseed.com/?p=191160,post,unclassified,,products-pasture-seed-buffalograss
222,What You Need to Know About Plant Hardiness Zones,https://naturesseed.com/?p=191152,post,unclassified,,
223,The Dirty Truth: How Different Soil Types Influence Your Lawn Grass,https://naturesseed.com/?p=191149,post,unclassified,,products-pasture-seed-buffalograss
224,How to Avoid Necrotic Ring Spot in Your Lawn Grass,https://naturesseed.com/?p=191146,post,unclassified,,perennial-ryegrass-2
224,How to Avoid Necrotic Ring Spot in Your Lawn Grass,https://naturesseed.com/?p=191146,post,unclassified,,kentucky-bluegrass-2
224,How to Avoid Necrotic Ring Spot in Your Lawn Grass,https://naturesseed.com/?p=191146,post,unclassified,,perennial-ryegrass-fast-growing-lawn-mix
224,How to Avoid Necrotic Ring Spot in Your Lawn Grass,https://naturesseed.com/?p=191146,post,unclassified,,blue-ribbon-water-wise-lawn-mix-twca-certified
225,Understanding Fertilizer Components,https://naturesseed.com/?p=191143,post,unclassified,,white-clover-2
226,A Hunter’s Paradise: Growing Food Plots for Deer and Elk,https://naturesseed.com/?p=191140,post,unclassified,,white-clover-2
227,"Ancient Crop, New Interest: Sainfoin for Forage, Hay and Honey",https://naturesseed.com/?p=191137,post,unclassified,,perennial-ryegrass-2
228,Beneficial Insects for Your Lawn and Garden,https://naturesseed.com/?p=191130,post,unclassified,,
229,How to Make Your Property More Wildfire-Resistant,https://naturesseed.com/?p=191127,post,unclassified,,
230,Using Vinegar to Kill Weeds in the Lawn and Garden,https://naturesseed.com/?p=191124,post,unclassified,,
231,Efficient and Responsible Lawn Watering Tips,https://naturesseed.com/?p=191121,post,unclassified,,products-pasture-seed-buffalograss
232,A New Approach to Feeding Livestock: Sprouted Fodder Systems,https://naturesseed.com/?p=191118,post,unclassified,,
233,How to Remove Lawn Grass Without Using Chemicals,https://naturesseed.com/?p=191115,post,unclassified,,organic-seed-starter-fertilizer-4-6-4-2
234,Not Just for Livestock: Pastures for Honey Bees,https://naturesseed.com/?p=191112,post,unclassified,,alsike-clover
234,Not Just for Livestock: Pastures for Honey Bees,https://naturesseed.com/?p=191112,post,unclassified,,crimson-clover
234,Not Just for Livestock: Pastures for Honey Bees,https://naturesseed.com/?p=191112,post,unclassified,,white-clover-2
235,Tips for Selecting an Organic Lawn Care Service,https://naturesseed.com/?p=191109,post,unclassified,,
236,Myco-What? The Role of Mycorrhizal Fungi in Soils,https://naturesseed.com/?p=191106,post,unclassified,,
237,What’s NTEP and What Does it Have to Do With Our Seed Blends?,https://naturesseed.com/?p=191104,post,unclassified,,
238,Purple Coneflower: Garden Classic and Natural Healer,https://naturesseed.com/?p=191101,post,unclassified,,perennial-ryegrass-2
239,Another Reason Not to Purchase Grass Seed From Big-Box Stores,https://naturesseed.com/?p=191098,post,unclassified,,perennial-ryegrass-2
239,Another Reason Not to Purchase Grass Seed From Big-Box Stores,https://naturesseed.com/?p=191098,post,unclassified,,kentucky-bluegrass-2
239,Another Reason Not to Purchase Grass Seed From Big-Box Stores,https://naturesseed.com/?p=191098,post,unclassified,,perennial-ryegrass-fast-growing-lawn-mix
239,Another Reason Not to Purchase Grass Seed From Big-Box Stores,https://naturesseed.com/?p=191098,post,unclassified,,products-pasture-seed-orchardgrass
240,Selecting Ground Cover in Orchards and Vineyards,https://naturesseed.com/?p=191095,post,unclassified,,perennial-ryegrass-2
240,Selecting Ground Cover in Orchards and Vineyards,https://naturesseed.com/?p=191095,post,unclassified,,white-dutch-clover-seeds-2
240,Selecting Ground Cover in Orchards and Vineyards,https://naturesseed.com/?p=191095,post,unclassified,,white-clover-2
241,Helping Your Lawn Recover From Chemical Spills,https://naturesseed.com/?p=191092,post,unclassified,,
242,Chicory Gaining Popularity in Pastures,https://naturesseed.com/?p=191089,post,unclassified,,
243,"A Green, Spongy Menace: Dealing With Moss in Your Lawn",https://naturesseed.com/?p=191086,post,unclassified,,alsike-clover
243,"A Green, Spongy Menace: Dealing With Moss in Your Lawn",https://naturesseed.com/?p=191086,post,unclassified,,red-clover
243,"A Green, Spongy Menace: Dealing With Moss in Your Lawn",https://naturesseed.com/?p=191086,post,unclassified,,white-dutch-clover-seeds-2
243,"A Green, Spongy Menace: Dealing With Moss in Your Lawn",https://naturesseed.com/?p=191086,post,unclassified,,white-clover-2
244,Does Your Lawn Need Dethatching this Season?,https://naturesseed.com/?p=191083,post,unclassified,,perennial-ryegrass-2
244,Does Your Lawn Need Dethatching this Season?,https://naturesseed.com/?p=191083,post,unclassified,,kentucky-bluegrass-2
244,Does Your Lawn Need Dethatching this Season?,https://naturesseed.com/?p=191083,post,unclassified,,products-pasture-seed-buffalograss
245,Using Corn Gluten Meal as a Natural Pre-Emergent Herbicide,https://naturesseed.com/?p=191080,post,unclassified,,
246,Tips for Choosing the Right Lawn Mower,https://naturesseed.com/?p=191077,post,unclassified,,products-pasture-seed-buffalograss
247,Arrowleaf Balsamroot: Sunflower of the West,https://naturesseed.com/?p=191074,post,unclassified,,
248,How to Create a Bee-Friendly Landscape,https://naturesseed.com/?p=191071,post,unclassified,,white-clover-2
249,How to Create a Backyard Putting Green,https://naturesseed.com/?p=191065,post,unclassified,,products-pasture-seed-bahia-grass
249,How to Create a Backyard Putting Green,https://naturesseed.com/?p=191065,post,unclassified,,blue-eyed-grass-2
250,How to Attract More Birds to the Garden,https://naturesseed.com/?p=191062,post,unclassified,,
251,Landscape Design Basics,https://naturesseed.com/?p=191059,post,unclassified,,
252,The Importance of Legumes in Pastures,https://naturesseed.com/?p=191056,post,unclassified,,white-dutch-clover-seeds-2
252,The Importance of Legumes in Pastures,https://naturesseed.com/?p=191056,post,unclassified,,products-pasture-seed-alfalfa-seeds
252,The Importance of Legumes in Pastures,https://naturesseed.com/?p=191056,post,unclassified,,white-clover-2
253,Pros and Cons of Different Lawn Mowing Techniques,https://naturesseed.com/?p=191053,post,unclassified,,
254,It Makes Perfect Scents: How to Grow a Fragrant Garden,https://naturesseed.com/?p=191050,post,unclassified,,white-dutch-clover-seeds-2
254,It Makes Perfect Scents: How to Grow a Fragrant Garden,https://naturesseed.com/?p=191050,post,unclassified,,red-clover
255,How to Help Your Lawn Recover After A Flood,https://naturesseed.com/?p=191047,post,unclassified,,products-pasture-seed-bahia-grass
255,How to Help Your Lawn Recover After A Flood,https://naturesseed.com/?p=191047,post,unclassified,,blue-eyed-grass-2
256,Lawn and Garden Solutions for Shady Areas,https://naturesseed.com/?p=191044,post,unclassified,,alsike-clover
256,Lawn and Garden Solutions for Shady Areas,https://naturesseed.com/?p=191044,post,unclassified,,red-clover
256,Lawn and Garden Solutions for Shady Areas,https://naturesseed.com/?p=191044,post,unclassified,,white-dutch-clover-seeds-2
256,Lawn and Garden Solutions for Shady Areas,https://naturesseed.com/?p=191044,post,unclassified,,products-pasture-seed-buffalograss
256,Lawn and Garden Solutions for Shady Areas,https://naturesseed.com/?p=191044,post,unclassified,,white-clover-2
257,Gardening and Landscaping Tips for Small Areas,https://naturesseed.com/?p=191041,post,unclassified,,
258,Rocky Mountain Beeplant: A Unique Specimen for Any Wildflower Garden,https://naturesseed.com/?p=191038,post,unclassified,,deer-resistant-wildflower-seed-mix
259,How Fallen Leaves Can Benefit Your Lawn and Garden,https://naturesseed.com/?p=191035,post,unclassified,,
260,How to Make Wildflower Seed Bombs,https://naturesseed.com/?p=191032,post,unclassified,,
261,What Pest Control Businesses are Doing to Minimize Harm,https://naturesseed.com/?p=191029,post,unclassified,,
262,How to Winterize Your Lawn Mower,https://naturesseed.com/?p=191026,post,unclassified,,
263,Collecting the Seeds from Your Wildflower Garden,https://naturesseed.com/?p=191023,post,unclassified,,
264,Give Your Lawn a Head Start This Spring Through Dormant Seeding,https://naturesseed.com/?p=191020,post,unclassified,,products-pasture-seed-bahia-grass
264,Give Your Lawn a Head Start This Spring Through Dormant Seeding,https://naturesseed.com/?p=191020,post,unclassified,,blue-eyed-grass-2
265,Beware of Cheatgrass Infestations in Pastures and Rangeland,https://naturesseed.com/?p=191017,post,unclassified,,
266,Prepare Now to Beat Drought Next Summer,https://naturesseed.com/?p=191014,post,unclassified,,kentucky-bluegrass-2
266,Prepare Now to Beat Drought Next Summer,https://naturesseed.com/?p=191014,post,unclassified,,dryland-pasture-mix
266,Prepare Now to Beat Drought Next Summer,https://naturesseed.com/?p=191014,post,unclassified,,products-pasture-seed-buffalograss
267,Early Fall Lawn and Garden Tips,https://naturesseed.com/?p=191011,post,unclassified,,perennial-ryegrass-2
267,Early Fall Lawn and Garden Tips,https://naturesseed.com/?p=191011,post,unclassified,,kentucky-bluegrass-2
267,Early Fall Lawn and Garden Tips,https://naturesseed.com/?p=191011,post,unclassified,,perennial-ryegrass-fast-growing-lawn-mix
267,Early Fall Lawn and Garden Tips,https://naturesseed.com/?p=191011,post,unclassified,,blue-ribbon-water-wise-lawn-mix-twca-certified
268,Laudable Legume: The Many Qualities of Birdsfoot Trefoil,https://naturesseed.com/?p=191008,post,unclassified,,
269,Worm Mounds in Lawn Grass: Much Ado About Nothing,https://naturesseed.com/?p=191005,post,unclassified,,
270,Ushering in the Autumn Season with Aster Wildflowers,https://naturesseed.com/?p=191002,post,unclassified,,rocky-mountain-wildflower-mix-2
271,Could Your Lawn Benefit From Core Aeration?,https://naturesseed.com/?p=190999,post,unclassified,,perennial-ryegrass-2
271,Could Your Lawn Benefit From Core Aeration?,https://naturesseed.com/?p=190999,post,unclassified,,kentucky-bluegrass-2
271,Could Your Lawn Benefit From Core Aeration?,https://naturesseed.com/?p=190999,post,unclassified,,perennial-ryegrass-fast-growing-lawn-mix
271,Could Your Lawn Benefit From Core Aeration?,https://naturesseed.com/?p=190999,post,unclassified,,blue-ribbon-water-wise-lawn-mix-twca-certified
271,Could Your Lawn Benefit From Core Aeration?,https://naturesseed.com/?p=190999,post,unclassified,,products-pasture-seed-buffalograss
272,GM Kentucky Bluegrass: A Step in the Wrong Direction,https://naturesseed.com/?p=190996,post,unclassified,,kentucky-bluegrass-2
272,GM Kentucky Bluegrass: A Step in the Wrong Direction,https://naturesseed.com/?p=190996,post,unclassified,,bluegrass-water-wise-lawn-mix-twca-certified
273,Dealing With Annual Bluegrass in Your Lawn,https://naturesseed.com/?p=190993,post,unclassified,,kentucky-bluegrass-2
273,Dealing With Annual Bluegrass in Your Lawn,https://naturesseed.com/?p=190993,post,unclassified,,organic-maintenance-fertilizer-18-1-8fe
273,Dealing With Annual Bluegrass in Your Lawn,https://naturesseed.com/?p=190993,post,unclassified,,bluegrass-water-wise-lawn-mix-twca-certified
274,The Use of Ornamental Grass in the Landscape and Garden,https://naturesseed.com/?p=190990,post,unclassified,,
275,Maintaining Your Lawn and Garden During a Heat Wave,https://naturesseed.com/?p=190987,post,unclassified,,perennial-ryegrass-2
275,Maintaining Your Lawn and Garden During a Heat Wave,https://naturesseed.com/?p=190987,post,unclassified,,kentucky-bluegrass-2
275,Maintaining Your Lawn and Garden During a Heat Wave,https://naturesseed.com/?p=190987,post,unclassified,,blue-ribbon-water-wise-lawn-mix-twca-certified
275,Maintaining Your Lawn and Garden During a Heat Wave,https://naturesseed.com/?p=190987,post,unclassified,,products-pasture-seed-buffalograss
276,My Interview With an Ant: What Are You Doing in My Lawn Grass?,https://naturesseed.com/?p=190984,post,unclassified,,
277,The Benefits of Raising Animals and Livestock on Pasture Grass,https://naturesseed.com/?p=190981,post,unclassified,,
278,Erosion Control and Reclamation After a Wildfire,https://naturesseed.com/?p=190978,post,unclassified,,products-pasture-seed-bahia-grass
278,Erosion Control and Reclamation After a Wildfire,https://naturesseed.com/?p=190978,post,unclassified,,blue-eyed-grass-2
279,Soil Tests: A Crucial Step Before Planting Gardens and Grass Seed,https://naturesseed.com/?p=190975,post,unclassified,,
280,Be Safe This Summer When Working on the Lawn and Garden,https://naturesseed.com/?p=190972,post,unclassified,,
281,"Rocky Mountain Iris: A Stunning Spectacle along Lakes, Rivers, and Streams",https://naturesseed.com/?p=190969,post,unclassified,,rocky-mountain-wildflower-mix-2
282,Identifying and Preventing Sod Webworm Damage,https://naturesseed.com/?p=190932,post,unclassified,,
283,How to Make Plantable Seed Paper,https://naturesseed.com/?p=190962,post,unclassified,,
284,Peaceful Coexistence: Keeping Deer from Eating Your Wildflowers,https://naturesseed.com/?p=190959,post,unclassified,,deer-resistant-wildflower-seed-mix
285,The Best Way to Sow Grass Seeds When Planting a New Lawn,https://naturesseed.com/?p=190955,post,unclassified,,perennial-ryegrass-2
285,The Best Way to Sow Grass Seeds When Planting a New Lawn,https://naturesseed.com/?p=190955,post,unclassified,,kentucky-bluegrass-2
285,The Best Way to Sow Grass Seeds When Planting a New Lawn,https://naturesseed.com/?p=190955,post,unclassified,,products-pasture-seed-bahia-grass
285,The Best Way to Sow Grass Seeds When Planting a New Lawn,https://naturesseed.com/?p=190955,post,unclassified,,perennial-ryegrass-fast-growing-lawn-mix
285,The Best Way to Sow Grass Seeds When Planting a New Lawn,https://naturesseed.com/?p=190955,post,unclassified,,bluegrass-water-wise-lawn-mix-twca-certified
285,The Best Way to Sow Grass Seeds When Planting a New Lawn,https://naturesseed.com/?p=190955,post,unclassified,,blue-ribbon-water-wise-lawn-mix-twca-certified
285,The Best Way to Sow Grass Seeds When Planting a New Lawn,https://naturesseed.com/?p=190955,post,unclassified,,products-pasture-seed-buffalograss
285,The Best Way to Sow Grass Seeds When Planting a New Lawn,https://naturesseed.com/?p=190955,post,unclassified,,blue-eyed-grass-2
286,"The Benefits of Management-Intensive Grazing on the Environment, Livestock, and Pasture Grass",https://naturesseed.com/?p=190952,post,unclassified,,
287,Cool-Season vs. Warm-Season Grasses Explained,https://naturesseed.com/?p=190949,post,unclassified,,perennial-ryegrass-2
287,Cool-Season vs. Warm-Season Grasses Explained,https://naturesseed.com/?p=190949,post,unclassified,,kentucky-bluegrass-2
287,Cool-Season vs. Warm-Season Grasses Explained,https://naturesseed.com/?p=190949,post,unclassified,,products-pasture-seed-bahia-grass
287,Cool-Season vs. Warm-Season Grasses Explained,https://naturesseed.com/?p=190949,post,unclassified,,products-pasture-seed-buffalograss
287,Cool-Season vs. Warm-Season Grasses Explained,https://naturesseed.com/?p=190949,post,unclassified,,blue-eyed-grass-2
288,The Growing Popularity of Grass Driveways,https://naturesseed.com/?p=190945,post,unclassified,,kentucky-bluegrass-2
288,The Growing Popularity of Grass Driveways,https://naturesseed.com/?p=190945,post,unclassified,,bluegrass-water-wise-lawn-mix-twca-certified
289,6 Money Saving Tips for Frugal Lawn and Garden Care,https://naturesseed.com/?p=190942,post,unclassified,,products-pasture-seed-bahia-grass
289,6 Money Saving Tips for Frugal Lawn and Garden Care,https://naturesseed.com/?p=190942,post,unclassified,,products-pasture-seed-buffalograss
289,6 Money Saving Tips for Frugal Lawn and Garden Care,https://naturesseed.com/?p=190942,post,unclassified,,blue-eyed-grass-2
290,Should I Add Lime to My Lawn?,https://naturesseed.com/?p=190939,post,unclassified,,products-pasture-seed-bahia-grass
290,Should I Add Lime to My Lawn?,https://naturesseed.com/?p=190939,post,unclassified,,blue-eyed-grass-2
291,Prevent Water Pollution Using Grass and Wildflower Buffer Strips,https://naturesseed.com/?p=190936,post,unclassified,,
292,The Humble Mushroom: An Indicator of a Healthy Lawn,https://naturesseed.com/?p=190925,post,unclassified,,
293,"Growing Indian Paintbrush Wildflower Seed: Challenging, Yet So Rewarding",https://naturesseed.com/?p=190922,post,unclassified,,rocky-mountain-wildflower-mix-2
294,Stop Wetland Destruction: Avoid Peat Moss When Germinating Grass Seed,https://naturesseed.com/?p=190919,post,unclassified,,products-pasture-seed-bahia-grass
294,Stop Wetland Destruction: Avoid Peat Moss When Germinating Grass Seed,https://naturesseed.com/?p=190919,post,unclassified,,blue-eyed-grass-2
295,Dealing With Snow Mold in Your Grass,https://naturesseed.com/?p=190916,post,unclassified,,
296,Organic Matter: Achieving the Best Possible Soil Conditions for Grass Seed,https://naturesseed.com/?p=190913,post,unclassified,,organic-maintenance-fertilizer-18-1-8fe
296,Organic Matter: Achieving the Best Possible Soil Conditions for Grass Seed,https://naturesseed.com/?p=190913,post,unclassified,,products-pasture-seed-bahia-grass
296,Organic Matter: Achieving the Best Possible Soil Conditions for Grass Seed,https://naturesseed.com/?p=190913,post,unclassified,,blue-eyed-grass-2
297,Fake Grass Causing Real Problems for Athletes and the Environment,https://naturesseed.com/?p=190910,post,unclassified,,products-pasture-seed-buffalograss
298,How to Avoid Winter Time Browning of Bermudagrass Lawns,https://naturesseed.com/?p=190907,post,unclassified,,perennial-ryegrass-2
298,How to Avoid Winter Time Browning of Bermudagrass Lawns,https://naturesseed.com/?p=190907,post,unclassified,,kentucky-bluegrass-2
299,Happy and Healthy: Gardening Activities for Children,https://naturesseed.com/?p=191068,post,unclassified,,
300,An Oldie but a Goodie: Advantages of Reel Mowers,https://naturesseed.com/?p=190904,post,unclassified,,
301,The Sustainable Attributes of Buffalo Grass Seed,https://naturesseed.com/?p=190598,post,unclassified,,kentucky-bluegrass-2
301,The Sustainable Attributes of Buffalo Grass Seed,https://naturesseed.com/?p=190598,post,unclassified,,products-pasture-seed-buffalograss
301,The Sustainable Attributes of Buffalo Grass Seed,https://naturesseed.com/?p=190598,post,unclassified,,sundancer-buffalograss-lawn-seed
302,Rainwater Harvesting: The Future of Self-Sustaining Lawns and Golf Courses,https://naturesseed.com/?p=190593,post,unclassified,,kentucky-bluegrass-2
302,Rainwater Harvesting: The Future of Self-Sustaining Lawns and Golf Courses,https://naturesseed.com/?p=190593,post,unclassified,,products-pasture-seed-buffalograss
302,Rainwater Harvesting: The Future of Self-Sustaining Lawns and Golf Courses,https://naturesseed.com/?p=190593,post,unclassified,,bluegrass-water-wise-lawn-mix-twca-certified
302,Rainwater Harvesting: The Future of Self-Sustaining Lawns and Golf Courses,https://naturesseed.com/?p=190593,post,unclassified,,sundancer-buffalograss-lawn-seed
303,Moles: Misunderstood Heroes Lurking in Your Lawn,https://naturesseed.com/?p=190588,post,unclassified,,
304,The Benefits of Mulching: A Step Forward in Sustainability,https://naturesseed.com/?p=190584,post,unclassified,,
305,What Do We Mean By “Elite” and “Premium” Type Grass Seed?,https://naturesseed.com/?p=190579,post,unclassified,,kentucky-bluegrass-2
305,What Do We Mean By “Elite” and “Premium” Type Grass Seed?,https://naturesseed.com/?p=190579,post,unclassified,,bluegrass-water-wise-lawn-mix-twca-certified
306,What Are Endophytes? And What Are They Doing in My Lawn?,https://naturesseed.com/?p=190574,post,unclassified,,products-pasture-seed-tall-fescue
307,Advantages of Establishing a Lawn from Seed Instead of Sod,https://naturesseed.com/?p=190569,post,unclassified,,products-pasture-seed-bahia-grass
307,Advantages of Establishing a Lawn from Seed Instead of Sod,https://naturesseed.com/?p=190569,post,unclassified,,twca-water-wise-sun-shade-mix
307,Advantages of Establishing a Lawn from Seed Instead of Sod,https://naturesseed.com/?p=190569,post,unclassified,,blue-eyed-grass-2
308,Tips For Sharing Your Lawn with Your Dog,https://naturesseed.com/?p=190564,post,unclassified,,perennial-ryegrass-2
308,Tips For Sharing Your Lawn with Your Dog,https://naturesseed.com/?p=190564,post,unclassified,,kentucky-bluegrass-2
308,Tips For Sharing Your Lawn with Your Dog,https://naturesseed.com/?p=190564,post,unclassified,,products-pasture-seed-bahia-grass
308,Tips For Sharing Your Lawn with Your Dog,https://naturesseed.com/?p=190564,post,unclassified,,blue-eyed-grass-2
309,Winter Preparations for your Lawn,https://naturesseed.com/?p=190559,post,unclassified,,products-pasture-seed-bahia-grass
309,Winter Preparations for your Lawn,https://naturesseed.com/?p=190559,post,unclassified,,blue-eyed-grass-2
310,Telling the Difference Between Drought Stress and Grub Damage in Lawns,https://naturesseed.com/?p=190554,post,unclassified,,kentucky-bluegrass-2
310,Telling the Difference Between Drought Stress and Grub Damage in Lawns,https://naturesseed.com/?p=190554,post,unclassified,,bluegrass-water-wise-lawn-mix-twca-certified
311,How Do I Get Rid of Crabgrass In My Lawn?,https://naturesseed.com/?p=190550,post,unclassified,,
312,Genetic Grass Color vs. Fertilized Grass Color,https://naturesseed.com/?p=190543,post,unclassified,,kentucky-bluegrass-2
313,Resources,https://naturesseed.com/?page_id=468232,page,unclassified,,
314,Partner With Us,https://naturesseed.com/?page_id=468233,page,unclassified,,kentucky-bluegrass-2
315,test,https://naturesseed.com/?page_id=461066,page,unclassified,,
316,Reviews,https://naturesseed.com/reviews/,page,unclassified,,
317,–,https://naturesseed.com/?page_id=449953,page,unclassified,,
318,Planting Guides,https://naturesseed.com/?page_id=449940,page,unclassified,,
319,Homepage,https://naturesseed.com/,page,unclassified,,products-pasture-seed-tall-fescue
319,Homepage,https://naturesseed.com/,page,unclassified,,fine-fescue-low-water-maintenance-turf-mix
319,Homepage,https://naturesseed.com/,page,unclassified,,deer-resistant-wildflower-seed-mix
319,Homepage,https://naturesseed.com/,page,unclassified,,alsike-clover
319,Homepage,https://naturesseed.com/,page,unclassified,,red-clover
319,Homepage,https://naturesseed.com/,page,unclassified,,rocky-mountain-wildflower-mix-2
319,Homepage,https://naturesseed.com/,page,unclassified,,annual-wildflower-mix-2
319,Homepage,https://naturesseed.com/,page,unclassified,,sheep-fescue-grass-2
319,Homepage,https://naturesseed.com/,page,unclassified,,california-coastal-native-wildflower-mix-2
319,Homepage,https://naturesseed.com/,page,unclassified,,white-clover-2
319,Homepage,https://naturesseed.com/,page,unclassified,,florida-native-wildflower-mix
320,Request a Quote,https://naturesseed.com/request-a-quote/,page,unclassified,,
321,Grass Seed Guides,https://naturesseed.com/grass-seed-guides/,page,unclassified,,
322,Testimonials,https://naturesseed.com/testimonial/,page,unclassified,,
323,Terms of Use,https://naturesseed.com/terms-of-use/,page,unclassified,,
324,Shipping Policy,https://naturesseed.com/shipping-and-returns-policy/,page,unclassified,,
325,Home Page Old,https://naturesseed.com/?page_id=165688,page,unclassified,,products-pasture-seed-bahia-grass
325,Home Page Old,https://naturesseed.com/?page_id=165688,page,unclassified,,blue-eyed-grass-2
326,Cart,https://naturesseed.com/cart/,page,unclassified,,fakahatchee-grass-eastern-gamagrass
326,Cart,https://naturesseed.com/cart/,page,unclassified,,texas-bluebonnet-seeds
326,Cart,https://naturesseed.com/cart/,page,unclassified,,texas-native-wildflower-mix
326,Cart,https://naturesseed.com/cart/,page,unclassified,,texas-native-lawn-mix
326,Cart,https://naturesseed.com/cart/,page,unclassified,,california-native-wildflower-mix-4
326,Cart,https://naturesseed.com/cart/,page,unclassified,,california-native-lawn-alternative-mix
326,Cart,https://naturesseed.com/cart/,page,unclassified,,products-pasture-seed-native-cabin-grass-mix
326,Cart,https://naturesseed.com/cart/,page,unclassified,,texas-pollinator-wildflower-mix
327,Checkout,https://naturesseed.com/checkout/,page,unclassified,,
328,My account,https://naturesseed.com/my-account/,page,unclassified,,
329,Privacy Policy,https://naturesseed.com/privacy-policy/,page,unclassified,,
330,Contact us,https://naturesseed.com/contact-us/,page,unclassified,,
331,About us,https://naturesseed.com/about/,page,unclassified,,
332,Wishlist,https://naturesseed.com/wishlist/,page,unclassified,,
333,Shop,https://naturesseed.com/?page_id=165067,page,unclassified,,
334,Compare,https://naturesseed.com/compare/,page,unclassified,,
335,Blog,https://naturesseed.com/?page_id=165065,page,unclassified,,
336,Eastern Gamagrass (Fakahatchee) Seed,https://naturesseed.com/products/pasture-seed/fakahatchee-grass-eastern-gamagrass/,product,products,florida-seed,
337,Texas Bluebonnet Seeds,https://naturesseed.com/products/wildflower-seed/texas-bluebonnet-seeds/,product,products-wildflower-seed,texas-native-wildflowers,
338,Texas Native Wildflower Mix,https://naturesseed.com/products/wildflower-seed/texas-native-wildflower-mix/,product,texas-seeds,,
339,Texas Native Grass Seed Mix,https://naturesseed.com/products/grass-seed/texas-native-lawn-mix/,product,products-drought-tolerant-seed,,
340,Texas Pollinator Wildflower Mix,https://naturesseed.com/products/wildflower-seed/texas-pollinator-wildflower-mix/,product,products-wildflower-seed,,
341,Pink Evening Primrose Seeds,https://naturesseed.com/products/wildflower-seed/pink-evening-primrose-seeds/,product,texas-seeds,,
342,Texas Native Pasture Prairie Mix,https://naturesseed.com/products/pasture-seed/texas-native-prairie-mix/,product,products-drought-tolerant-seed,,
343,Drummond Phlox Seeds,https://naturesseed.com/products/wildflower-seed/drummond-phlox-seeds/,product,products-wildflower-seed,,
344,Fakahatchee Grass Seeds,https://naturesseed.com/?post_type=product&p=462298,product,unclassified,,
345,Lance Leaf Coreopsis Seed,https://naturesseed.com/products/wildflower-seed/lanceleaf-coreopsis-seeds/,product,products,,
346,Florida Coastal Native Wildflower Seed Mix,https://naturesseed.com/products/wildflower-seed/florida-coastal-native-mix/,product,products,,
347,Grass Seed Mix for Florida Lawns,https://naturesseed.com/products/grass-seed/florida-native-lawn-alternative-mix/,product,products,,
348,Florida Pollinator and Butterfly Seed Mix,https://naturesseed.com/products/wildflower-seed/florida-pollinator-butterfly-mix/,product,products,,
349,Florida Native Wildflower Seed Mix,https://naturesseed.com/products/wildflower-seeds/florida-native-wildflower-mix/,product,products,,
350,Pollinator Corridor Kit,https://naturesseed.com/products/wildflower-seed/pollinator-corridor-kit/,product,unclassified,,white-clover-2
351,First-Year Color + Perennial Foundation Wildflower Kit,https://naturesseed.com/products/wildflower-seed/first-year-and-perennial-foundation-wildflower-kit/,product,products-wildflower-seed,wildflower-kits-collections,
352,Weed Smother Cover Crop Kit,https://naturesseed.com/products/pasture-seed/weed-smother-cover-crop-kit/,product,products,cover-crops,
353,Soil Builder Cover Crop Kit,https://naturesseed.com/products/pasture-seed/soil-builder-cover-crop-kit/,product,products,cover-crops,white-clover-2
354,Overseed &amp; Repair Lawn Kit,https://naturesseed.com/products/grass-seed/overseed-and-repair-lawn-kit/,product,products-grass-seed,drought-tolerant-lawns,perennial-ryegrass-2
355,Thin Pasture Fix Kit,https://naturesseed.com/products/pasture-seed/thin-pasture-kit/,product,pasture-seed,pasture-renovation,perennial-ryegrass-2
355,Thin Pasture Fix Kit,https://naturesseed.com/products/pasture-seed/thin-pasture-kit/,product,pasture-seed,pasture-renovation,perennial-ryegrass-fast-growing-lawn-mix
355,Thin Pasture Fix Kit,https://naturesseed.com/products/pasture-seed/thin-pasture-kit/,product,pasture-seed,pasture-renovation,products-pasture-seed-orchardgrass
355,Thin Pasture Fix Kit,https://naturesseed.com/products/pasture-seed/thin-pasture-kit/,product,pasture-seed,pasture-renovation,white-clover-2
356,The Ultimate Habitat Restoration Bundle Mix,https://naturesseed.com/?post_type=product&p=460828,product,specialty-seed,habitat-restoration,
357,California Native Ignition Resistant Seed Mix,https://naturesseed.com/?post_type=product&p=458474,product,unclassified,,
358,Upland Game Mix,https://naturesseed.com/products/pasture-seed/upland-game-mix/,product,products-food-plot-seed,,
359,Dryland Pasture Mix,https://naturesseed.com/products/pasture-seed/dryland-pasture-mix/,product,unclassified,,dryland-pasture-mix
360,Premium Irrigated Pasture Mix,https://naturesseed.com/products/pasture-seed/premium-irrigated-pasture-mix/,product,pasture-seed,,
361,Native Cabin Grass Seed Mix,https://naturesseed.com/products/pasture-seed/native-cabin-grass-mix/,product,products-food-plot-seed,,
362,Mustard Biofumigant Blend Cover Crop Seed Mix,https://naturesseed.com/products/pasture-seed/mustard-biofumigant-blend-cover-crop-seed-mix/,product,products-cover-crop-seed,,
363,Jimmy's Perennial Wildflower Mix,https://naturesseed.com/products/wildflower-seed/jimmys-perennial-wildflower-mix/,product,products-wildflower-seed,wildflower-kits-collections,california-poppy-2
363,Jimmy's Perennial Wildflower Mix,https://naturesseed.com/products/wildflower-seed/jimmys-perennial-wildflower-mix/,product,products-wildflower-seed,wildflower-kits-collections,jimmys-perennial-wildflower-mix
363,Jimmy's Perennial Wildflower Mix,https://naturesseed.com/products/wildflower-seed/jimmys-perennial-wildflower-mix/,product,products-wildflower-seed,wildflower-kits-collections,perennial-ryegrass-2
363,Jimmy's Perennial Wildflower Mix,https://naturesseed.com/products/wildflower-seed/jimmys-perennial-wildflower-mix/,product,products-wildflower-seed,wildflower-kits-collections,blue-eyed-grass-2
363,Jimmy's Perennial Wildflower Mix,https://naturesseed.com/products/wildflower-seed/jimmys-perennial-wildflower-mix/,product,products-wildflower-seed,wildflower-kits-collections,western-yarrow-2
364,Pasture Clover Mix for Waterfowl Food Plots,https://naturesseed.com/products/pasture-seed/pasture-clover-mix-for-duck-quail-food-plot/,product,pasture-seed,,
365,Clover Lawn Alternative Mix,https://naturesseed.com/products/grass-seed/clover-lawn-alternative-mix/,product,clover-seed,,lawn-alternative-clover-mix
366,Meadow Lawn Blend,https://naturesseed.com/products/grass-seed/meadow-lawn-blend/,product,products-grass-seed,,
367,Hardy Grass Seed Mix for High Traffic Lawns,https://naturesseed.com/products/grass-seed/high-traffic-hardy-lawn/,product,products-drought-tolerant-seed,high-traffic-turf,
368,Sundancer Buffalograss Lawn Seed,https://naturesseed.com/products/grass-seed/sundancer-buffalograss-seed/,product,products-grass-seed,drought-tolerant-lawns,
369,Shortgrass Prairie Seed Mix,https://naturesseed.com/products/pasture-seed/shortgrass-prairie-mix/,product,products,,
370,Sandhills Pasture Prairie Mix,https://naturesseed.com/products/pasture-seed/sandhills-prairie-mix/,product,pasture-seed,,
371,5 Star Bluegrass Lawn Seed Mix,https://naturesseed.com/?post_type=product&p=455406,product,products-grass-seed,,
372,Green Screen Food Plot Mix,https://naturesseed.com/products/pasture-seed/green-screen-food-plot-screen/,product,products,food-plot-seed,green-screen-food-plot-screen
373,Full Potential Food Plot Mix,https://naturesseed.com/products/pasture-seed/full-potential-food-plot/,product,products,,
374,Krunch N Munch Food Plot Mix,https://naturesseed.com/products/pasture-seed/krunch-and-munch-food-plot/,product,products,,
375,Shade Tolerant Food Plot Mix,https://naturesseed.com/products/pasture-seed/shade-mix-food-plot/,product,products,,
376,Plains Prairie Mix,https://naturesseed.com/products/pasture-seed/plains-prairie-mix/,product,products,,
377,DuraTurf Tall Fescue Lawn Seed Mix,https://naturesseed.com/?post_type=product&p=455364,product,products-grass-seed,,
378,Tuff 'N' Nuff Lawn Seed Mix,https://naturesseed.com/?post_type=product&p=455344,product,products-grass-seed,,
379,Chaparral Sage Scrub Mix,https://naturesseed.com/products/wildflower-seed/chaparral-sage-scrub-mix/,product,california-seeds,,
380,Coastal California Sage Scrub Mix,https://naturesseed.com/products/wildflower-seed/coastal-sage-scrub-mix/,product,products,,
381,California Bush Sunflower Seed,https://naturesseed.com/products/wildflower-seed/california-bush-sunflower/,product,products,,
382,White Sage Seed,https://naturesseed.com/products/wildflower-seed/white-sage/,product,products,,
383,Purple Needlegrass Seed,https://naturesseed.com/products/wildflower-seed/purple-needlegrass/,product,products,,
384,Arroyo Lupine Seed,https://naturesseed.com/products/wildflower-seed/arroyo-lupine/,product,products,,
385,Golden Yarrow Seed,https://naturesseed.com/products/wildflower-seed/golden-yarrow/,product,products,,
386,Central Valley Pollinator Wildflower Mix,https://naturesseed.com/products/wildflower-seed/central-valley-pollinator-mix-xerces-society/,product,products,,
387,Yellow Lupine Seed,https://naturesseed.com/products/wildflower-seed/yellow-lupine/,product,products,,
388,Western Yarrow Seed,https://naturesseed.com/products/wildflower-seed/western-yarrow/,product,products,,
389,Premium Pet & Kid Friendly Bluegrass Bundle,https://naturesseed.com/product/premium-pet-kid-friendly-bluegrass-bundle/,product,products,,
390,Brittlebrush Seed,https://naturesseed.com/products/wildflower-seed/brittlebush/,product,products,,
391,Bush Monkeyflower Seed,https://naturesseed.com/products/wildflower-seed/bush-monkeyflower/,product,products,,
392,Pet & Kid Friendly Low-Maintenance Fescue Lawn Bundle,https://naturesseed.com/product/bundle/pet-kid-friendly-fescue-lawn-bundle/,product,products-grass-seed,,
393,Blue-Eyed Grass Seed,https://naturesseed.com/products/wildflower-seed/blue-eyed-grass/,product,products,,
394,Miniature Lupine Seed,https://naturesseed.com/products/wildflower-seed/miniature-lupine/,product,products,,
395,White Clover Seed,https://naturesseed.com/products/clover-seed/white-clover/,product,products,cover-crops,white-clover-2
396,"White Dutch Clover Soil & Grass Health Boost - 5lb for 10,000 Sq ft.",https://naturesseed.com/product/white-dutch-clover-soil-grass-health-boost-5lb-for-10000-sq-ft/,product,products,,
397,Alfalfa Seeds Test - V2,https://naturesseed.com/?post_type=product&p=444278,product,unclassified,,products-pasture-seed-alfalfa-seeds
397,Alfalfa Seeds Test - V2,https://naturesseed.com/?post_type=product&p=444278,product,unclassified,,products-pasture-seed-orchardgrass
398,"Rice Hulls: Improve Seed Contact, Germination & Hold Moisture",https://naturesseed.com/products/planting-aids/rice-hulls-improve-seed-contact-germination-hold-moisture/,product,products,,
399,Rice Hulls,https://naturesseed.com/products/planting-aids/rice-hull/,product,products,soil-amendments,
400,Sun and Shade Grass Seed Mix,https://naturesseed.com/products/grass-seed/twca-water-wise-sun-shade-mix/,product,products,lawn-and-grass-seed,perennial-ryegrass-2
400,Sun and Shade Grass Seed Mix,https://naturesseed.com/products/grass-seed/twca-water-wise-sun-shade-mix/,product,products,lawn-and-grass-seed,kentucky-bluegrass-2
400,Sun and Shade Grass Seed Mix,https://naturesseed.com/products/grass-seed/twca-water-wise-sun-shade-mix/,product,products,lawn-and-grass-seed,twca-water-wise-sun-shade-mix
401,Alfalfa Seeds - V2,https://naturesseed.com/?post_type=product&p=445558,product,unclassified,,products-pasture-seed-alfalfa-seeds
401,Alfalfa Seeds - V2,https://naturesseed.com/?post_type=product&p=445558,product,unclassified,,products-pasture-seed-orchardgrass
402,California Habitat Mix,https://naturesseed.com/products/grass-seed/california-habitat-mix/,product,products,,
403,California Native Erosion Control Mix,https://naturesseed.com/products/specialty-seed/california-native-erosion-control-mix/,product,specialty-seed,,
404,Thingrass (California Bentgrass),https://naturesseed.com/products/grass-seed/thingrass/,product,products,,
405,California Native Grass Seed Mix,https://naturesseed.com/products/grass-seed/california-native-lawn-alternative-mix/,product,products,,
406,California Poppy,https://naturesseed.com/products/wildflower-seed/california-poppy/,product,products,california-native-seed,california-poppy-2
407,Coastal California Wildflower Seed Mix,https://naturesseed.com/products/wildflower-seed/california-coastal-native-wildflower-mix/,product,products,california-native-seed,california-native-wildflower-mix-4
407,Coastal California Wildflower Seed Mix,https://naturesseed.com/products/wildflower-seed/california-coastal-native-wildflower-mix/,product,products,california-native-seed,california-coastal-native-wildflower-mix-2
408,California Native Wildflower Mix,https://naturesseed.com/products/wildflower-seed/california-native-wildflower-mix/,product,products,,
409,Narrowleaf Milkweed Seed,https://naturesseed.com/products/wildflower-seed/narrowleaf-milkweed/,product,products,wildflower-mixes,narrowleaf-milkweed-2
410,Micro Clover Seed (Mini Clover),https://naturesseed.com/products/clover-seed/microclover/,product,products,,
411,Am 120 Standard Mycorrhizal Inoculant,https://naturesseed.com/products/planting-aids/am-120-standard-mycorrhizal-inoculant/,product,products,soil-amendments,organic-seed-starter-fertilizer-4-6-4-2
411,Am 120 Standard Mycorrhizal Inoculant,https://naturesseed.com/products/planting-aids/am-120-standard-mycorrhizal-inoculant/,product,products,soil-amendments,am-120-standard-mycorrhizal-inoculant-2
412,M-Binder Tackifier-Soil Stabilizer,https://naturesseed.com/products/planting-aids/m-binder-tackifier-soil-stabilizer/,product,products,soil-amendments,
413,Buckwheat Seed,https://naturesseed.com/products/pasture-seed/common-buckwheat/,product,products,cover-crops,products-pasture-seed-common-buckwheat
414,Winter (Cereal) Rye Seed,https://naturesseed.com/products/pasture-seed/cereal-rye/,product,products,,
415,Bahia Grass Seed,https://naturesseed.com/products/pasture-seed/bahia-grass/,product,products,,
416,Switchgrass (Panicum Virgatum) Seed,https://naturesseed.com/products/pasture-seed/switchgrass-seed/,product,products,food-plot-seed,
417,Blue Grama Seed,https://naturesseed.com/products/pasture-seed/blue-grama/,product,products,,
418,Bermudagrass,https://naturesseed.com/?post_type=product&p=445323,product,products,food-plot-seed,
419,Buffalograss Seed,https://naturesseed.com/products/pasture-seed/buffalograss/,product,products,food-plot-seed,
420,Perennial Ryegrass,https://naturesseed.com/products/pasture-seed/perennial-ryegrass/,product,products,,
421,Kentucky Bluegrass,https://naturesseed.com/products/pasture-seed/kentucky-bluegrass/,product,pasture-seed,pasture-renovation,kentucky-bluegrass-2
421,Kentucky Bluegrass,https://naturesseed.com/products/pasture-seed/kentucky-bluegrass/,product,pasture-seed,pasture-renovation,perennial-ryegrass-2
421,Kentucky Bluegrass,https://naturesseed.com/products/pasture-seed/kentucky-bluegrass/,product,pasture-seed,pasture-renovation,bluegrass-water-wise-lawn-mix-twca-certified
422,Alfalfa Seed,https://naturesseed.com/products/pasture-seed/alfalfa/,product,products,,
423,Timothy Grass Hay Seed,https://naturesseed.com/products/pasture-seed/timothy/,product,products,food-plot-seed,perennial-ryegrass-2
424,Orchardgrass Seed,https://naturesseed.com/products/pasture-seed/orchardgrass/,product,products-cover-crop-seed,pasture-and-forage,perennial-ryegrass-2
425,Tall Fescue Grass Seed,https://naturesseed.com/products/pasture-seed/tall-fescue/,product,products-cover-crop-seed,pasture-and-forage,perennial-ryegrass-2
426,Tortoise Forage &amp; Habitat Mix,https://naturesseed.com/?post_type=product&p=445315,product,products,food-plot-seed,
427,Sheep Fescue Grass Seed,https://naturesseed.com/products/grass-seed/sheep-fescue-grass/,product,products,,
428,Deer Resistant Wildflower Seed Mix,https://naturesseed.com/products/wildflower-seed/deer-resistant-wildflower-mix/,product,products,food-plot-seed,deer-resistant-wildflower-seed-mix
429,White Dutch Clover Seed,https://naturesseed.com/products/clover-seed/white-dutch-clover/,product,products,cover-crops,white-dutch-clover-seeds-2
429,White Dutch Clover Seed,https://naturesseed.com/products/clover-seed/white-dutch-clover/,product,products,cover-crops,alsike-clover
429,White Dutch Clover Seed,https://naturesseed.com/products/clover-seed/white-dutch-clover/,product,products,cover-crops,red-clover
429,White Dutch Clover Seed,https://naturesseed.com/products/clover-seed/white-dutch-clover/,product,products,cover-crops,white-clover-2
430,Annual Wildflower Seed Mix,https://naturesseed.com/products/wildflower-seed/annual-wildflower-mix/,product,products,,
431,Rocky Mountain Wildflower Seed Mix,https://naturesseed.com/products/wildflower-seed/rocky-mountain-wildflower-mix/,product,products,wildflower-mixes,rocky-mountain-wildflower-mix-2
431,Rocky Mountain Wildflower Seed Mix,https://naturesseed.com/products/wildflower-seed/rocky-mountain-wildflower-mix/,product,products,wildflower-mixes,annual-wildflower-mix-2
432,Bermuda Grass Seed Mix for Lawns,https://naturesseed.com/products/grass-seed/bermudagrass-seed-blend/,product,products,,
433,Northeast Lawn Grass Seed Mix,https://naturesseed.com/?post_type=product&p=445308,product,products,,
434,Kentucky Bluegrass and Perennial Ryegrass Mix,https://naturesseed.com/products/grass-seed/kentucky-bluegrass-seed-blue-ribbon-mix/,product,products,,
435,Transitional Zone Sheep Pasture Mix,https://naturesseed.com/products/pasture-seed/sheep-pasture-forage-mix-transitional/,product,pasture-seed,goat-sheep-pasture,kentucky-bluegrass-2
435,Transitional Zone Sheep Pasture Mix,https://naturesseed.com/products/pasture-seed/sheep-pasture-forage-mix-transitional/,product,pasture-seed,goat-sheep-pasture,white-clover-2
436,Warm Season Sheep Pasture Mix,https://naturesseed.com/products/pasture-seed/sheep-pasture-forage-mix-warm-season/,product,sheep-pastures,pasture-mix-blends,
437,Cool Season Sheep Pasture Mix,https://naturesseed.com/products/pasture-seed/sheep-pasture-forage-mix-cold-season/,product,products,lawn-and-grass-seed,perennial-ryegrass-2
437,Cool Season Sheep Pasture Mix,https://naturesseed.com/products/pasture-seed/sheep-pasture-forage-mix-cold-season/,product,products,lawn-and-grass-seed,kentucky-bluegrass-2
438,Pig Pasture &amp; Forage Mix,https://naturesseed.com/products/pasture-seed/pig-pasture-forage-mix/,product,pasture-seed,pasture-renovation,
439,Transitional Zone Horse Pasture Mix,https://naturesseed.com/products/pasture-seed/horse-pasture-mix-transitional/,product,pasture-seed,horse-pasture,kentucky-bluegrass-2
440,Warm Season Horse Pasture Mix,https://naturesseed.com/products/pasture-seed/horse-pasture-mix-warm-season/,product,pasture-seed,horse-pasture,perennial-ryegrass-2
440,Warm Season Horse Pasture Mix,https://naturesseed.com/products/pasture-seed/horse-pasture-mix-warm-season/,product,pasture-seed,horse-pasture,products-pasture-seed-poultry-forage-mix
440,Warm Season Horse Pasture Mix,https://naturesseed.com/products/pasture-seed/horse-pasture-mix-warm-season/,product,pasture-seed,horse-pasture,white-clover-2
441,Cool Season Horse Pasture Mix,https://naturesseed.com/products/pasture-seed/horse-pasture-mix-cold-season/,product,pasture-seed,horse-pasture,perennial-ryegrass-2
441,Cool Season Horse Pasture Mix,https://naturesseed.com/products/pasture-seed/horse-pasture-mix-cold-season/,product,pasture-seed,horse-pasture,kentucky-bluegrass-2
441,Cool Season Horse Pasture Mix,https://naturesseed.com/products/pasture-seed/horse-pasture-mix-cold-season/,product,pasture-seed,horse-pasture,perennial-ryegrass-fast-growing-lawn-mix
441,Cool Season Horse Pasture Mix,https://naturesseed.com/products/pasture-seed/horse-pasture-mix-cold-season/,product,pasture-seed,horse-pasture,bluegrass-water-wise-lawn-mix-twca-certified
441,Cool Season Horse Pasture Mix,https://naturesseed.com/products/pasture-seed/horse-pasture-mix-cold-season/,product,pasture-seed,horse-pasture,horse-pasture-mix-cold-season
441,Cool Season Horse Pasture Mix,https://naturesseed.com/products/pasture-seed/horse-pasture-mix-cold-season/,product,pasture-seed,horse-pasture,horse-pasture-mix-warm-season
441,Cool Season Horse Pasture Mix,https://naturesseed.com/products/pasture-seed/horse-pasture-mix-cold-season/,product,pasture-seed,horse-pasture,horse-pasture-mix-transitional
441,Cool Season Horse Pasture Mix,https://naturesseed.com/products/pasture-seed/horse-pasture-mix-cold-season/,product,pasture-seed,horse-pasture,sheep-pasture-forage-mix-warm-season
441,Cool Season Horse Pasture Mix,https://naturesseed.com/products/pasture-seed/horse-pasture-mix-cold-season/,product,pasture-seed,horse-pasture,products-pasture-seed-orchardgrass
441,Cool Season Horse Pasture Mix,https://naturesseed.com/products/pasture-seed/horse-pasture-mix-cold-season/,product,pasture-seed,horse-pasture,white-clover-2
442,Honey Bee Cover Crop &amp; Pasture Mix,https://naturesseed.com/products/pasture-seed/honey-bee-cover-crop-pasture-mix/,product,pasture-seed,pollinator-cover-crops,
443,Goat Pasture &amp; Forage Mix,https://naturesseed.com/products/pasture-seed/goat-pasture-forage-mix-transitional/,product,pasture-seed,goat-sheep-pasture,perennial-ryegrass-2
444,Warm Season Goat Pasture & Forage Mix,https://naturesseed.com/?post_type=product&p=445266,product,pasture-seed,goat-sheep-pasture,
445,Cool Season Goat Pasture & Forage Mix,https://naturesseed.com/?post_type=product&p=445265,product,pasture-seed,goat-sheep-pasture,perennial-ryegrass-2
445,Cool Season Goat Pasture & Forage Mix,https://naturesseed.com/?post_type=product&p=445265,product,pasture-seed,goat-sheep-pasture,perennial-ryegrass-fast-growing-lawn-mix
445,Cool Season Goat Pasture & Forage Mix,https://naturesseed.com/?post_type=product&p=445265,product,pasture-seed,goat-sheep-pasture,products-pasture-seed-orchardgrass
446,Big Game Food Plot &amp; Forage Mix,https://naturesseed.com/products/pasture-seed/big-game-food-plot-forage-mix/,product,products,food-plot-seed,
447,Cool Season Cattle Pasture Seed Mix,https://naturesseed.com/products/pasture-seed/cattle-dairy-cow-pasture-mix-cold-warm-season/,product,pasture-seed,,
448,Warm Season Cattle Pasture Seed Mix,https://naturesseed.com/products/pasture-seed/cattle-dairy-cow-pasture-mix-for-warm-season/,product,products,cover-crops,perennial-ryegrass-2
449,Chicken Forage Seed Mix,https://naturesseed.com/products/pasture-seed/poultry-forage-mix/,product,pasture-seed,specialty-animal-forage,products-pasture-seed-poultry-forage-mix
450,Llama & Alpaca Pasture Seed Mix,https://naturesseed.com/products/pasture-seed/alpaca-llama-pasture-forage-mix/,product,products-drought-tolerant-seed,livestock-pasture,kentucky-bluegrass-2
451,Dryland Revegetation &amp; Erosion Control Seed Mix,https://naturesseed.com/?post_type=product&p=445161,product,products,soil-amendments,california-native-erosion-control-mix-3
451,Dryland Revegetation &amp; Erosion Control Seed Mix,https://naturesseed.com/?post_type=product&p=445161,product,products,soil-amendments,dryland-pasture-mix
452,California Native Fire-Resistant Seed Mix,https://naturesseed.com/products/specialty-seed/california-fire-wise-mix/,product,products,california-native-seed,
453,Prairie Native Drought-Tolerant &amp; Erosion Control Mix,https://naturesseed.com/products/specialty-seed/big-four-native-erosion-control-mix-2/,product,products,,
454,Jimmy's Blue Ribbon Lawn Seed Mix,https://naturesseed.com/products/grass-seed/jimmys-blue-ribbon-premium-grass-seed-mix/,product,products,,
455,Pacific Northwest Grass Seed Mix,https://naturesseed.com/?post_type=product&p=445157,product,products,,
456,California Native Wildflower Mix,https://naturesseed.com/?post_type=product&p=445143,product,unclassified,,
457,Kentucky Bluegrass Seed Mix,https://naturesseed.com/products/grass-seed/water-wise-bluegrass-blend/,product,products,,
458,Organic Maintenance Fertilizer 18-1-8+fe,https://naturesseed.com/product/organic-maintenance-fertilizer-18-1-8fe/,product,products,soil-amendments,
459,Organic Seed Starter Fertilizer 4-6-4,https://naturesseed.com/products/planting-aids/organic-seed-starter-fertilizer-4-6-4/,product,products,soil-amendments,organic-seed-starter-fertilizer-4-6-4-2
460,Triblade Elite Bermudagrass Lawn Mix,https://naturesseed.com/?post_type=product&p=445121,product,unclassified,,
461,Shade-Tolerant Water-Wise Northeast Lawn Mix |TWCA Certified,https://naturesseed.com/?post_type=product&p=445120,product,twca-water-wise-lawn,,
462,Fine Fescue Grass Seed Mix,https://naturesseed.com/products/grass-seed/fine-fescue-grass-seed-mix/,product,products,,
463,Perennial Ryegrass Seed Mix,https://naturesseed.com/products/grass-seed/perennial-ryegrass-seed-blend/,product,products,,
464,Triblade Elite Tall Fescue Grass Seed Mix,https://naturesseed.com/products/grass-seed/triblade-elite-fescue-lawn-mix/,product,products-grass-seed,tall-fescue-mixes,kentucky-bluegrass-2
465,Alfalfa Seeds - V2,https://naturesseed.com/?post_type=product&p=444975,product,unclassified,,products-pasture-seed-alfalfa-seeds
465,Alfalfa Seeds - V2,https://naturesseed.com/?post_type=product&p=444975,product,unclassified,,products-pasture-seed-orchardgrass
466,Southern Dairy Cow & Cattle Forage Mix,https://naturesseed.com/?post_type=product&p=440357,product,unclassified,,
467,California Native Fire-Wise Mix,https://naturesseed.com/?post_type=product&p=440340,product,unclassified,,
468,Alfalfa Seeds,https://naturesseed.com/?post_type=product&p=444258,product,unclassified,,products-pasture-seed-alfalfa-seeds
468,Alfalfa Seeds,https://naturesseed.com/?post_type=product&p=444258,product,unclassified,,products-pasture-seed-orchardgrass
469,Poultry Forage Mix,https://naturesseed.com/?post_type=product&p=440347,product,unclassified,,red-clover
469,Poultry Forage Mix,https://naturesseed.com/?post_type=product&p=440347,product,unclassified,,products-pasture-seed-alfalfa-seeds
469,Poultry Forage Mix,https://naturesseed.com/?post_type=product&p=440347,product,unclassified,,products-pasture-seed-common-buckwheat
469,Poultry Forage Mix,https://naturesseed.com/?post_type=product&p=440347,product,unclassified,,white-clover-2
470,Annual Wildflower Mix,https://naturesseed.com/?post_type=product&p=444244,product,unclassified,,
471,Goat Pasture & Forage Mix - Transitional,https://naturesseed.com/?post_type=product&p=440368,product,unclassified,,
472,Horse Pasture Mix - Transitional,https://naturesseed.com/?post_type=product&p=440376,product,unclassified,,kentucky-bluegrass-2
473,Horse Pasture Mix | Warm Season,https://naturesseed.com/?post_type=product&p=440374,product,unclassified,,perennial-ryegrass-2
473,Horse Pasture Mix | Warm Season,https://naturesseed.com/?post_type=product&p=440374,product,unclassified,,products-pasture-seed-poultry-forage-mix
473,Horse Pasture Mix | Warm Season,https://naturesseed.com/?post_type=product&p=440374,product,unclassified,,white-clover-2
474,Sheep Pasture & Forage Mix | Cold Season,https://naturesseed.com/?post_type=product&p=440380,product,unclassified,,perennial-ryegrass-2
474,Sheep Pasture & Forage Mix | Cold Season,https://naturesseed.com/?post_type=product&p=440380,product,unclassified,,kentucky-bluegrass-2
475,Sheep Pasture & Forage Mix - Transitional,https://naturesseed.com/?post_type=product&p=440384,product,unclassified,,kentucky-bluegrass-2
475,Sheep Pasture & Forage Mix - Transitional,https://naturesseed.com/?post_type=product&p=440384,product,unclassified,,white-clover-2
476,Tortoise Forage Mix,https://naturesseed.com/?post_type=product&p=444240,product,unclassified,,products-pasture-seed-orchardgrass
477,Honey Bee Cover Crop & Pasture Mix,https://naturesseed.com/?post_type=product&p=440370,product,unclassified,,
478,Horse Pasture Mix | Cold Season,https://naturesseed.com/?post_type=product&p=440372,product,unclassified,,
479,Goat Pasture & Forage Mix | Warm Season,https://naturesseed.com/?post_type=product&p=440366,product,unclassified,,
480,Goat Pasture & Forage Mix | Cold Season,https://naturesseed.com/?post_type=product&p=440364,product,unclassified,,perennial-ryegrass-2
481,TWCA Water-Wise Sun and Shade Mix,https://naturesseed.com/?post_type=product&p=444250,product,products-grass-seed,premium-bluegrass-blends,perennial-ryegrass-2
481,TWCA Water-Wise Sun and Shade Mix,https://naturesseed.com/?post_type=product&p=444250,product,products-grass-seed,premium-bluegrass-blends,kentucky-bluegrass-2
482,Grass Seed Mix for Shady Areas,https://naturesseed.com/products/grass-seed/twca-water-wise-shade-mix/,product,products,lawn-and-grass-seed,kentucky-bluegrass-2
483,Native Fine Fescue Mix,https://naturesseed.com/?post_type=product&p=444221,product,unclassified,,fine-fescue-low-water-maintenance-turf-mix
484,Big Game Food Plot & Forage Mix,https://naturesseed.com/?post_type=product&p=440361,product,unclassified,,
485,Alpaca & Llama Forage Mix,https://naturesseed.com/?post_type=product&p=440345,product,unclassified,,kentucky-bluegrass-2
485,Alpaca & Llama Forage Mix,https://naturesseed.com/?post_type=product&p=440345,product,unclassified,,bluegrass-water-wise-lawn-mix-twca-certified
485,Alpaca & Llama Forage Mix,https://naturesseed.com/?post_type=product&p=440345,product,unclassified,,products-pasture-seed-alpaca-llama-pasture-forage-mix
485,Alpaca & Llama Forage Mix,https://naturesseed.com/?post_type=product&p=440345,product,unclassified,,products-pasture-seed-orchardgrass
485,Alpaca & Llama Forage Mix,https://naturesseed.com/?post_type=product&p=440345,product,unclassified,,dryland-pasture-mix
486,Native Dryland & Erosion Control Mix,https://naturesseed.com/?post_type=product&p=440343,product,unclassified,,california-native-erosion-control-mix-3
486,Native Dryland & Erosion Control Mix,https://naturesseed.com/?post_type=product&p=440343,product,unclassified,,dryland-pasture-mix
487,Big Four Native Erosion Control Mix,https://naturesseed.com/?post_type=product&p=440337,product,unclassified,,
488,Cattle & Dairy Cow Pasture Mix | Cold & Warm Season,https://naturesseed.com/?post_type=product&p=440359,product,unclassified,,
489,Pig Pasture & Forage Mix,https://naturesseed.com/?post_type=product&p=440378,product,unclassified,,
490,Sheep Pasture & Forage Mix | Warm Season,https://naturesseed.com/?post_type=product&p=440382,product,unclassified,,
491,Rocky Mountain Wildflower Mix,https://naturesseed.com/?post_type=product&p=444245,product,unclassified,,california-poppy-2
491,Rocky Mountain Wildflower Mix,https://naturesseed.com/?post_type=product&p=444245,product,unclassified,,rocky-mountain-wildflower-mix-2
492,California Native Wildflower Mix,https://naturesseed.com/?post_type=product&p=444223,product,unclassified,,california-native-wildflower-mix-4
492,California Native Wildflower Mix,https://naturesseed.com/?post_type=product&p=444223,product,unclassified,,california-poppy-2
492,California Native Wildflower Mix,https://naturesseed.com/?post_type=product&p=444223,product,unclassified,,texas-native-wildflower-mix
492,California Native Wildflower Mix,https://naturesseed.com/?post_type=product&p=444223,product,unclassified,,florida-native-wildflower-mix
493,California Coastal Native Wildflower Mix,https://naturesseed.com/?post_type=product&p=444222,product,unclassified,,california-habitat-mix-3
493,California Coastal Native Wildflower Mix,https://naturesseed.com/?post_type=product&p=444222,product,unclassified,,california-poppy-2
493,California Coastal Native Wildflower Mix,https://naturesseed.com/?post_type=product&p=444222,product,unclassified,,california-native-wildflower-mix-4
493,California Coastal Native Wildflower Mix,https://naturesseed.com/?post_type=product&p=444222,product,unclassified,,california-coastal-native-wildflower-mix-2
493,California Coastal Native Wildflower Mix,https://naturesseed.com/?post_type=product&p=444222,product,unclassified,,blue-eyed-grass-2
493,California Coastal Native Wildflower Mix,https://naturesseed.com/?post_type=product&p=444222,product,unclassified,,arroyo-lupine-2
493,California Coastal Native Wildflower Mix,https://naturesseed.com/?post_type=product&p=444222,product,unclassified,,texas-native-wildflower-mix
494,Fine Fescue Turf Blend,https://naturesseed.com/?post_type=product&p=444248,product,unclassified,,fine-fescue-low-water-maintenance-turf-mix
494,Fine Fescue Turf Blend,https://naturesseed.com/?post_type=product&p=444248,product,unclassified,,sheep-fescue-grass-2
494,Fine Fescue Turf Blend,https://naturesseed.com/?post_type=product&p=444248,product,unclassified,,products-pasture-seed-tall-fescue
495,TWCA Water-Wise Northeast Mix,https://naturesseed.com/?post_type=product&p=444247,product,unclassified,,kentucky-bluegrass-2
495,TWCA Water-Wise Northeast Mix,https://naturesseed.com/?post_type=product&p=444247,product,unclassified,,products-pasture-seed-bahia-grass
495,TWCA Water-Wise Northeast Mix,https://naturesseed.com/?post_type=product&p=444247,product,unclassified,,blue-eyed-grass-2
496,Perennial Ryegrass Seed Blend,https://naturesseed.com/?post_type=product&p=444249,product,unclassified,,perennial-ryegrass-2
496,Perennial Ryegrass Seed Blend,https://naturesseed.com/?post_type=product&p=444249,product,unclassified,,kentucky-bluegrass-2
496,Perennial Ryegrass Seed Blend,https://naturesseed.com/?post_type=product&p=444249,product,unclassified,,perennial-ryegrass-fast-growing-lawn-mix
497,TWCA Water-Wise Triple-Play Tall Fescue Blend,https://naturesseed.com/?post_type=product&p=441415,product,unclassified,,products-pasture-seed-tall-fescue
497,TWCA Water-Wise Triple-Play Tall Fescue Blend,https://naturesseed.com/?post_type=product&p=441415,product,unclassified,,fine-fescue-low-water-maintenance-turf-mix
497,TWCA Water-Wise Triple-Play Tall Fescue Blend,https://naturesseed.com/?post_type=product&p=441415,product,unclassified,,products-pasture-seed-bahia-grass
497,TWCA Water-Wise Triple-Play Tall Fescue Blend,https://naturesseed.com/?post_type=product&p=441415,product,unclassified,,kentucky-bluegrass-2
497,TWCA Water-Wise Triple-Play Tall Fescue Blend,https://naturesseed.com/?post_type=product&p=441415,product,unclassified,,sheep-fescue-grass-2
497,TWCA Water-Wise Triple-Play Tall Fescue Blend,https://naturesseed.com/?post_type=product&p=441415,product,unclassified,,blue-eyed-grass-2
498,Bermuda Grass Seed Blend,https://naturesseed.com/?post_type=product&p=444246,product,unclassified,,
499,White Dutch Clover Seeds,https://naturesseed.com/?post_type=product&p=444243,product,unclassified,,white-dutch-clover-seeds-2
500,Inoculant,https://naturesseed.com/?post_type=product&p=444227,product,unclassified,,am-120-standard-mycorrhizal-inoculant-2
501,Sheep Fescue Grass,https://naturesseed.com/?post_type=product&p=444241,product,unclassified,,
502,White Clover Seeds,https://naturesseed.com/?post_type=product&p=444233,product,unclassified,,red-clover
502,White Clover Seeds,https://naturesseed.com/?post_type=product&p=444233,product,unclassified,,white-clover-2
503,Kentucky Bluegrass,https://naturesseed.com/?post_type=product&p=444235,product,unclassified,,kentucky-bluegrass-2
503,Kentucky Bluegrass,https://naturesseed.com/?post_type=product&p=444235,product,unclassified,,bluegrass-water-wise-lawn-mix-twca-certified
504,Timothy,https://naturesseed.com/?post_type=product&p=444237,product,unclassified,,
505,Switchgrass,https://naturesseed.com/?post_type=product&p=444231,product,unclassified,,products-pasture-seed-switchgrass-seed
506,Bahiagrass,https://naturesseed.com/?post_type=product&p=444230,product,unclassified,,
507,Alfalfa,https://naturesseed.com/?post_type=product&p=444236,product,unclassified,,products-pasture-seed-orchardgrass
507,Alfalfa,https://naturesseed.com/?post_type=product&p=444236,product,unclassified,,products-pasture-seed-alfalfa-seeds
508,Perennial Ryegrass,https://naturesseed.com/?post_type=product&p=444234,product,unclassified,,perennial-ryegrass-2
508,Perennial Ryegrass,https://naturesseed.com/?post_type=product&p=444234,product,unclassified,,kentucky-bluegrass-2
508,Perennial Ryegrass,https://naturesseed.com/?post_type=product&p=444234,product,unclassified,,perennial-ryegrass-fast-growing-lawn-mix
509,Tall Fescue,https://naturesseed.com/?post_type=product&p=444239,product,unclassified,,products-pasture-seed-tall-fescue
510,Orchardgrass,https://naturesseed.com/?post_type=product&p=444238,product,unclassified,,products-pasture-seed-orchardgrass
510,Orchardgrass,https://naturesseed.com/?post_type=product&p=444238,product,unclassified,,products-pasture-seed-alfalfa-seeds
511,Bermudagrass,https://naturesseed.com/?post_type=product&p=441174,product,unclassified,,california-native-wildflower-mix-4
511,Bermudagrass,https://naturesseed.com/?post_type=product&p=441174,product,unclassified,,texas-native-wildflower-mix
512,Buffalograss,https://naturesseed.com/?post_type=product&p=444232,product,unclassified,,products-pasture-seed-buffalograss
513,Buckwheat,https://naturesseed.com/?post_type=product&p=441161,product,unclassified,,products-pasture-seed-common-buckwheat
514,California Native Erosion Control Mix,https://naturesseed.com/?post_type=product&p=444219,product,unclassified,,california-native-erosion-control-mix-3
514,California Native Erosion Control Mix,https://naturesseed.com/?post_type=product&p=444219,product,unclassified,,california-native-wildflower-mix-4
514,California Native Erosion Control Mix,https://naturesseed.com/?post_type=product&p=444219,product,unclassified,,california-habitat-mix-3
514,California Native Erosion Control Mix,https://naturesseed.com/?post_type=product&p=444219,product,unclassified,,kentucky-bluegrass-2
514,California Native Erosion Control Mix,https://naturesseed.com/?post_type=product&p=444219,product,unclassified,,california-poppy-2
514,California Native Erosion Control Mix,https://naturesseed.com/?post_type=product&p=444219,product,unclassified,,purple-needlegrass-2
515,CALIFORNIA HABITAT MIX,https://naturesseed.com/?post_type=product&p=444218,product,unclassified,,california-habitat-mix-3
515,CALIFORNIA HABITAT MIX,https://naturesseed.com/?post_type=product&p=444218,product,unclassified,,purple-needlegrass-2
516,Cereal Rye,https://naturesseed.com/?post_type=product&p=444228,product,unclassified,,
517,Bluegrass Water-Wise Lawn Mix | TWCA Certified,https://naturesseed.com/?post_type=product&p=444224,product,unclassified,,
518,TWCA Water-Wise Northwest Mix,https://naturesseed.com/?post_type=product&p=440428,product,unclassified,,perennial-ryegrass-2
519,Northern Dairy Cow & Cattle Forage Mix,https://naturesseed.com/?post_type=product&p=440354,product,unclassified,,
520,Sierra Garden Wildflower Mix,https://naturesseed.com/?post_type=product&p=187062,product,unclassified,,california-poppy-2
520,Sierra Garden Wildflower Mix,https://naturesseed.com/?post_type=product&p=187062,product,unclassified,,sheep-fescue-grass-2
521,Bay Area Wildflower Mix,https://naturesseed.com/?post_type=product&p=187020,product,unclassified,,california-habitat-mix-3
521,Bay Area Wildflower Mix,https://naturesseed.com/?post_type=product&p=187020,product,unclassified,,california-poppy-2
522,Sugar Beets,https://naturesseed.com/?post_type=product&p=355913,product,unclassified,,
523,Sunn Hemp,https://naturesseed.com/?post_type=product&p=355918,product,unclassified,,
524,Desert Marigold,https://naturesseed.com/?post_type=product&p=183473,product,unclassified,,
525,Sand Milkweed,https://naturesseed.com/?post_type=product&p=187594,product,unclassified,,
526,Swamp Milkweed,https://naturesseed.com/?post_type=product&p=355627,product,unclassified,,
527,Upland White Aster,https://naturesseed.com/?post_type=product&p=355676,product,unclassified,,
528,Flat Top Aster,https://naturesseed.com/?post_type=product&p=187334,product,unclassified,,
529,Nodding Bur Marigold,https://naturesseed.com/?post_type=product&p=187461,product,unclassified,,
530,Showy Partridge Pea,https://naturesseed.com/?post_type=product&p=187646,product,unclassified,,annual-wildflower-mix-2
531,Prairie Coreopsis,https://naturesseed.com/?post_type=product&p=187523,product,unclassified,,
532,Silky Prairie Clover,https://naturesseed.com/?post_type=product&p=187671,product,unclassified,,
533,Black Samson,https://naturesseed.com/?post_type=product&p=187214,product,unclassified,,perennial-ryegrass-2
533,Black Samson,https://naturesseed.com/?post_type=product&p=187214,product,unclassified,,jimmys-perennial-wildflower-mix
534,Spotted Joe Pye Weed,https://naturesseed.com/?post_type=product&p=355593,product,unclassified,,
535,Grass-Leafed Goldenrod,https://naturesseed.com/?post_type=product&p=187376,product,unclassified,,perennial-ryegrass-2
536,Sweet Joe Pye Weed,https://naturesseed.com/?post_type=product&p=355643,product,unclassified,,perennial-ryegrass-2
537,Showy Sunflower,https://naturesseed.com/?post_type=product&p=187655,product,unclassified,,
538,Dotted Gayfeather,https://naturesseed.com/?post_type=product&p=187285,product,unclassified,,
539,Great Blue Lobella,https://naturesseed.com/?post_type=product&p=187394,product,unclassified,,perennial-ryegrass-2
540,Seed Box,https://naturesseed.com/?post_type=product&p=187618,product,unclassified,,perennial-ryegrass-2
541,Plains Beebalm,https://naturesseed.com/?post_type=product&p=187515,product,unclassified,,
542,Four-Point Evening Primrose,https://naturesseed.com/?post_type=product&p=187342,product,unclassified,,
543,Foxglove Beardtongue,https://naturesseed.com/?post_type=product&p=187350,product,unclassified,,
544,Shell Leaf Penstemon,https://naturesseed.com/?post_type=product&p=187628,product,unclassified,,
545,Prairie Phlox,https://naturesseed.com/?post_type=product&p=187539,product,unclassified,,
546,Obedient Plant,https://naturesseed.com/?post_type=product&p=187477,product,unclassified,,perennial-ryegrass-2
547,Slender Mountain Mint,https://naturesseed.com/?post_type=product&p=187688,product,unclassified,,
548,Sweet Black-Eyed Susan,https://naturesseed.com/?post_type=product&p=355635,product,unclassified,,
549,Brown-Eyed Susan,https://naturesseed.com/?post_type=product&p=187241,product,unclassified,,perennial-ryegrass-2
550,Pitcher Sage,https://naturesseed.com/?post_type=product&p=187507,product,unclassified,,perennial-ryegrass-2
551,Compass Plant,https://naturesseed.com/?post_type=product&p=187259,product,unclassified,,
552,Prairie Dock,https://naturesseed.com/?post_type=product&p=187531,product,unclassified,,
553,Giant Goldenrod,https://naturesseed.com/?post_type=product&p=187358,product,unclassified,,perennial-ryegrass-2
554,Showy Goldenrod,https://naturesseed.com/?post_type=product&p=187636,product,unclassified,,
555,Riddell's Goldenrod,https://naturesseed.com/?post_type=product&p=187568,product,unclassified,,
556,Silky Aster,https://naturesseed.com/?post_type=product&p=187663,product,unclassified,,
557,Prairie Spiderwort,https://naturesseed.com/?post_type=product&p=187549,product,unclassified,,perennial-ryegrass-2
558,Baldwin’s Ironweed,https://naturesseed.com/?post_type=product&p=187204,product,unclassified,,
559,'Amity' Tall Fescue,https://naturesseed.com/?post_type=product&p=185783,product,unclassified,,
560,Southern California Native Fire-Wise Mix,https://naturesseed.com/?post_type=product&p=429826,product,unclassified,,california-poppy-2
561,Splitleaf Indian Paintbrush,https://naturesseed.com/?post_type=product&p=184236,product,unclassified,,
562,Fox Sedge,https://naturesseed.com/?post_type=product&p=355944,product,unclassified,,perennial-ryegrass-2
563,Purple Top,https://naturesseed.com/?post_type=product&p=355861,product,unclassified,,perennial-ryegrass-2
564,Midwest Native Wildflower Mix,https://naturesseed.com/?post_type=product&p=356058,product,unclassified,,butterfly-milkweed
565,Pretty Prairie Tallgrass Mix,https://naturesseed.com/?post_type=product&p=355990,product,unclassified,,butterfly-milkweed
566,Keystone Peas,https://naturesseed.com/?post_type=product&p=355821,product,unclassified,,
567,Lentils,https://naturesseed.com/?post_type=product&p=355826,product,unclassified,,
568,Kale,https://naturesseed.com/?post_type=product&p=355816,product,unclassified,,
569,K-31 Tall Fescue,https://naturesseed.com/?post_type=product&p=356065,product,unclassified,,perennial-ryegrass-2
570,Alkali Sacaton,https://naturesseed.com/?post_type=product&p=187172,product,unclassified,,
571,Woolly Sunflower,https://naturesseed.com/?post_type=product&p=187144,product,unclassified,,perennial-ryegrass-2
572,Imbricate Phacelia,https://naturesseed.com/?post_type=product&p=187003,product,unclassified,,perennial-ryegrass-2
572,Imbricate Phacelia,https://naturesseed.com/?post_type=product&p=187003,product,unclassified,,california-poppy-2
573,California Phacelia,https://naturesseed.com/?post_type=product&p=186994,product,unclassified,,perennial-ryegrass-2
573,California Phacelia,https://naturesseed.com/?post_type=product&p=186994,product,unclassified,,california-poppy-2
574,Fort Miller Clarkia,https://naturesseed.com/?post_type=product&p=186958,product,unclassified,,
575,Xerces Central Coast Pollinator Mix,https://naturesseed.com/?post_type=product&p=186169,product,unclassified,,california-poppy-2
576,Silverleaf Lupine,https://naturesseed.com/?post_type=product&p=184218,product,unclassified,,california-native-wildflower-mix-4
576,Silverleaf Lupine,https://naturesseed.com/?post_type=product&p=184218,product,unclassified,,california-poppy-2
576,Silverleaf Lupine,https://naturesseed.com/?post_type=product&p=184218,product,unclassified,,texas-native-wildflower-mix
577,Hooker's Evening Primrose,https://naturesseed.com/?post_type=product&p=184129,product,unclassified,,pink-evening-primrose-seeds
578,Colorado Columbine,https://naturesseed.com/?post_type=product&p=183241,product,unclassified,,
579,Mexican Gold Poppy,https://naturesseed.com/?post_type=product&p=183390,product,unclassified,,california-poppy-2
580,Arrowleaf Balsamroot,https://naturesseed.com/?post_type=product&p=183299,product,unclassified,,perennial-ryegrass-2
581,Zoysia Grass Seed,https://naturesseed.com/?post_type=product&p=182889,product,unclassified,,products-pasture-seed-bahia-grass
581,Zoysia Grass Seed,https://naturesseed.com/?post_type=product&p=182889,product,unclassified,,blue-eyed-grass-2
582,TWCA Water-Wise Northwest Turf Mix,https://naturesseed.com/?post_type=product&p=187112,product,unclassified,,kentucky-bluegrass-2
583,TWCA Water-Wise Tall Fescue Blend,https://naturesseed.com/?post_type=product&p=186398,product,unclassified,,
584,Hard Fescue Grass,https://naturesseed.com/?post_type=product&p=185867,product,unclassified,,fine-fescue-low-water-maintenance-turf-mix
584,Hard Fescue Grass,https://naturesseed.com/?post_type=product&p=185867,product,unclassified,,products-pasture-seed-bahia-grass
584,Hard Fescue Grass,https://naturesseed.com/?post_type=product&p=185867,product,unclassified,,sheep-fescue-grass-2
584,Hard Fescue Grass,https://naturesseed.com/?post_type=product&p=185867,product,unclassified,,products-pasture-seed-tall-fescue
584,Hard Fescue Grass,https://naturesseed.com/?post_type=product&p=185867,product,unclassified,,blue-eyed-grass-2
585,Japanese Millet,https://naturesseed.com/?post_type=product&p=355811,product,unclassified,,
586,Annual Ryegrass,https://naturesseed.com/?post_type=product&p=185408,product,unclassified,,
587,Tidy Tips,https://naturesseed.com/?post_type=product&p=183121,product,unclassified,,
588,Green Needlegrass,https://naturesseed.com/?post_type=product&p=355800,product,unclassified,,
589,Sweet Alyssum,https://naturesseed.com/?post_type=product&p=184245,product,unclassified,,
590,Aspen Daisy,https://naturesseed.com/?post_type=product&p=183362,product,unclassified,,perennial-ryegrass-2
590,Aspen Daisy,https://naturesseed.com/?post_type=product&p=183362,product,unclassified,,jimmys-perennial-wildflower-mix
591,Palmer's Penstemon,https://naturesseed.com/?post_type=product&p=184180,product,unclassified,,
592,Spiked Gayfeather,https://naturesseed.com/?post_type=product&p=185814,product,unclassified,,
593,Sweet William,https://naturesseed.com/?post_type=product&p=185805,product,unclassified,,
594,Deergrass,https://naturesseed.com/?post_type=product&p=186660,product,unclassified,,perennial-ryegrass-2
595,Wallflower,https://naturesseed.com/?post_type=product&p=183250,product,unclassified,,california-native-wildflower-mix-4
595,Wallflower,https://naturesseed.com/?post_type=product&p=183250,product,unclassified,,texas-native-wildflower-mix
596,Moss Verbena,https://naturesseed.com/?post_type=product&p=184153,product,unclassified,,
597,Purple Foxglove,https://naturesseed.com/?post_type=product&p=184275,product,unclassified,,
598,Fernleaf Biscuitroot,https://naturesseed.com/?post_type=product&p=185980,product,unclassified,,perennial-ryegrass-2
599,Sweet William Catchfly,https://naturesseed.com/?post_type=product&p=186025,product,unclassified,,
600,Blue Vervain,https://naturesseed.com/?post_type=product&p=187231,product,unclassified,,
601,Cardinal Flower,https://naturesseed.com/?post_type=product&p=187251,product,unclassified,,
602,Ashy Sunflower,https://naturesseed.com/?post_type=product&p=187196,product,unclassified,,
603,Culver's Root,https://naturesseed.com/?post_type=product&p=187267,product,unclassified,,
604,Cup Plant,https://naturesseed.com/?post_type=product&p=187275,product,unclassified,,
605,Dotted Mint,https://naturesseed.com/?post_type=product&p=187293,product,unclassified,,
606,Englemann Daisy,https://naturesseed.com/?post_type=product&p=187301,product,unclassified,,
607,False Boneset,https://naturesseed.com/?post_type=product&p=187317,product,unclassified,,perennial-ryegrass-2
607,False Boneset,https://naturesseed.com/?post_type=product&p=187317,product,unclassified,,jimmys-perennial-wildflower-mix
608,Entire Leaf Rosinweed,https://naturesseed.com/?post_type=product&p=187309,product,unclassified,,
609,False Sunflower,https://naturesseed.com/?post_type=product&p=187326,product,unclassified,,perennial-ryegrass-2
610,Golden Alexander,https://naturesseed.com/?post_type=product&p=187368,product,unclassified,,perennial-ryegrass-2
611,Grayhead Prairie Coneflower,https://naturesseed.com/?post_type=product&p=187386,product,unclassified,,
612,Aromatic Aster,https://naturesseed.com/?post_type=product&p=187188,product,unclassified,,
613,Blue False Indigo,https://naturesseed.com/?post_type=product&p=187222,product,unclassified,,
614,Arkansas Rose,https://naturesseed.com/?post_type=product&p=187180,product,unclassified,,
615,Hoary Vervain,https://naturesseed.com/?post_type=product&p=187413,product,unclassified,,
616,Ironweed,https://naturesseed.com/?post_type=product&p=187429,product,unclassified,,
617,Illinois Bundle Flower,https://naturesseed.com/?post_type=product&p=187421,product,unclassified,,perennial-ryegrass-2
617,Illinois Bundle Flower,https://naturesseed.com/?post_type=product&p=187421,product,unclassified,,jimmys-perennial-wildflower-mix
618,Maryland Senna,https://naturesseed.com/?post_type=product&p=187445,product,unclassified,,
619,New Jersey Tea,https://naturesseed.com/?post_type=product&p=187453,product,unclassified,,
620,Ohio Spiderwort,https://naturesseed.com/?post_type=product&p=187485,product,unclassified,,
621,Pale Purple Coneflower,https://naturesseed.com/?post_type=product&p=187495,product,unclassified,,perennial-ryegrass-2
621,Pale Purple Coneflower,https://naturesseed.com/?post_type=product&p=187495,product,unclassified,,jimmys-perennial-wildflower-mix
622,Rattlesnake Master,https://naturesseed.com/?post_type=product&p=187559,product,unclassified,,
623,Safflowers,https://naturesseed.com/?post_type=product&p=187584,product,unclassified,,
624,Rough Blazing Star,https://naturesseed.com/?post_type=product&p=187576,product,unclassified,,
625,Scarlet Sage,https://naturesseed.com/?post_type=product&p=187610,product,unclassified,,
626,Sky Blue Aster,https://naturesseed.com/?post_type=product&p=187680,product,unclassified,,
627,Lead Plant,https://naturesseed.com/?post_type=product&p=187437,product,unclassified,,california-native-wildflower-mix-4
627,Lead Plant,https://naturesseed.com/?post_type=product&p=187437,product,unclassified,,texas-native-wildflower-mix
628,White False Indigo,https://naturesseed.com/?post_type=product&p=355692,product,unclassified,,
629,Cowpeas,https://naturesseed.com/?post_type=product&p=355785,product,unclassified,,
630,Needle &amp; Thread,https://naturesseed.com/?post_type=product&p=355836,product,unclassified,,perennial-ryegrass-2
631,Rough Dropseed,https://naturesseed.com/?post_type=product&p=355893,product,unclassified,,perennial-ryegrass-2
632,Sneezeweed,https://naturesseed.com/?post_type=product&p=355585,product,unclassified,,
633,Smooth Milkweed,https://naturesseed.com/?post_type=product&p=355575,product,unclassified,,
634,Square-Stemmed Monkey Flower,https://naturesseed.com/?post_type=product&p=355601,product,unclassified,,
635,Swamp Aster,https://naturesseed.com/?post_type=product&p=355617,product,unclassified,,perennial-ryegrass-2
636,Stiff Goldenrod,https://naturesseed.com/?post_type=product&p=355609,product,unclassified,,
637,Tall Cinquefoil,https://naturesseed.com/?post_type=product&p=355651,product,unclassified,,
638,Tall Coreopsis,https://naturesseed.com/?post_type=product&p=355659,product,unclassified,,
639,Thickspike Gayfeather,https://naturesseed.com/?post_type=product&p=355668,product,unclassified,,perennial-ryegrass-2
640,Reed Canarygrass,https://naturesseed.com/?post_type=product&p=355878,product,unclassified,,
641,Fringed Sagewort,https://naturesseed.com/?post_type=product&p=355933,product,unclassified,,
642,Teff Grass (Coated),https://naturesseed.com/?post_type=product&p=355923,product,unclassified,,
643,Cudweed Sagewort,https://naturesseed.com/?post_type=product&p=355939,product,unclassified,,perennial-ryegrass-2
643,Cudweed Sagewort,https://naturesseed.com/?post_type=product&p=355939,product,unclassified,,white-sage
644,Mung Beans,https://naturesseed.com/?post_type=product&p=355831,product,unclassified,,
645,Virginia Mountain Mint,https://naturesseed.com/?post_type=product&p=355684,product,unclassified,,perennial-ryegrass-2
646,White Prairie Clover,https://naturesseed.com/?post_type=product&p=355700,product,unclassified,,california-native-wildflower-mix-4
646,White Prairie Clover,https://naturesseed.com/?post_type=product&p=355700,product,unclassified,,texas-native-wildflower-mix
647,Common Vetch,https://naturesseed.com/?post_type=product&p=355780,product,unclassified,,
648,Wild Senna,https://naturesseed.com/?post_type=product&p=355708,product,unclassified,,
649,Chick Magnet Mix,https://naturesseed.com/?post_type=product&p=356070,product,unclassified,,
650,Common Lespedeza,https://naturesseed.com/?post_type=product&p=355775,product,unclassified,,
651,Chickling Vetch,https://naturesseed.com/?post_type=product&p=355765,product,unclassified,,
652,Fowl Manna Grass,https://naturesseed.com/?post_type=product&p=355795,product,unclassified,,perennial-ryegrass-2
653,Russian Wildrye,https://naturesseed.com/?post_type=product&p=355903,product,unclassified,,
654,Basin Wildrye,https://naturesseed.com/?post_type=product&p=355738,product,unclassified,,
655,Canada Wildrye,https://naturesseed.com/?post_type=product&p=355760,product,unclassified,,
656,Prairie Sand Reed,https://naturesseed.com/?post_type=product&p=355856,product,unclassified,,perennial-ryegrass-2
656,Prairie Sand Reed,https://naturesseed.com/?post_type=product&p=355856,product,unclassified,,plains-prairie-mix
657,Purple Top Turnips,https://naturesseed.com/?post_type=product&p=355866,product,unclassified,,
658,Collards,https://naturesseed.com/?post_type=product&p=355770,product,unclassified,,
659,Rapeseed,https://naturesseed.com/?post_type=product&p=355871,product,unclassified,,
660,Hybrid Forage Brassica,https://naturesseed.com/?post_type=product&p=355805,product,unclassified,,
661,African Cabbage,https://naturesseed.com/?post_type=product&p=355721,product,unclassified,,
662,Canada Milkvetch,https://naturesseed.com/?post_type=product&p=355753,product,unclassified,,
663,Okra,https://naturesseed.com/?post_type=product&p=355716,product,unclassified,,
664,Little Bluestem,https://naturesseed.com/?post_type=product&p=184723,product,unclassified,,
665,California Poppy,https://naturesseed.com/product/california-poppy-seeds/,product,products-wildflower-seed,drought-tolerant-wildflowers,california-poppy-2
666,Jimmy's Blue Ribbon Premium Grass Seed Mix,https://naturesseed.com/?post_type=product&p=187154,product,unclassified,,perennial-ryegrass-2
666,Jimmy's Blue Ribbon Premium Grass Seed Mix,https://naturesseed.com/?post_type=product&p=187154,product,unclassified,,kentucky-bluegrass-2
666,Jimmy's Blue Ribbon Premium Grass Seed Mix,https://naturesseed.com/?post_type=product&p=187154,product,unclassified,,perennial-ryegrass-fast-growing-lawn-mix
666,Jimmy's Blue Ribbon Premium Grass Seed Mix,https://naturesseed.com/?post_type=product&p=187154,product,unclassified,,bluegrass-water-wise-lawn-mix-twca-certified
667,Woolly Rose Mallow,https://naturesseed.com/?post_type=product&p=187133,product,unclassified,,
668,TWCA Water-Wise Shade Turf Mix,https://naturesseed.com/?post_type=product&p=187125,product,unclassified,,kentucky-bluegrass-2
668,TWCA Water-Wise Shade Turf Mix,https://naturesseed.com/?post_type=product&p=187125,product,unclassified,,bluegrass-water-wise-lawn-mix-twca-certified
669,TWCA Water-Wise Northern Sports Mix,https://naturesseed.com/?post_type=product&p=187101,product,unclassified,,perennial-ryegrass-2
669,TWCA Water-Wise Northern Sports Mix,https://naturesseed.com/?post_type=product&p=187101,product,unclassified,,kentucky-bluegrass-2
669,TWCA Water-Wise Northern Sports Mix,https://naturesseed.com/?post_type=product&p=187101,product,unclassified,,bluegrass-water-wise-lawn-mix-twca-certified
669,TWCA Water-Wise Northern Sports Mix,https://naturesseed.com/?post_type=product&p=187101,product,unclassified,,blue-ribbon-water-wise-lawn-mix-twca-certified
670,California Habitat Mix,https://naturesseed.com/?post_type=product&p=187068,product,unclassified,,california-habitat-mix-3
671,Spring Fever Wildflower Mix,https://naturesseed.com/?post_type=product&p=187056,product,unclassified,,california-poppy-2
671,Spring Fever Wildflower Mix,https://naturesseed.com/?post_type=product&p=187056,product,unclassified,,sheep-fescue-grass-2
672,Butterfly Pollinator Mix,https://naturesseed.com/?post_type=product&p=187032,product,unclassified,,california-habitat-mix-3
672,Butterfly Pollinator Mix,https://naturesseed.com/?post_type=product&p=187032,product,unclassified,,california-poppy-2
673,Western Native Pollinator Wildflower Mix,https://naturesseed.com/?post_type=product&p=187026,product,unclassified,,california-habitat-mix-3
673,Western Native Pollinator Wildflower Mix,https://naturesseed.com/?post_type=product&p=187026,product,unclassified,,california-poppy-2
674,Xerces Central Valley Pollinator Mix,https://naturesseed.com/?post_type=product&p=187013,product,unclassified,,california-poppy-2
675,Fremont's Goldfields,https://naturesseed.com/?post_type=product&p=186985,product,unclassified,,
676,Coastal Gumweed,https://naturesseed.com/?post_type=product&p=186976,product,unclassified,,perennial-ryegrass-2
676,Coastal Gumweed,https://naturesseed.com/?post_type=product&p=186976,product,unclassified,,california-poppy-2
677,Gum Plant,https://naturesseed.com/?post_type=product&p=186967,product,unclassified,,perennial-ryegrass-2
677,Gum Plant,https://naturesseed.com/?post_type=product&p=186967,product,unclassified,,california-habitat-mix-3
677,Gum Plant,https://naturesseed.com/?post_type=product&p=186967,product,unclassified,,california-poppy-2
678,Purple Clarkia,https://naturesseed.com/?post_type=product&p=186946,product,unclassified,,
679,Red Ribbons,https://naturesseed.com/?post_type=product&p=186924,product,unclassified,,
680,Red Maids,https://naturesseed.com/?post_type=product&p=186915,product,unclassified,,
681,Small-Flowered Fiddleneck,https://naturesseed.com/?post_type=product&p=186904,product,unclassified,,
682,Big Squirreltail,https://naturesseed.com/?post_type=product&p=186896,product,unclassified,,
683,Spike Bentgrass,https://naturesseed.com/?post_type=product&p=186867,product,unclassified,,
684,Seashore Bentgrass,https://naturesseed.com/?post_type=product&p=444220,product,unclassified,,
685,Coastal Sage Scrub Mix,https://naturesseed.com/?post_type=product&p=186751,product,unclassified,,california-poppy-2
685,Coastal Sage Scrub Mix,https://naturesseed.com/?post_type=product&p=186751,product,unclassified,,blue-eyed-grass-2
685,Coastal Sage Scrub Mix,https://naturesseed.com/?post_type=product&p=186751,product,unclassified,,purple-needlegrass-2
685,Coastal Sage Scrub Mix,https://naturesseed.com/?post_type=product&p=186751,product,unclassified,,california-bush-sunflower-2
685,Coastal Sage Scrub Mix,https://naturesseed.com/?post_type=product&p=186751,product,unclassified,,coastal-sage-scrub-mix-2
685,Coastal Sage Scrub Mix,https://naturesseed.com/?post_type=product&p=186751,product,unclassified,,chaparral-sage-scrub-mix
686,California Native Erosion Control Mix,https://naturesseed.com/specialty-seed/erosion-control-blends/california-native-erosion-control-mix/,product,unclassified,,california-native-erosion-control-mix-3
687,California Melic,https://naturesseed.com/?post_type=product&p=186720,product,unclassified,,perennial-ryegrass-2
687,California Melic,https://naturesseed.com/?post_type=product&p=186720,product,unclassified,,california-poppy-2
687,California Melic,https://naturesseed.com/?post_type=product&p=186720,product,unclassified,,california-native-lawn-alternative-mix
688,Purple Needle Grass Seed,https://naturesseed.com/?post_type=product&p=186694,product,unclassified,,perennial-ryegrass-2
688,Purple Needle Grass Seed,https://naturesseed.com/?post_type=product&p=186694,product,unclassified,,california-poppy-2
688,Purple Needle Grass Seed,https://naturesseed.com/?post_type=product&p=186694,product,unclassified,,purple-needlegrass-2
688,Purple Needle Grass Seed,https://naturesseed.com/?post_type=product&p=186694,product,unclassified,,chaparral-sage-scrub-mix
689,Blando Brome Grass,https://naturesseed.com/?post_type=product&p=186685,product,unclassified,,
690,Zorro Fescue,https://naturesseed.com/?post_type=product&p=186668,product,unclassified,,
691,Coast Range Melic,https://naturesseed.com/?post_type=product&p=186651,product,unclassified,,perennial-ryegrass-2
691,Coast Range Melic,https://naturesseed.com/?post_type=product&p=186651,product,unclassified,,california-poppy-2
692,Meadow Barley,https://naturesseed.com/?post_type=product&p=186638,product,unclassified,,perennial-ryegrass-2
693,Nodding Needlegrass,https://naturesseed.com/?post_type=product&p=186620,product,unclassified,,perennial-ryegrass-2
693,Nodding Needlegrass,https://naturesseed.com/?post_type=product&p=186620,product,unclassified,,chaparral-sage-scrub-mix
694,Dotseed Plantain,https://naturesseed.com/?post_type=product&p=186607,product,unclassified,,california-poppy-2
695,Small Fescue,https://naturesseed.com/?post_type=product&p=186586,product,unclassified,,
696,California Brome Grass,https://naturesseed.com/?post_type=product&p=186564,product,unclassified,,
697,Alkali Barley,https://naturesseed.com/?post_type=product&p=186552,product,unclassified,,
698,Creosote Bush,https://naturesseed.com/?post_type=product&p=186526,product,unclassified,,
699,Quailbush,https://naturesseed.com/?post_type=product&p=186517,product,unclassified,,perennial-ryegrass-2
700,Cattle Spinach,https://naturesseed.com/?post_type=product&p=186499,product,unclassified,,
701,California Sagebrush,https://naturesseed.com/?post_type=product&p=186491,product,unclassified,,california-poppy-2
702,California Buckwheat,https://naturesseed.com/?post_type=product&p=186483,product,unclassified,,products-pasture-seed-common-buckwheat
703,Black Sage,https://naturesseed.com/?post_type=product&p=186474,product,unclassified,,
704,Tree Clover,https://naturesseed.com/?post_type=product&p=186460,product,unclassified,,
705,Hykon Rose Clover,https://naturesseed.com/?post_type=product&p=186452,product,unclassified,,
706,Tomcat Clover,https://naturesseed.com/?post_type=product&p=186439,product,unclassified,,
707,Creek Clover,https://naturesseed.com/?post_type=product&p=186418,product,unclassified,,california-native-wildflower-mix-4
707,Creek Clover,https://naturesseed.com/?post_type=product&p=186418,product,unclassified,,california-poppy-2
708,San Diego Bentgrass,https://naturesseed.com/?post_type=product&p=186408,product,unclassified,,perennial-ryegrass-2
709,Native Fine Fescue Mix,https://naturesseed.com/?post_type=product&p=186375,product,unclassified,,
710,Southern Sports Turf Mix,https://naturesseed.com/?post_type=product&p=186366,product,unclassified,,perennial-ryegrass-2
711,Santa Monica Mountain Cover Mix,https://naturesseed.com/?post_type=product&p=186357,product,unclassified,,california-poppy-2
711,Santa Monica Mountain Cover Mix,https://naturesseed.com/?post_type=product&p=186357,product,unclassified,,sheep-fescue-grass-2
711,Santa Monica Mountain Cover Mix,https://naturesseed.com/?post_type=product&p=186357,product,unclassified,,purple-needlegrass-2
711,Santa Monica Mountain Cover Mix,https://naturesseed.com/?post_type=product&p=186357,product,unclassified,,california-bush-sunflower-2
712,Coastal California Poppy,https://naturesseed.com/?post_type=product&p=186319,product,unclassified,,california-poppy-2
713,California Goldfields,https://naturesseed.com/?post_type=product&p=186267,product,unclassified,,california-poppy-2
714,Blue-Eyed Grass,https://naturesseed.com/?post_type=product&p=186251,product,unclassified,,perennial-ryegrass-2
714,Blue-Eyed Grass,https://naturesseed.com/?post_type=product&p=186251,product,unclassified,,blue-eyed-grass-2
715,Monkeyflower,https://naturesseed.com/?post_type=product&p=186242,product,unclassified,,perennial-ryegrass-2
716,Chaparral Yucca,https://naturesseed.com/?post_type=product&p=186199,product,unclassified,,
717,California Bush Sunflower,https://naturesseed.com/?post_type=product&p=186190,product,unclassified,,perennial-ryegrass-2
717,California Bush Sunflower,https://naturesseed.com/?post_type=product&p=186190,product,unclassified,,california-poppy-2
717,California Bush Sunflower,https://naturesseed.com/?post_type=product&p=186190,product,unclassified,,california-bush-sunflower-2
718,California Coastal Native Wildflower Mix,https://naturesseed.com/?post_type=product&p=186175,product,unclassified,,california-habitat-mix-3
718,California Coastal Native Wildflower Mix,https://naturesseed.com/?post_type=product&p=186175,product,unclassified,,california-poppy-2
718,California Coastal Native Wildflower Mix,https://naturesseed.com/?post_type=product&p=186175,product,unclassified,,california-native-wildflower-mix-4
718,California Coastal Native Wildflower Mix,https://naturesseed.com/?post_type=product&p=186175,product,unclassified,,annual-wildflower-mix-2
718,California Coastal Native Wildflower Mix,https://naturesseed.com/?post_type=product&p=186175,product,unclassified,,california-coastal-native-wildflower-mix-2
718,California Coastal Native Wildflower Mix,https://naturesseed.com/?post_type=product&p=186175,product,unclassified,,texas-native-wildflower-mix
718,California Coastal Native Wildflower Mix,https://naturesseed.com/?post_type=product&p=186175,product,unclassified,,florida-native-wildflower-mix
718,California Coastal Native Wildflower Mix,https://naturesseed.com/?post_type=product&p=186175,product,unclassified,,florida-coastal-native-mix
719,Flowering Meadow Mix,https://naturesseed.com/?post_type=product&p=186162,product,unclassified,,california-poppy-2
719,Flowering Meadow Mix,https://naturesseed.com/?post_type=product&p=186162,product,unclassified,,purple-needlegrass-2
720,Insecta-Flora Mix,https://naturesseed.com/?post_type=product&p=186155,product,unclassified,,california-poppy-2
720,Insecta-Flora Mix,https://naturesseed.com/?post_type=product&p=186155,product,unclassified,,sheep-fescue-grass-2
721,Ornamental Low Growing Native Mix,https://naturesseed.com/?post_type=product&p=186148,product,unclassified,,california-poppy-2
722,California Native Wildflower Mix,https://naturesseed.com/?post_type=product&p=186142,product,unclassified,,california-habitat-mix-3
722,California Native Wildflower Mix,https://naturesseed.com/?post_type=product&p=186142,product,unclassified,,california-poppy-2
722,California Native Wildflower Mix,https://naturesseed.com/?post_type=product&p=186142,product,unclassified,,california-native-wildflower-mix-4
722,California Native Wildflower Mix,https://naturesseed.com/?post_type=product&p=186142,product,unclassified,,annual-wildflower-mix-2
722,California Native Wildflower Mix,https://naturesseed.com/?post_type=product&p=186142,product,unclassified,,california-coastal-native-wildflower-mix-2
722,California Native Wildflower Mix,https://naturesseed.com/?post_type=product&p=186142,product,unclassified,,california-native-lawn-alternative-mix
722,California Native Wildflower Mix,https://naturesseed.com/?post_type=product&p=186142,product,unclassified,,texas-native-wildflower-mix
722,California Native Wildflower Mix,https://naturesseed.com/?post_type=product&p=186142,product,unclassified,,florida-native-wildflower-mix
722,California Native Wildflower Mix,https://naturesseed.com/?post_type=product&p=186142,product,unclassified,,florida-coastal-native-mix
723,Ed Gedling Lupine,https://naturesseed.com/?post_type=product&p=186132,product,unclassified,,golden-yarrow
724,Deerweed,https://naturesseed.com/?post_type=product&p=186122,product,unclassified,,
725,Sky Lupine,https://naturesseed.com/?post_type=product&p=186107,product,unclassified,,
726,TWCA Water-Wise Bluegrass Blend,https://naturesseed.com/?post_type=product&p=186086,product,unclassified,,perennial-ryegrass-2
726,TWCA Water-Wise Bluegrass Blend,https://naturesseed.com/?post_type=product&p=186086,product,unclassified,,kentucky-bluegrass-2
727,Nasturtium Seeds,https://naturesseed.com/?post_type=product&p=186075,product,unclassified,,
728,Sweet Pea,https://naturesseed.com/?post_type=product&p=186066,product,unclassified,,
729,Narrowleaf Milkweed,https://naturesseed.com/?post_type=product&p=186051,product,unclassified,,california-native-wildflower-mix-4
729,Narrowleaf Milkweed,https://naturesseed.com/?post_type=product&p=186051,product,unclassified,,narrowleaf-milkweed-2
729,Narrowleaf Milkweed,https://naturesseed.com/?post_type=product&p=186051,product,unclassified,,texas-native-wildflower-mix
730,Golden Lupine,https://naturesseed.com/?post_type=product&p=186034,product,unclassified,,annual-wildflower-mix-2
731,Smooth Aster,https://naturesseed.com/?post_type=product&p=185998,product,unclassified,,
732,Prickly Poppy,https://naturesseed.com/?post_type=product&p=185961,product,unclassified,,
733,Rice Hulls,https://naturesseed.com/?post_type=product&p=444229,product,unclassified,,rice-hulls-planting-aid
734,Forage Kochia,https://naturesseed.com/?post_type=product&p=185954,product,unclassified,,
735,Strawberry Clover,https://naturesseed.com/?post_type=product&p=185938,product,unclassified,,
736,Grain Sorghum,https://naturesseed.com/?post_type=product&p=185930,product,unclassified,,
737,White Proso Millet,https://naturesseed.com/?post_type=product&p=185906,product,unclassified,,
738,Common Flax - 1 lbs,https://naturesseed.com/?post_type=product&p=185899,product,unclassified,,
739,Common Flax,https://naturesseed.com/?post_type=product&p=185898,product,unclassified,,
740,Chewings Fescue Grass,https://naturesseed.com/?post_type=product&p=185890,product,unclassified,,
741,Red Fescue Grass,https://naturesseed.com/?post_type=product&p=185878,product,unclassified,,perennial-ryegrass-2
741,Red Fescue Grass,https://naturesseed.com/?post_type=product&p=185878,product,unclassified,,kentucky-bluegrass-2
741,Red Fescue Grass,https://naturesseed.com/?post_type=product&p=185878,product,unclassified,,products-pasture-seed-bahia-grass
741,Red Fescue Grass,https://naturesseed.com/?post_type=product&p=185878,product,unclassified,,twca-water-wise-shade-mix-2
741,Red Fescue Grass,https://naturesseed.com/?post_type=product&p=185878,product,unclassified,,perennial-ryegrass-fast-growing-lawn-mix
741,Red Fescue Grass,https://naturesseed.com/?post_type=product&p=185878,product,unclassified,,blue-ribbon-water-wise-lawn-mix-twca-certified
741,Red Fescue Grass,https://naturesseed.com/?post_type=product&p=185878,product,unclassified,,sheep-fescue-grass-2
741,Red Fescue Grass,https://naturesseed.com/?post_type=product&p=185878,product,unclassified,,products-pasture-seed-tall-fescue
741,Red Fescue Grass,https://naturesseed.com/?post_type=product&p=185878,product,unclassified,,blue-eyed-grass-2
742,Pubescent Wheatgrass,https://naturesseed.com/?post_type=product&p=185858,product,unclassified,,perennial-ryegrass-2
743,Thickspike Wheatgrass,https://naturesseed.com/?post_type=product&p=185850,product,unclassified,,perennial-ryegrass-2
744,Lacy Phacelia,https://naturesseed.com/?post_type=product&p=185834,product,unclassified,,
745,Wild Bergamot,https://naturesseed.com/?post_type=product&p=185824,product,unclassified,,
746,Shasta Daisy,https://naturesseed.com/?post_type=product&p=185795,product,unclassified,,perennial-ryegrass-2
746,Shasta Daisy,https://naturesseed.com/?post_type=product&p=185795,product,unclassified,,jimmys-perennial-wildflower-mix
747,Bluebunch Wheatgrass,https://naturesseed.com/?post_type=product&p=185788,product,unclassified,,
748,Maximilian Sunflower,https://naturesseed.com/?post_type=product&p=185772,product,unclassified,,
749,Common Milkweed,https://naturesseed.com/?post_type=product&p=185744,product,unclassified,,
750,Shoulder Bag Seeder/Spreader,https://naturesseed.com/products/planting-aids/shoulder-bag-seeder-spreader/,product,planting-aids,seeder-features,seed-spreader
751,Micro Clover Seed,https://naturesseed.com/?post_type=product&p=185710,product,unclassified,,perennial-ryegrass-2
751,Micro Clover Seed,https://naturesseed.com/?post_type=product&p=185710,product,unclassified,,kentucky-bluegrass-2
751,Micro Clover Seed,https://naturesseed.com/?post_type=product&p=185710,product,unclassified,,alsike-clover
751,Micro Clover Seed,https://naturesseed.com/?post_type=product&p=185710,product,unclassified,,red-clover
751,Micro Clover Seed,https://naturesseed.com/?post_type=product&p=185710,product,unclassified,,perennial-ryegrass-fast-growing-lawn-mix
751,Micro Clover Seed,https://naturesseed.com/?post_type=product&p=185710,product,unclassified,,white-clover-2
752,Micro Clover Seed,https://naturesseed.com/?post_type=product&p=444225,product,unclassified,,alsike-clover
752,Micro Clover Seed,https://naturesseed.com/?post_type=product&p=444225,product,unclassified,,red-clover
752,Micro Clover Seed,https://naturesseed.com/?post_type=product&p=444225,product,unclassified,,micro-clover-seed-2
752,Micro Clover Seed,https://naturesseed.com/?post_type=product&p=444225,product,unclassified,,white-clover-2
753,Western Wheatgrass,https://naturesseed.com/?post_type=product&p=185699,product,unclassified,,
754,Showy Milkweed,https://naturesseed.com/?post_type=product&p=185689,product,unclassified,,
755,Virginia Wildrye,https://naturesseed.com/?post_type=product&p=185680,product,unclassified,,
756,Tufted Hairgrass,https://naturesseed.com/?post_type=product&p=185672,product,unclassified,,
757,Arizona Fescue,https://naturesseed.com/?post_type=product&p=185663,product,unclassified,,perennial-ryegrass-2
758,Blue Wildrye,https://naturesseed.com/?post_type=product&p=185643,product,unclassified,,
759,Sand Dropseed,https://naturesseed.com/?post_type=product&p=185635,product,unclassified,,
760,Sandberg Bluegrass,https://naturesseed.com/?post_type=product&p=185627,product,unclassified,,kentucky-bluegrass-2
761,Idaho Fescue,https://naturesseed.com/?post_type=product&p=185607,product,unclassified,,
762,Southwest Desert Poultry Forage Mix,https://naturesseed.com/?post_type=product&p=185594,product,unclassified,,crimson-clover
762,Southwest Desert Poultry Forage Mix,https://naturesseed.com/?post_type=product&p=185594,product,unclassified,,white-dutch-clover-seeds-2
763,Southwest Transitional Poultry Forage Mix,https://naturesseed.com/?post_type=product&p=185570,product,unclassified,,alsike-clover
763,Southwest Transitional Poultry Forage Mix,https://naturesseed.com/?post_type=product&p=185570,product,unclassified,,white-dutch-clover-seeds-2
764,Southern Subtropics Poultry Forage Mix,https://naturesseed.com/?post_type=product&p=185546,product,unclassified,,crimson-clover
764,Southern Subtropics Poultry Forage Mix,https://naturesseed.com/?post_type=product&p=185546,product,unclassified,,white-dutch-clover-seeds-2
765,South-Atlantic Transitional Poultry Forage Mix,https://naturesseed.com/?post_type=product&p=185534,product,unclassified,,crimson-clover
765,South-Atlantic Transitional Poultry Forage Mix,https://naturesseed.com/?post_type=product&p=185534,product,unclassified,,white-dutch-clover-seeds-2
766,Pacific Southwest Poultry Forage Mix,https://naturesseed.com/?post_type=product&p=185522,product,unclassified,,crimson-clover
766,Pacific Southwest Poultry Forage Mix,https://naturesseed.com/?post_type=product&p=185522,product,unclassified,,white-dutch-clover-seeds-2
767,Florida Tropics Poultry Forage Mix,https://naturesseed.com/?post_type=product&p=185462,product,unclassified,,crimson-clover
767,Florida Tropics Poultry Forage Mix,https://naturesseed.com/?post_type=product&p=185462,product,unclassified,,white-dutch-clover-seeds-2
768,Mid-West/Mid-Atlantic Poultry Forage Mix,https://naturesseed.com/?post_type=product&p=185510,product,unclassified,,alsike-clover
768,Mid-West/Mid-Atlantic Poultry Forage Mix,https://naturesseed.com/?post_type=product&p=185510,product,unclassified,,white-dutch-clover-seeds-2
769,Great Plains Poultry Forage Mix,https://naturesseed.com/?post_type=product&p=185486,product,unclassified,,alsike-clover
769,Great Plains Poultry Forage Mix,https://naturesseed.com/?post_type=product&p=185486,product,unclassified,,white-dutch-clover-seeds-2
770,Field Pea,https://naturesseed.com/?post_type=product&p=185454,product,unclassified,,
771,Cicer Milkvetch,https://naturesseed.com/?post_type=product&p=185445,product,unclassified,,
772,Small Burnet,https://naturesseed.com/?post_type=product&p=185426,product,unclassified,,
773,Butterfly Milkweed Seeds,https://naturesseed.com/products/wildflower-seed/butterfly-milkweed-wildflower-seed/,product,products,wildflower-mixes,perennial-ryegrass-2
773,Butterfly Milkweed Seeds,https://naturesseed.com/products/wildflower-seed/butterfly-milkweed-wildflower-seed/,product,products,wildflower-mixes,butterfly-milkweed
773,Butterfly Milkweed Seeds,https://naturesseed.com/products/wildflower-seed/butterfly-milkweed-wildflower-seed/,product,products,wildflower-mixes,california-native-wildflower-mix-4
773,Butterfly Milkweed Seeds,https://naturesseed.com/products/wildflower-seed/butterfly-milkweed-wildflower-seed/,product,products,wildflower-mixes,jimmys-perennial-wildflower-mix
773,Butterfly Milkweed Seeds,https://naturesseed.com/products/wildflower-seed/butterfly-milkweed-wildflower-seed/,product,products,wildflower-mixes,texas-native-wildflower-mix
774,Am 120 Standard Mycorrhizal Inoculant,https://naturesseed.com/?post_type=product&p=185399,product,unclassified,,am-120-standard-mycorrhizal-inoculant-2
775,M-Binder Tackifier - Soil Stabilizer 50lbs,https://naturesseed.com/?post_type=product&p=444226,product,unclassified,,
776,M-Binder Tackifier-Soil Stabilizer,https://naturesseed.com/?post_type=product&p=185394,product,unclassified,,
777,Hybrid Pearl Millet (Treated),https://naturesseed.com/?post_type=product&p=185388,product,unclassified,,
778,Annual Sunflower,https://naturesseed.com/?post_type=product&p=185380,product,unclassified,,upland-game-mix
779,Indian Ricegrass,https://naturesseed.com/?post_type=product&p=185372,product,unclassified,,perennial-ryegrass-2
780,Streambank Wheatgrass,https://naturesseed.com/?post_type=product&p=185361,product,unclassified,,
781,White Sweet Clover,https://naturesseed.com/?post_type=product&p=185353,product,unclassified,,white-clover-2
782,Triticale,https://naturesseed.com/?post_type=product&p=185345,product,unclassified,,
783,Sorghum Sudangrass,https://naturesseed.com/?post_type=product&p=185328,product,unclassified,,
784,Forage Radish,https://naturesseed.com/?post_type=product&p=185320,product,unclassified,,
785,Common Buckwheat,https://naturesseed.com/?post_type=product&p=185311,product,unclassified,,products-pasture-seed-common-buckwheat
786,Hairy Vetch,https://naturesseed.com/?post_type=product&p=185303,product,unclassified,,
787,Cereal Rye Seed,https://naturesseed.com/?post_type=product&p=185295,product,unclassified,,
788,Barley,https://naturesseed.com/?post_type=product&p=185337,product,unclassified,,
789,Oats,https://naturesseed.com/?post_type=product&p=185287,product,unclassified,,
790,Wheat,https://naturesseed.com/?post_type=product&p=185279,product,unclassified,,
791,Rice Hulls,https://naturesseed.com/?post_type=product&p=185272,product,unclassified,,rice-hulls-planting-aid
792,White Mustard,https://naturesseed.com/?post_type=product&p=185265,product,unclassified,,
793,Western Yarrow,https://naturesseed.com/?post_type=product&p=185249,product,unclassified,,western-yarrow-2
794,Southwest Semi-Arid Steppe Big Game Food Plot Mix,https://naturesseed.com/?post_type=product&p=185215,product,unclassified,,white-dutch-clover-seeds-2
794,Southwest Semi-Arid Steppe Big Game Food Plot Mix,https://naturesseed.com/?post_type=product&p=185215,product,unclassified,,white-clover-2
795,Great Lakes/New England Big Game Food Plot Mix,https://naturesseed.com/?post_type=product&p=185236,product,unclassified,,red-clover
795,Great Lakes/New England Big Game Food Plot Mix,https://naturesseed.com/?post_type=product&p=185236,product,unclassified,,white-dutch-clover-seeds-2
795,Great Lakes/New England Big Game Food Plot Mix,https://naturesseed.com/?post_type=product&p=185236,product,unclassified,,white-clover-2
796,Southwest Transitional Big Game Food Plot Mix,https://naturesseed.com/?post_type=product&p=185229,product,unclassified,,
797,Southern Subtropics Big Game Food Plot Mix,https://naturesseed.com/?post_type=product&p=185222,product,unclassified,,white-dutch-clover-seeds-2
797,Southern Subtropics Big Game Food Plot Mix,https://naturesseed.com/?post_type=product&p=185222,product,unclassified,,white-clover-2
798,Great Plains Big Game Food Plot Mix,https://naturesseed.com/?post_type=product&p=185194,product,unclassified,,red-clover
798,Great Plains Big Game Food Plot Mix,https://naturesseed.com/?post_type=product&p=185194,product,unclassified,,white-dutch-clover-seeds-2
798,Great Plains Big Game Food Plot Mix,https://naturesseed.com/?post_type=product&p=185194,product,unclassified,,white-clover-2
799,Pacific Southwest Big Game Food Plot Mix,https://naturesseed.com/?post_type=product&p=185187,product,unclassified,,white-dutch-clover-seeds-2
799,Pacific Southwest Big Game Food Plot Mix,https://naturesseed.com/?post_type=product&p=185187,product,unclassified,,white-clover-2
800,Southwest Desert Big Game Food Plot Mix,https://naturesseed.com/?post_type=product&p=185173,product,unclassified,,white-clover-2
801,Southwest Semi-Arid Steppe Upland Game Food Plot Mix,https://naturesseed.com/?post_type=product&p=185131,product,unclassified,,
802,Great Lakes/New England Upland Game Food Plot Mix,https://naturesseed.com/?post_type=product&p=185152,product,unclassified,,
803,Intermountain West Upland Game Food Plot Mix,https://naturesseed.com/?post_type=product&p=185124,product,unclassified,,
804,South-Atlantic Transitional Upland Game Food Plot Mix,https://naturesseed.com/?post_type=product&p=185117,product,unclassified,,
805,Great Plains Upland Game Food Plot Mix,https://naturesseed.com/?post_type=product&p=185110,product,unclassified,,
806,Mid-West/Mid-Atlantic Upland Game Food Plot Mix,https://naturesseed.com/?post_type=product&p=185096,product,unclassified,,
807,Great Plains Bison Forage Mix,https://naturesseed.com/?post_type=product&p=185026,product,unclassified,,perennial-ryegrass-2
807,Great Plains Bison Forage Mix,https://naturesseed.com/?post_type=product&p=185026,product,unclassified,,perennial-ryegrass-fast-growing-lawn-mix
807,Great Plains Bison Forage Mix,https://naturesseed.com/?post_type=product&p=185026,product,unclassified,,products-pasture-seed-orchardgrass
808,Pacific Northwest Bison Forage Mix,https://naturesseed.com/?post_type=product&p=184998,product,unclassified,,perennial-ryegrass-2
808,Pacific Northwest Bison Forage Mix,https://naturesseed.com/?post_type=product&p=184998,product,unclassified,,perennial-ryegrass-fast-growing-lawn-mix
808,Pacific Northwest Bison Forage Mix,https://naturesseed.com/?post_type=product&p=184998,product,unclassified,,products-pasture-seed-orchardgrass
809,Intermountain West Wildfire Resistant Mix,https://naturesseed.com/?post_type=product&p=184977,product,unclassified,,
810,Southern Subtropics Erosion Control Mix,https://naturesseed.com/?post_type=product&p=184921,product,unclassified,,
811,Intermountain West Erosion Control Mix,https://naturesseed.com/?post_type=product&p=184907,product,unclassified,,perennial-ryegrass-2
811,Intermountain West Erosion Control Mix,https://naturesseed.com/?post_type=product&p=184907,product,unclassified,,perennial-ryegrass-fast-growing-lawn-mix
811,Intermountain West Erosion Control Mix,https://naturesseed.com/?post_type=product&p=184907,product,unclassified,,white-clover-2
812,Great Plains Erosion Control Mix,https://naturesseed.com/?post_type=product&p=184893,product,unclassified,,perennial-ryegrass-2
812,Great Plains Erosion Control Mix,https://naturesseed.com/?post_type=product&p=184893,product,unclassified,,perennial-ryegrass-fast-growing-lawn-mix
813,Mid-West/Mid-Atlantic Erosion Control Mix,https://naturesseed.com/?post_type=product&p=184879,product,unclassified,,perennial-ryegrass-2
813,Mid-West/Mid-Atlantic Erosion Control Mix,https://naturesseed.com/?post_type=product&p=184879,product,unclassified,,kentucky-bluegrass-2
813,Mid-West/Mid-Atlantic Erosion Control Mix,https://naturesseed.com/?post_type=product&p=184879,product,unclassified,,perennial-ryegrass-fast-growing-lawn-mix
814,Southwest Desert Erosion Control Mix,https://naturesseed.com/?post_type=product&p=184872,product,unclassified,,sheep-fescue-grass-2
815,Western Low-Water Use Pollinator Mix,https://naturesseed.com/?post_type=product&p=184856,product,unclassified,,california-poppy-2
816,Great Lakes/New England Pollinator Mix,https://naturesseed.com/?post_type=product&p=184838,product,unclassified,,
817,South-Atlantic Transitional Pollinator Mix,https://naturesseed.com/?post_type=product&p=184793,product,unclassified,,
818,Great Plains Pollinator Mix,https://naturesseed.com/?post_type=product&p=184784,product,unclassified,,
819,Mid-West/Mid-Atlantic Pollinator Mix,https://naturesseed.com/?post_type=product&p=184766,product,unclassified,,
820,Pacific Northwest Pollinator Mix,https://naturesseed.com/?post_type=product&p=184748,product,unclassified,,
821,Crested Wheatgrass,https://naturesseed.com/?post_type=product&p=184740,product,unclassified,,perennial-ryegrass-2
822,Bahia Grass,https://naturesseed.com/?post_type=product&p=184732,product,unclassified,,products-pasture-seed-bahia-grass
823,Switchgrass Seed,https://naturesseed.com/?post_type=product&p=184713,product,unclassified,,
824,Indiangrass,https://naturesseed.com/?post_type=product&p=184687,product,unclassified,,
825,Blue Grama,https://naturesseed.com/?post_type=product&p=184676,product,unclassified,,products-pasture-seed-blue-grama
826,Common Bermudagrass,https://naturesseed.com/?post_type=product&p=184666,product,unclassified,,perennial-ryegrass-2
827,Sideoats Grama,https://naturesseed.com/?post_type=product&p=184658,product,unclassified,,perennial-ryegrass-2
828,Big Bluestem Grass Seed,https://naturesseed.com/?post_type=product&p=184648,product,unclassified,,perennial-ryegrass-2
829,Buffalograss,https://naturesseed.com/?post_type=product&p=184639,product,unclassified,,perennial-ryegrass-2
829,Buffalograss,https://naturesseed.com/?post_type=product&p=184639,product,unclassified,,products-pasture-seed-buffalograss
830,Crimson Clover Cover Crop Seed,https://naturesseed.com/products/clover-seed/crimsom-clover-crop-seed/,product,clover-seed,forage-pasture,
831,Bottlebrush Squirreltail,https://naturesseed.com/?post_type=product&p=184622,product,unclassified,,
832,Slender Wheatgrass,https://naturesseed.com/?post_type=product&p=184614,product,unclassified,,
833,Dahurian Wildrye,https://naturesseed.com/?post_type=product&p=184606,product,unclassified,,
834,Switchgrass Seed,https://naturesseed.com/?post_type=product&p=184715,product,unclassified,,
835,Blue Grama,https://naturesseed.com/?post_type=product&p=184677,product,unclassified,,products-pasture-seed-blue-grama
835,Blue Grama,https://naturesseed.com/?post_type=product&p=184677,product,unclassified,,texas-pollinator-wildflower-mix
836,Mountain Brome,https://naturesseed.com/?post_type=product&p=184598,product,unclassified,,
837,Sainfoin,https://naturesseed.com/?post_type=product&p=184590,product,unclassified,,perennial-ryegrass-2
838,Yellow Sweet Clover,https://naturesseed.com/?post_type=product&p=184582,product,unclassified,,
839,Forage Chicory,https://naturesseed.com/?post_type=product&p=184574,product,unclassified,,
840,Smooth Brome,https://naturesseed.com/?post_type=product&p=184566,product,unclassified,,perennial-ryegrass-2
841,Intermediate Wheatgrass,https://naturesseed.com/?post_type=product&p=184557,product,unclassified,,perennial-ryegrass-2
842,White Clover Seeds,https://naturesseed.com/?post_type=product&p=184549,product,unclassified,,perennial-ryegrass-2
842,White Clover Seeds,https://naturesseed.com/?post_type=product&p=184549,product,unclassified,,white-clover-2
843,Perennial Ryegrass,https://naturesseed.com/?post_type=product&p=184541,product,unclassified,,perennial-ryegrass-2
843,Perennial Ryegrass,https://naturesseed.com/?post_type=product&p=184541,product,unclassified,,perennial-ryegrass-fast-growing-lawn-mix
844,Kentucky Bluegrass Pasture Seed,https://naturesseed.com/?post_type=product&p=184533,product,unclassified,,kentucky-bluegrass-2
844,Kentucky Bluegrass Pasture Seed,https://naturesseed.com/?post_type=product&p=184533,product,unclassified,,bluegrass-water-wise-lawn-mix-twca-certified
845,Alfalfa Seeds,https://naturesseed.com/?post_type=product&p=184522,product,unclassified,,products-pasture-seed-alfalfa-seeds
845,Alfalfa Seeds,https://naturesseed.com/?post_type=product&p=184522,product,unclassified,,products-pasture-seed-orchardgrass
846,Timothy Grass Seed,https://naturesseed.com/?post_type=product&p=184514,product,unclassified,,
847,Orchard Grass Seed,https://naturesseed.com/?post_type=product&p=184506,product,unclassified,,products-pasture-seed-orchardgrass
847,Orchard Grass Seed,https://naturesseed.com/?post_type=product&p=184506,product,unclassified,,perennial-ryegrass-2
848,Meadow Brome,https://naturesseed.com/?post_type=product&p=184497,product,unclassified,,perennial-ryegrass-2
849,Red Clover Seed,https://naturesseed.com/products/clover-seed/red-clover-seed/,product,clover-seed,,red-clover
850,Alsike Clover Seed,https://naturesseed.com/products/clover-seed/alsike-clover-seed/,product,clover-seed,wet-problem-soils,alsike-clover
851,Birdsfoot Trefoil,https://naturesseed.com/?post_type=product&p=184471,product,unclassified,,
852,Tall Fescue,https://naturesseed.com/?post_type=product&p=184452,product,unclassified,,
853,Tall Wheatgrass,https://naturesseed.com/?post_type=product&p=184444,product,unclassified,,
854,Tortoise Forage Mix,https://naturesseed.com/?post_type=product&p=184430,product,unclassified,,products-pasture-seed-orchardgrass
854,Tortoise Forage Mix,https://naturesseed.com/?post_type=product&p=184430,product,unclassified,,products-pasture-seed-buffalograss
855,Pacific Southwest Honey Bee Pasture Mix,https://naturesseed.com/?post_type=product&p=184417,product,unclassified,,white-dutch-clover-seeds-2
856,Florida Tropics Honey Bee Pasture Mix,https://naturesseed.com/?post_type=product&p=184405,product,unclassified,,alsike-clover
856,Florida Tropics Honey Bee Pasture Mix,https://naturesseed.com/?post_type=product&p=184405,product,unclassified,,white-dutch-clover-seeds-2
857,Great Lakes/New England Honey Bee Pasture Mix,https://naturesseed.com/?post_type=product&p=184393,product,unclassified,,alsike-clover
857,Great Lakes/New England Honey Bee Pasture Mix,https://naturesseed.com/?post_type=product&p=184393,product,unclassified,,white-dutch-clover-seeds-2
858,Southwest Transitional Honey Bee Pasture Mix,https://naturesseed.com/?post_type=product&p=184381,product,unclassified,,horse-pasture-mix-transitional
858,Southwest Transitional Honey Bee Pasture Mix,https://naturesseed.com/?post_type=product&p=184381,product,unclassified,,sheep-pasture-forage-mix-transitional
858,Southwest Transitional Honey Bee Pasture Mix,https://naturesseed.com/?post_type=product&p=184381,product,unclassified,,white-dutch-clover-seeds-2
859,Southwest Semi-Arid Steppe Honey Bee Pasture Mix,https://naturesseed.com/?post_type=product&p=184357,product,unclassified,,white-dutch-clover-seeds-2
860,Intermountain West Honey Bee Pasture Mix,https://naturesseed.com/?post_type=product&p=184345,product,unclassified,,alsike-clover
860,Intermountain West Honey Bee Pasture Mix,https://naturesseed.com/?post_type=product&p=184345,product,unclassified,,white-dutch-clover-seeds-2
861,South-Atlantic Transitional Honey Bee Pasture Mix,https://naturesseed.com/?post_type=product&p=184333,product,unclassified,,horse-pasture-mix-transitional
861,South-Atlantic Transitional Honey Bee Pasture Mix,https://naturesseed.com/?post_type=product&p=184333,product,unclassified,,sheep-pasture-forage-mix-transitional
861,South-Atlantic Transitional Honey Bee Pasture Mix,https://naturesseed.com/?post_type=product&p=184333,product,unclassified,,white-dutch-clover-seeds-2
862,Great Plains Honey Bee Pasture Mix,https://naturesseed.com/?post_type=product&p=184321,product,unclassified,,alsike-clover
862,Great Plains Honey Bee Pasture Mix,https://naturesseed.com/?post_type=product&p=184321,product,unclassified,,white-dutch-clover-seeds-2
863,Mid-West/Mid-Atlantic Honey Bee Pasture Mix,https://naturesseed.com/?post_type=product&p=184309,product,unclassified,,alsike-clover
863,Mid-West/Mid-Atlantic Honey Bee Pasture Mix,https://naturesseed.com/?post_type=product&p=184309,product,unclassified,,white-dutch-clover-seeds-2
864,Pacific Northwest Honey Bee Pasture Mix,https://naturesseed.com/?post_type=product&p=184285,product,unclassified,,alsike-clover
864,Pacific Northwest Honey Bee Pasture Mix,https://naturesseed.com/?post_type=product&p=184285,product,unclassified,,white-dutch-clover-seeds-2
865,Southwest Desert Honey Bee Pasture Mix,https://naturesseed.com/?post_type=product&p=184297,product,unclassified,,white-dutch-clover-seeds-2
866,Yellow Evening Primrose,https://naturesseed.com/?post_type=product&p=184265,product,unclassified,,
867,Rocky Mountain Penstemon,https://naturesseed.com/?post_type=product&p=184199,product,unclassified,,perennial-ryegrass-2
868,Munro Globemallow,https://naturesseed.com/?post_type=product&p=184171,product,unclassified,,
869,Mountain Lupine,https://naturesseed.com/?post_type=product&p=184162,product,unclassified,,perennial-ryegrass-2
870,Miniature Lupine,https://naturesseed.com/?post_type=product&p=184138,product,unclassified,,miniature-lupine-2
871,Globe Gilia,https://naturesseed.com/?post_type=product&p=184120,product,unclassified,,california-native-wildflower-mix-4
871,Globe Gilia,https://naturesseed.com/?post_type=product&p=184120,product,unclassified,,texas-native-wildflower-mix
872,Garden Cosmos,https://naturesseed.com/?post_type=product&p=184111,product,unclassified,,
873,Coulter's Globemallow,https://naturesseed.com/?post_type=product&p=184101,product,unclassified,,
874,Blanket Flower,https://naturesseed.com/?post_type=product&p=184083,product,unclassified,,
875,Arroyo Lupine,https://naturesseed.com/?post_type=product&p=184067,product,unclassified,,arroyo-lupine-2
876,Rocky Mountain Iris,https://naturesseed.com/?post_type=product&p=184053,product,unclassified,,perennial-ryegrass-2
876,Rocky Mountain Iris,https://naturesseed.com/?post_type=product&p=184053,product,unclassified,,jimmys-perennial-wildflower-mix
877,Bahia Grass Seed,https://naturesseed.com/?post_type=product&p=184045,product,unclassified,,products-pasture-seed-bahia-grass
878,Mid-West/Mid-Atlantic Alpaca/Llama Forage Mix,https://naturesseed.com/?post_type=product&p=184017,product,unclassified,,kentucky-bluegrass-2
878,Mid-West/Mid-Atlantic Alpaca/Llama Forage Mix,https://naturesseed.com/?post_type=product&p=184017,product,unclassified,,products-pasture-seed-orchardgrass
878,Mid-West/Mid-Atlantic Alpaca/Llama Forage Mix,https://naturesseed.com/?post_type=product&p=184017,product,unclassified,,dryland-pasture-mix
879,Great Plains Alpaca/Llama Forage Mix,https://naturesseed.com/?post_type=product&p=183996,product,unclassified,,products-pasture-seed-orchardgrass
880,Southwest Transitional Alpaca/Llama Forage Mix,https://naturesseed.com/?post_type=product&p=183982,product,unclassified,,products-pasture-seed-orchardgrass
881,Pacific Northwest Alpaca/Llama Forage Mix,https://naturesseed.com/?post_type=product&p=183961,product,unclassified,,perennial-ryegrass-2
881,Pacific Northwest Alpaca/Llama Forage Mix,https://naturesseed.com/?post_type=product&p=183961,product,unclassified,,perennial-ryegrass-fast-growing-lawn-mix
881,Pacific Northwest Alpaca/Llama Forage Mix,https://naturesseed.com/?post_type=product&p=183961,product,unclassified,,products-pasture-seed-orchardgrass
882,South-Atlantic Transitional Sheep Forage Mix,https://naturesseed.com/?post_type=product&p=183912,product,unclassified,,kentucky-bluegrass-2
882,South-Atlantic Transitional Sheep Forage Mix,https://naturesseed.com/?post_type=product&p=183912,product,unclassified,,sheep-pasture-forage-mix-transitional
883,Pacific Northwest Sheep Forage Mix,https://naturesseed.com/?post_type=product&p=183877,product,unclassified,,perennial-ryegrass-2
883,Pacific Northwest Sheep Forage Mix,https://naturesseed.com/?post_type=product&p=183877,product,unclassified,,kentucky-bluegrass-2
883,Pacific Northwest Sheep Forage Mix,https://naturesseed.com/?post_type=product&p=183877,product,unclassified,,blue-ribbon-water-wise-lawn-mix-twca-certified
884,South-Atlantic Transitional Dairy Cow Forage Mix,https://naturesseed.com/?post_type=product&p=183744,product,unclassified,,perennial-ryegrass-2
884,South-Atlantic Transitional Dairy Cow Forage Mix,https://naturesseed.com/?post_type=product&p=183744,product,unclassified,,products-pasture-seed-orchardgrass
884,South-Atlantic Transitional Dairy Cow Forage Mix,https://naturesseed.com/?post_type=product&p=183744,product,unclassified,,white-clover-2
885,South-Atlantic Transitional Beef Cattle Forage Mix,https://naturesseed.com/?post_type=product&p=183660,product,unclassified,,perennial-ryegrass-2
886,South-Atlantic Transitional Horse Forage Mix,https://naturesseed.com/?post_type=product&p=183576,product,unclassified,,perennial-ryegrass-2
886,South-Atlantic Transitional Horse Forage Mix,https://naturesseed.com/?post_type=product&p=183576,product,unclassified,,kentucky-bluegrass-2
886,South-Atlantic Transitional Horse Forage Mix,https://naturesseed.com/?post_type=product&p=183576,product,unclassified,,perennial-ryegrass-fast-growing-lawn-mix
886,South-Atlantic Transitional Horse Forage Mix,https://naturesseed.com/?post_type=product&p=183576,product,unclassified,,blue-ribbon-water-wise-lawn-mix-twca-certified
887,Pacific Northwest Horse Forage Mix,https://naturesseed.com/?post_type=product&p=183541,product,unclassified,,perennial-ryegrass-2
887,Pacific Northwest Horse Forage Mix,https://naturesseed.com/?post_type=product&p=183541,product,unclassified,,kentucky-bluegrass-2
887,Pacific Northwest Horse Forage Mix,https://naturesseed.com/?post_type=product&p=183541,product,unclassified,,perennial-ryegrass-fast-growing-lawn-mix
887,Pacific Northwest Horse Forage Mix,https://naturesseed.com/?post_type=product&p=183541,product,unclassified,,bluegrass-water-wise-lawn-mix-twca-certified
887,Pacific Northwest Horse Forage Mix,https://naturesseed.com/?post_type=product&p=183541,product,unclassified,,horse-pasture-mix-cold-season
887,Pacific Northwest Horse Forage Mix,https://naturesseed.com/?post_type=product&p=183541,product,unclassified,,horse-pasture-mix-warm-season
887,Pacific Northwest Horse Forage Mix,https://naturesseed.com/?post_type=product&p=183541,product,unclassified,,horse-pasture-mix-transitional
887,Pacific Northwest Horse Forage Mix,https://naturesseed.com/?post_type=product&p=183541,product,unclassified,,blue-ribbon-water-wise-lawn-mix-twca-certified
887,Pacific Northwest Horse Forage Mix,https://naturesseed.com/?post_type=product&p=183541,product,unclassified,,products-pasture-seed-orchardgrass
887,Pacific Northwest Horse Forage Mix,https://naturesseed.com/?post_type=product&p=183541,product,unclassified,,dryland-pasture-mix
888,Great Lakes/New England Sheep Forage Mix,https://naturesseed.com/?post_type=product&p=183947,product,unclassified,,perennial-ryegrass-2
888,Great Lakes/New England Sheep Forage Mix,https://naturesseed.com/?post_type=product&p=183947,product,unclassified,,kentucky-bluegrass-2
888,Great Lakes/New England Sheep Forage Mix,https://naturesseed.com/?post_type=product&p=183947,product,unclassified,,blue-ribbon-water-wise-lawn-mix-twca-certified
889,Southern Subtropics Sheep Forage Mix,https://naturesseed.com/?post_type=product&p=183933,product,unclassified,,white-dutch-clover-seeds-2
889,Southern Subtropics Sheep Forage Mix,https://naturesseed.com/?post_type=product&p=183933,product,unclassified,,white-clover-2
889,Southern Subtropics Sheep Forage Mix,https://naturesseed.com/?post_type=product&p=183933,product,unclassified,,dryland-pasture-mix
890,Intermountain West Sheep Forage Mix,https://naturesseed.com/?post_type=product&p=183919,product,unclassified,,perennial-ryegrass-2
890,Intermountain West Sheep Forage Mix,https://naturesseed.com/?post_type=product&p=183919,product,unclassified,,kentucky-bluegrass-2
890,Intermountain West Sheep Forage Mix,https://naturesseed.com/?post_type=product&p=183919,product,unclassified,,blue-ribbon-water-wise-lawn-mix-twca-certified
890,Intermountain West Sheep Forage Mix,https://naturesseed.com/?post_type=product&p=183919,product,unclassified,,dryland-pasture-mix
891,Pacific Southwest Sheep Forage Mix,https://naturesseed.com/?post_type=product&p=183898,product,unclassified,,white-dutch-clover-seeds-2
891,Pacific Southwest Sheep Forage Mix,https://naturesseed.com/?post_type=product&p=183898,product,unclassified,,products-pasture-seed-orchardgrass
891,Pacific Southwest Sheep Forage Mix,https://naturesseed.com/?post_type=product&p=183898,product,unclassified,,white-clover-2
891,Pacific Southwest Sheep Forage Mix,https://naturesseed.com/?post_type=product&p=183898,product,unclassified,,dryland-pasture-mix
892,Mid-West/Mid-Atlantic Sheep Forage Mix,https://naturesseed.com/?post_type=product&p=183891,product,unclassified,,perennial-ryegrass-2
892,Mid-West/Mid-Atlantic Sheep Forage Mix,https://naturesseed.com/?post_type=product&p=183891,product,unclassified,,kentucky-bluegrass-2
892,Mid-West/Mid-Atlantic Sheep Forage Mix,https://naturesseed.com/?post_type=product&p=183891,product,unclassified,,blue-ribbon-water-wise-lawn-mix-twca-certified
892,Mid-West/Mid-Atlantic Sheep Forage Mix,https://naturesseed.com/?post_type=product&p=183891,product,unclassified,,dryland-pasture-mix
893,Southwest Desert Sheep Forage Mix,https://naturesseed.com/?post_type=product&p=183884,product,unclassified,,white-dutch-clover-seeds-2
893,Southwest Desert Sheep Forage Mix,https://naturesseed.com/?post_type=product&p=183884,product,unclassified,,white-clover-2
893,Southwest Desert Sheep Forage Mix,https://naturesseed.com/?post_type=product&p=183884,product,unclassified,,dryland-pasture-mix
894,Southwest Transitional Goat Forage Mix,https://naturesseed.com/?post_type=product&p=183856,product,unclassified,,products-pasture-seed-orchardgrass
895,Southwest Semi-Arid Steppe Goat Forage Mix,https://naturesseed.com/?post_type=product&p=183842,product,unclassified,,white-clover-2
896,South-Atlantic Transitional Goat Forage Mix,https://naturesseed.com/?post_type=product&p=183828,product,unclassified,,products-pasture-seed-orchardgrass
897,Great Plains Goat Forage Mix,https://naturesseed.com/?post_type=product&p=183821,product,unclassified,,products-pasture-seed-orchardgrass
897,Great Plains Goat Forage Mix,https://naturesseed.com/?post_type=product&p=183821,product,unclassified,,dryland-pasture-mix
898,Pacific Southwest Goat Forage Mix,https://naturesseed.com/?post_type=product&p=183814,product,unclassified,,products-pasture-seed-orchardgrass
898,Pacific Southwest Goat Forage Mix,https://naturesseed.com/?post_type=product&p=183814,product,unclassified,,dryland-pasture-mix
899,Southwest Desert Goat Forage Mix,https://naturesseed.com/?post_type=product&p=183800,product,unclassified,,white-clover-2
899,Southwest Desert Goat Forage Mix,https://naturesseed.com/?post_type=product&p=183800,product,unclassified,,dryland-pasture-mix
900,Southwest Transitional Dairy Cow Forage Mix,https://naturesseed.com/?post_type=product&p=183772,product,unclassified,,perennial-ryegrass-2
900,Southwest Transitional Dairy Cow Forage Mix,https://naturesseed.com/?post_type=product&p=183772,product,unclassified,,perennial-ryegrass-fast-growing-lawn-mix
900,Southwest Transitional Dairy Cow Forage Mix,https://naturesseed.com/?post_type=product&p=183772,product,unclassified,,products-pasture-seed-orchardgrass
900,Southwest Transitional Dairy Cow Forage Mix,https://naturesseed.com/?post_type=product&p=183772,product,unclassified,,white-clover-2
901,Southwest Desert Dairy Cow Forage Mix,https://naturesseed.com/?post_type=product&p=183716,product,unclassified,,white-clover-2
901,Southwest Desert Dairy Cow Forage Mix,https://naturesseed.com/?post_type=product&p=183716,product,unclassified,,dryland-pasture-mix
902,Pacific Southwest Dairy Cow Forage Mix,https://naturesseed.com/?post_type=product&p=183709,product,unclassified,,perennial-ryegrass-2
902,Pacific Southwest Dairy Cow Forage Mix,https://naturesseed.com/?post_type=product&p=183709,product,unclassified,,products-pasture-seed-orchardgrass
902,Pacific Southwest Dairy Cow Forage Mix,https://naturesseed.com/?post_type=product&p=183709,product,unclassified,,white-clover-2
902,Pacific Southwest Dairy Cow Forage Mix,https://naturesseed.com/?post_type=product&p=183709,product,unclassified,,dryland-pasture-mix
903,Great Lakes/New England Beef Cattle Forage Mix,https://naturesseed.com/?post_type=product&p=183695,product,unclassified,,perennial-ryegrass-2
903,Great Lakes/New England Beef Cattle Forage Mix,https://naturesseed.com/?post_type=product&p=183695,product,unclassified,,products-pasture-seed-orchardgrass
903,Great Lakes/New England Beef Cattle Forage Mix,https://naturesseed.com/?post_type=product&p=183695,product,unclassified,,white-clover-2
904,Southwest Transitional Beef Cattle Forage Mix,https://naturesseed.com/?post_type=product&p=183688,product,unclassified,,perennial-ryegrass-2
904,Southwest Transitional Beef Cattle Forage Mix,https://naturesseed.com/?post_type=product&p=183688,product,unclassified,,white-clover-2
905,Southwest Semi-Arid Steppe Beef Cattle Forage Mix,https://naturesseed.com/?post_type=product&p=183674,product,unclassified,,white-clover-2
906,Intermountain West Beef Cattle Forage Mix,https://naturesseed.com/?post_type=product&p=183667,product,unclassified,,perennial-ryegrass-2
906,Intermountain West Beef Cattle Forage Mix,https://naturesseed.com/?post_type=product&p=183667,product,unclassified,,products-pasture-seed-orchardgrass
906,Intermountain West Beef Cattle Forage Mix,https://naturesseed.com/?post_type=product&p=183667,product,unclassified,,white-clover-2
906,Intermountain West Beef Cattle Forage Mix,https://naturesseed.com/?post_type=product&p=183667,product,unclassified,,dryland-pasture-mix
907,Great Plains Beef Cattle Forage Mix,https://naturesseed.com/?post_type=product&p=183653,product,unclassified,,perennial-ryegrass-2
907,Great Plains Beef Cattle Forage Mix,https://naturesseed.com/?post_type=product&p=183653,product,unclassified,,perennial-ryegrass-fast-growing-lawn-mix
907,Great Plains Beef Cattle Forage Mix,https://naturesseed.com/?post_type=product&p=183653,product,unclassified,,products-pasture-seed-orchardgrass
907,Great Plains Beef Cattle Forage Mix,https://naturesseed.com/?post_type=product&p=183653,product,unclassified,,white-clover-2
908,Pacific Southwest Beef Cattle Forage Mix,https://naturesseed.com/?post_type=product&p=183646,product,unclassified,,perennial-ryegrass-2
908,Pacific Southwest Beef Cattle Forage Mix,https://naturesseed.com/?post_type=product&p=183646,product,unclassified,,products-pasture-seed-orchardgrass
908,Pacific Southwest Beef Cattle Forage Mix,https://naturesseed.com/?post_type=product&p=183646,product,unclassified,,white-clover-2
909,Florida Tropics Horse Forage Mix,https://naturesseed.com/?post_type=product&p=183618,product,unclassified,,white-dutch-clover-seeds-2
909,Florida Tropics Horse Forage Mix,https://naturesseed.com/?post_type=product&p=183618,product,unclassified,,dryland-pasture-mix
910,Great Lakes/New England Horse Forage Mix,https://naturesseed.com/?post_type=product&p=183611,product,unclassified,,perennial-ryegrass-2
910,Great Lakes/New England Horse Forage Mix,https://naturesseed.com/?post_type=product&p=183611,product,unclassified,,kentucky-bluegrass-2
910,Great Lakes/New England Horse Forage Mix,https://naturesseed.com/?post_type=product&p=183611,product,unclassified,,perennial-ryegrass-fast-growing-lawn-mix
910,Great Lakes/New England Horse Forage Mix,https://naturesseed.com/?post_type=product&p=183611,product,unclassified,,horse-pasture-mix-cold-season
910,Great Lakes/New England Horse Forage Mix,https://naturesseed.com/?post_type=product&p=183611,product,unclassified,,horse-pasture-mix-warm-season
910,Great Lakes/New England Horse Forage Mix,https://naturesseed.com/?post_type=product&p=183611,product,unclassified,,horse-pasture-mix-transitional
910,Great Lakes/New England Horse Forage Mix,https://naturesseed.com/?post_type=product&p=183611,product,unclassified,,blue-ribbon-water-wise-lawn-mix-twca-certified
910,Great Lakes/New England Horse Forage Mix,https://naturesseed.com/?post_type=product&p=183611,product,unclassified,,products-pasture-seed-orchardgrass
911,Intermountain West Horse Forage Mix,https://naturesseed.com/?post_type=product&p=183583,product,unclassified,,perennial-ryegrass-2
911,Intermountain West Horse Forage Mix,https://naturesseed.com/?post_type=product&p=183583,product,unclassified,,kentucky-bluegrass-2
911,Intermountain West Horse Forage Mix,https://naturesseed.com/?post_type=product&p=183583,product,unclassified,,perennial-ryegrass-fast-growing-lawn-mix
911,Intermountain West Horse Forage Mix,https://naturesseed.com/?post_type=product&p=183583,product,unclassified,,blue-ribbon-water-wise-lawn-mix-twca-certified
911,Intermountain West Horse Forage Mix,https://naturesseed.com/?post_type=product&p=183583,product,unclassified,,products-pasture-seed-orchardgrass
911,Intermountain West Horse Forage Mix,https://naturesseed.com/?post_type=product&p=183583,product,unclassified,,dryland-pasture-mix
912,Great Plains Horse Forage Mix,https://naturesseed.com/?post_type=product&p=183569,product,unclassified,,kentucky-bluegrass-2
912,Great Plains Horse Forage Mix,https://naturesseed.com/?post_type=product&p=183569,product,unclassified,,bluegrass-water-wise-lawn-mix-twca-certified
913,Pacific Southwest Horse Forage Mix,https://naturesseed.com/?post_type=product&p=183562,product,unclassified,,perennial-ryegrass-2
913,Pacific Southwest Horse Forage Mix,https://naturesseed.com/?post_type=product&p=183562,product,unclassified,,perennial-ryegrass-fast-growing-lawn-mix
913,Pacific Southwest Horse Forage Mix,https://naturesseed.com/?post_type=product&p=183562,product,unclassified,,products-pasture-seed-orchardgrass
914,Mid-West/Mid-Atlantic Horse Forage Mix,https://naturesseed.com/?post_type=product&p=183555,product,unclassified,,perennial-ryegrass-2
914,Mid-West/Mid-Atlantic Horse Forage Mix,https://naturesseed.com/?post_type=product&p=183555,product,unclassified,,kentucky-bluegrass-2
914,Mid-West/Mid-Atlantic Horse Forage Mix,https://naturesseed.com/?post_type=product&p=183555,product,unclassified,,perennial-ryegrass-fast-growing-lawn-mix
914,Mid-West/Mid-Atlantic Horse Forage Mix,https://naturesseed.com/?post_type=product&p=183555,product,unclassified,,blue-ribbon-water-wise-lawn-mix-twca-certified
914,Mid-West/Mid-Atlantic Horse Forage Mix,https://naturesseed.com/?post_type=product&p=183555,product,unclassified,,products-pasture-seed-orchardgrass
914,Mid-West/Mid-Atlantic Horse Forage Mix,https://naturesseed.com/?post_type=product&p=183555,product,unclassified,,dryland-pasture-mix
915,Sheep Fescue Grass,https://naturesseed.com/?post_type=product&p=183533,product,unclassified,,
916,Brittlebush,https://naturesseed.com/?post_type=product&p=183521,product,unclassified,,perennial-ryegrass-2
917,Desert Globemallow,https://naturesseed.com/?post_type=product&p=183502,product,unclassified,,california-native-wildflower-mix-4
917,Desert Globemallow,https://naturesseed.com/?post_type=product&p=183502,product,unclassified,,texas-native-wildflower-mix
918,Firecracker Penstemon,https://naturesseed.com/?post_type=product&p=183490,product,unclassified,,
919,Parry Penstemon,https://naturesseed.com/?post_type=product&p=183463,product,unclassified,,
920,Desert Bluebells,https://naturesseed.com/?post_type=product&p=183445,product,unclassified,,california-native-wildflower-mix-4
920,Desert Bluebells,https://naturesseed.com/?post_type=product&p=183445,product,unclassified,,texas-native-wildflower-mix
921,Owl’s Clover,https://naturesseed.com/?post_type=product&p=183436,product,unclassified,,california-native-wildflower-mix-4
921,Owl’s Clover,https://naturesseed.com/?post_type=product&p=183436,product,unclassified,,california-poppy-2
921,Owl’s Clover,https://naturesseed.com/?post_type=product&p=183436,product,unclassified,,annual-wildflower-mix-2
922,Desert Lupine,https://naturesseed.com/?post_type=product&p=183426,product,unclassified,,california-native-wildflower-mix-4
922,Desert Lupine,https://naturesseed.com/?post_type=product&p=183426,product,unclassified,,texas-native-wildflower-mix
923,Arizona Lupine,https://naturesseed.com/?post_type=product&p=183417,product,unclassified,,california-native-wildflower-mix-4
923,Arizona Lupine,https://naturesseed.com/?post_type=product&p=183417,product,unclassified,,texas-native-wildflower-mix
924,Showy Goldeneye,https://naturesseed.com/?post_type=product&p=183371,product,unclassified,,
925,Five Spot,https://naturesseed.com/?post_type=product&p=183344,product,unclassified,,california-native-wildflower-mix-4
925,Five Spot,https://naturesseed.com/?post_type=product&p=183344,product,unclassified,,annual-wildflower-mix-2
926,Purple Prairie Clover,https://naturesseed.com/?post_type=product&p=183335,product,unclassified,,california-native-wildflower-mix-4
926,Purple Prairie Clover,https://naturesseed.com/?post_type=product&p=183335,product,unclassified,,texas-native-wildflower-mix
927,Bird’s Eye Gilia,https://naturesseed.com/?post_type=product&p=183326,product,unclassified,,california-native-wildflower-mix-4
927,Bird’s Eye Gilia,https://naturesseed.com/?post_type=product&p=183326,product,unclassified,,texas-native-wildflower-mix
928,Clasping Coneflower,https://naturesseed.com/?post_type=product&p=183317,product,unclassified,,annual-wildflower-mix-2
929,Utah Sweetvetch,https://naturesseed.com/?post_type=product&p=183308,product,unclassified,,
930,Baby Blue Eyes,https://naturesseed.com/?post_type=product&p=183279,product,unclassified,,california-native-wildflower-mix-4
931,Wild Lupine,https://naturesseed.com/?post_type=product&p=183260,product,unclassified,,
932,Lewis Blue Flax,https://naturesseed.com/?post_type=product&p=183191,product,unclassified,,
933,Black-Eyed Susan,https://naturesseed.com/?post_type=product&p=183232,product,unclassified,,california-native-wildflower-mix-4
933,Black-Eyed Susan,https://naturesseed.com/?post_type=product&p=183232,product,unclassified,,texas-native-wildflower-mix
934,Purple Coneflower,https://naturesseed.com/?post_type=product&p=183211,product,unclassified,,
935,Yellow Prairie Coneflower,https://naturesseed.com/?post_type=product&p=183201,product,unclassified,,
936,California Bluebell,https://naturesseed.com/?post_type=product&p=183182,product,unclassified,,
937,Farewell-To-Spring,https://naturesseed.com/?post_type=product&p=183173,product,unclassified,,
938,Chinese Houses,https://naturesseed.com/?post_type=product&p=183164,product,unclassified,,california-native-wildflower-mix-4
939,African Daisy,https://naturesseed.com/?post_type=product&p=183155,product,unclassified,,
940,California Poppy Seeds,https://naturesseed.com/?post_type=product&p=183139,product,unclassified,,california-poppy-2
941,Plains Coreopsis,https://naturesseed.com/?post_type=product&p=183112,product,unclassified,,
942,Mountain Phlox,https://naturesseed.com/?post_type=product&p=183102,product,unclassified,,california-native-wildflower-mix-4
943,Baby Snapdragon,https://naturesseed.com/?post_type=product&p=183093,product,unclassified,,annual-wildflower-mix-2
944,Shirley Poppy,https://naturesseed.com/?post_type=product&p=183084,product,unclassified,,
945,Lemon Beebalm,https://naturesseed.com/?post_type=product&p=183075,product,unclassified,,
946,Bachelor Button,https://naturesseed.com/?post_type=product&p=183066,product,unclassified,,
947,Baby’s Breath,https://naturesseed.com/?post_type=product&p=183057,product,unclassified,,
948,Rocky Mountain Beeplant,https://naturesseed.com/?post_type=product&p=183048,product,unclassified,,
949,Scarlet Flax,https://naturesseed.com/?post_type=product&p=183030,product,unclassified,,
950,Sulphur Cosmos,https://naturesseed.com/?post_type=product&p=183020,product,unclassified,,
951,Deer Resistant Wildflower Mix,https://naturesseed.com/?post_type=product&p=406948,product,unclassified,,deer-resistant-wildflower-seed-mix
952,Deer Resistant Wildflower Mix,https://naturesseed.com/?post_type=product&p=406947,product,unclassified,,
953,Deer Resistant Wildflower Seed Mix,https://naturesseed.com/?post_type=product&p=182995,product,unclassified,,deer-resistant-wildflower-seed-mix
953,Deer Resistant Wildflower Seed Mix,https://naturesseed.com/?post_type=product&p=182995,product,unclassified,,california-poppy-2
953,Deer Resistant Wildflower Seed Mix,https://naturesseed.com/?post_type=product&p=182995,product,unclassified,,sheep-fescue-grass-2
953,Deer Resistant Wildflower Seed Mix,https://naturesseed.com/?post_type=product&p=182995,product,unclassified,,lanceleaf-coreopsis-seeds
954,Southern Subtropics Dryland Pasture Mix,https://naturesseed.com/?post_type=product&p=182982,product,unclassified,,dryland-pasture-mix
955,South-Atlantic Transitional Dryland Pasture Mix,https://naturesseed.com/?post_type=product&p=182975,product,unclassified,,perennial-ryegrass-2
955,South-Atlantic Transitional Dryland Pasture Mix,https://naturesseed.com/?post_type=product&p=182975,product,unclassified,,kentucky-bluegrass-2
955,South-Atlantic Transitional Dryland Pasture Mix,https://naturesseed.com/?post_type=product&p=182975,product,unclassified,,products-pasture-seed-orchardgrass
956,Mid-West/Mid-Atlantic Dryland Pasture Mix,https://naturesseed.com/?post_type=product&p=182968,product,unclassified,,kentucky-bluegrass-2
956,Mid-West/Mid-Atlantic Dryland Pasture Mix,https://naturesseed.com/?post_type=product&p=182968,product,unclassified,,bluegrass-water-wise-lawn-mix-twca-certified
956,Mid-West/Mid-Atlantic Dryland Pasture Mix,https://naturesseed.com/?post_type=product&p=182968,product,unclassified,,horse-pasture-mix-cold-season
956,Mid-West/Mid-Atlantic Dryland Pasture Mix,https://naturesseed.com/?post_type=product&p=182968,product,unclassified,,sheep-pasture-forage-mix-cold-season
956,Mid-West/Mid-Atlantic Dryland Pasture Mix,https://naturesseed.com/?post_type=product&p=182968,product,unclassified,,products-pasture-seed-orchardgrass
957,Great Lakes/New England Dryland Pasture Mix,https://naturesseed.com/?post_type=product&p=182961,product,unclassified,,kentucky-bluegrass-2
957,Great Lakes/New England Dryland Pasture Mix,https://naturesseed.com/?post_type=product&p=182961,product,unclassified,,products-pasture-seed-orchardgrass
957,Great Lakes/New England Dryland Pasture Mix,https://naturesseed.com/?post_type=product&p=182961,product,unclassified,,dryland-pasture-mix
958,Great Plains Dryland Pasture Mix,https://naturesseed.com/?post_type=product&p=182954,product,unclassified,,kentucky-bluegrass-2
958,Great Plains Dryland Pasture Mix,https://naturesseed.com/?post_type=product&p=182954,product,unclassified,,products-pasture-seed-orchardgrass
959,Southwest Desert Dryland Pasture Mix,https://naturesseed.com/?post_type=product&p=182940,product,unclassified,,dryland-pasture-mix
960,Southwest Transitional Dryland Pasture Mix,https://naturesseed.com/?post_type=product&p=182926,product,unclassified,,products-pasture-seed-bahia-grass
960,Southwest Transitional Dryland Pasture Mix,https://naturesseed.com/?post_type=product&p=182926,product,unclassified,,blue-eyed-grass-2
960,Southwest Transitional Dryland Pasture Mix,https://naturesseed.com/?post_type=product&p=182926,product,unclassified,,dryland-pasture-mix
961,Intermountain West Dryland Pasture Mix,https://naturesseed.com/?post_type=product&p=182912,product,unclassified,,dryland-pasture-mix
962,Low Maintenance Seed Mix,https://naturesseed.com/?post_type=product&p=182898,product,unclassified,,
963,Organic Maintenance Fertilizer 18-1-8+fe,https://naturesseed.com/?post_type=product&p=182885,product,unclassified,,
964,Organic Seed Starter Fertilizer 4-6-4,https://naturesseed.com/?post_type=product&p=182882,product,unclassified,,
965,"Seed Aide - Cover Grow, Water Retaining Seed Starting Mulch",https://naturesseed.com/?post_type=product&p=182877,product,unclassified,,
966,White Dutch Clover Seeds - 10 lbs,https://naturesseed.com/?post_type=product&p=406923,product,unclassified,,
967,White Dutch Clover Seeds,https://naturesseed.com/?post_type=product&p=182868,product,unclassified,,white-dutch-clover-seeds-2
967,White Dutch Clover Seeds,https://naturesseed.com/?post_type=product&p=182868,product,unclassified,,white-clover-2
967,White Dutch Clover Seeds,https://naturesseed.com/?post_type=product&p=182868,product,unclassified,,products-pasture-seed-bahia-grass
967,White Dutch Clover Seeds,https://naturesseed.com/?post_type=product&p=182868,product,unclassified,,alsike-clover
967,White Dutch Clover Seeds,https://naturesseed.com/?post_type=product&p=182868,product,unclassified,,red-clover
967,White Dutch Clover Seeds,https://naturesseed.com/?post_type=product&p=182868,product,unclassified,,kentucky-bluegrass-2
967,White Dutch Clover Seeds,https://naturesseed.com/?post_type=product&p=182868,product,unclassified,,blue-eyed-grass-2
968,Annual Wildflower Mix,https://naturesseed.com/?post_type=product&p=182858,product,unclassified,,california-poppy-2
968,Annual Wildflower Mix,https://naturesseed.com/?post_type=product&p=182858,product,unclassified,,annual-wildflower-mix-2
969,Sun &amp; Shade Wildflower Mix,https://naturesseed.com/?post_type=product&p=182849,product,unclassified,,california-poppy-2
969,Sun &amp; Shade Wildflower Mix,https://naturesseed.com/?post_type=product&p=182849,product,unclassified,,sheep-fescue-grass-2
970,Low Growing Wildflower Mix,https://naturesseed.com/?post_type=product&p=182841,product,unclassified,,california-poppy-2
970,Low Growing Wildflower Mix,https://naturesseed.com/?post_type=product&p=182841,product,unclassified,,sheep-fescue-grass-2
971,Southeast Wildflower Mix,https://naturesseed.com/?post_type=product&p=182833,product,unclassified,,sheep-fescue-grass-2
972,Sonoran Desert Wildflower Mix,https://naturesseed.com/products/wilflower-seed/sonoran-desert-wildflower-mix/,product,products-wildflower-seed,,
973,Southwest Wildflower Mix,https://naturesseed.com/?post_type=product&p=182817,product,unclassified,,california-poppy-2
973,Southwest Wildflower Mix,https://naturesseed.com/?post_type=product&p=182817,product,unclassified,,sheep-fescue-grass-2
974,Rocky Mountain Wildflower Mix,https://naturesseed.com/?post_type=product&p=182803,product,unclassified,,california-poppy-2
974,Rocky Mountain Wildflower Mix,https://naturesseed.com/?post_type=product&p=182803,product,unclassified,,rocky-mountain-wildflower-mix-2
975,Northwest Wildflower Mix,https://naturesseed.com/?post_type=product&p=182795,product,unclassified,,california-poppy-2
975,Northwest Wildflower Mix,https://naturesseed.com/?post_type=product&p=182795,product,unclassified,,sheep-fescue-grass-2
976,Northeast Wildflower Mix,https://naturesseed.com/?post_type=product&p=182787,product,unclassified,,california-poppy-2
976,Northeast Wildflower Mix,https://naturesseed.com/?post_type=product&p=182787,product,unclassified,,sheep-fescue-grass-2
977,Midwest Wildflower Mix,https://naturesseed.com/?post_type=product&p=182779,product,unclassified,,california-poppy-2
977,Midwest Wildflower Mix,https://naturesseed.com/?post_type=product&p=182779,product,unclassified,,sheep-fescue-grass-2
978,Great Basin Wildflower Mix,https://naturesseed.com/?post_type=product&p=182768,product,unclassified,,california-poppy-2
978,Great Basin Wildflower Mix,https://naturesseed.com/?post_type=product&p=182768,product,unclassified,,sheep-fescue-grass-2
979,California & More Wildflower Seed Mix,https://naturesseed.com/?post_type=product&p=182760,product,unclassified,,california-poppy-2
979,California & More Wildflower Seed Mix,https://naturesseed.com/?post_type=product&p=182760,product,unclassified,,organic-maintenance-fertilizer-18-1-8fe
979,California & More Wildflower Seed Mix,https://naturesseed.com/?post_type=product&p=182760,product,unclassified,,deer-resistant-wildflower-seed-mix
979,California & More Wildflower Seed Mix,https://naturesseed.com/?post_type=product&p=182760,product,unclassified,,california-native-wildflower-mix-4
979,California & More Wildflower Seed Mix,https://naturesseed.com/?post_type=product&p=182760,product,unclassified,,rocky-mountain-wildflower-mix-2
979,California & More Wildflower Seed Mix,https://naturesseed.com/?post_type=product&p=182760,product,unclassified,,annual-wildflower-mix-2
979,California & More Wildflower Seed Mix,https://naturesseed.com/?post_type=product&p=182760,product,unclassified,,california-coastal-native-wildflower-mix-2
979,California & More Wildflower Seed Mix,https://naturesseed.com/?post_type=product&p=182760,product,unclassified,,florida-native-wildflower-mix
980,Bermuda Grass Turf Seed Mix (Coated),https://naturesseed.com/?post_type=product&p=182744,product,unclassified,,products-pasture-seed-bahia-grass
980,Bermuda Grass Turf Seed Mix (Coated),https://naturesseed.com/?post_type=product&p=182744,product,unclassified,,california-poppy-2
980,Bermuda Grass Turf Seed Mix (Coated),https://naturesseed.com/?post_type=product&p=182744,product,unclassified,,triblade-elite-bermudagrass-lawn-mix-2
980,Bermuda Grass Turf Seed Mix (Coated),https://naturesseed.com/?post_type=product&p=182744,product,unclassified,,sheep-fescue-grass-2
980,Bermuda Grass Turf Seed Mix (Coated),https://naturesseed.com/?post_type=product&p=182744,product,unclassified,,products-pasture-seed-tall-fescue
980,Bermuda Grass Turf Seed Mix (Coated),https://naturesseed.com/?post_type=product&p=182744,product,unclassified,,blue-eyed-grass-2
981,TWCA Water-Wise Northeast Grass Seed Mix,https://naturesseed.com/?post_type=product&p=182731,product,unclassified,,kentucky-bluegrass-2
981,TWCA Water-Wise Northeast Grass Seed Mix,https://naturesseed.com/?post_type=product&p=182731,product,unclassified,,products-pasture-seed-bahia-grass
981,TWCA Water-Wise Northeast Grass Seed Mix,https://naturesseed.com/?post_type=product&p=182731,product,unclassified,,blue-eyed-grass-2
982,Northwest Seed Mix,https://naturesseed.com/?post_type=product&p=182722,product,unclassified,,perennial-ryegrass-2
982,Northwest Seed Mix,https://naturesseed.com/?post_type=product&p=182722,product,unclassified,,kentucky-bluegrass-2
982,Northwest Seed Mix,https://naturesseed.com/?post_type=product&p=182722,product,unclassified,,products-pasture-seed-bahia-grass
982,Northwest Seed Mix,https://naturesseed.com/?post_type=product&p=182722,product,unclassified,,perennial-ryegrass-fast-growing-lawn-mix
982,Northwest Seed Mix,https://naturesseed.com/?post_type=product&p=182722,product,unclassified,,blue-eyed-grass-2
983,Buffalograss Turf Seed Blend,https://naturesseed.com/?post_type=product&p=182713,product,unclassified,,kentucky-bluegrass-2
983,Buffalograss Turf Seed Blend,https://naturesseed.com/?post_type=product&p=182713,product,unclassified,,products-pasture-seed-buffalograss
984,Fine Fescue Grass Seed Mix,https://naturesseed.com/?post_type=product&p=182697,product,unclassified,,fine-fescue-low-water-maintenance-turf-mix
984,Fine Fescue Grass Seed Mix,https://naturesseed.com/?post_type=product&p=182697,product,unclassified,,products-pasture-seed-bahia-grass
984,Fine Fescue Grass Seed Mix,https://naturesseed.com/?post_type=product&p=182697,product,unclassified,,sheep-fescue-grass-2
984,Fine Fescue Grass Seed Mix,https://naturesseed.com/?post_type=product&p=182697,product,unclassified,,products-pasture-seed-tall-fescue
984,Fine Fescue Grass Seed Mix,https://naturesseed.com/?post_type=product&p=182697,product,unclassified,,blue-eyed-grass-2
985,Perennial Ryegrass Seed Blend,https://naturesseed.com/?post_type=product&p=182677,product,unclassified,,perennial-ryegrass-2
985,Perennial Ryegrass Seed Blend,https://naturesseed.com/?post_type=product&p=182677,product,unclassified,,kentucky-bluegrass-2
985,Perennial Ryegrass Seed Blend,https://naturesseed.com/?post_type=product&p=182677,product,unclassified,,perennial-ryegrass-fast-growing-lawn-mix
986,TWCA Water-Wise Sun and Shade Turf Mix,https://naturesseed.com/?post_type=product&p=182663,product,unclassified,,perennial-ryegrass-2
986,TWCA Water-Wise Sun and Shade Turf Mix,https://naturesseed.com/?post_type=product&p=182663,product,unclassified,,kentucky-bluegrass-2
986,TWCA Water-Wise Sun and Shade Turf Mix,https://naturesseed.com/?post_type=product&p=182663,product,unclassified,,perennial-ryegrass-fast-growing-lawn-mix
987,Triple-Play Turf Type Tall Fescue Seed Blend,https://naturesseed.com/?post_type=product&p=182643,product,unclassified,,products-pasture-seed-tall-fescue
987,Triple-Play Turf Type Tall Fescue Seed Blend,https://naturesseed.com/?post_type=product&p=182643,product,unclassified,,fine-fescue-low-water-maintenance-turf-mix
987,Triple-Play Turf Type Tall Fescue Seed Blend,https://naturesseed.com/?post_type=product&p=182643,product,unclassified,,products-pasture-seed-bahia-grass
987,Triple-Play Turf Type Tall Fescue Seed Blend,https://naturesseed.com/?post_type=product&p=182643,product,unclassified,,kentucky-bluegrass-2
987,Triple-Play Turf Type Tall Fescue Seed Blend,https://naturesseed.com/?post_type=product&p=182643,product,unclassified,,sheep-fescue-grass-2
987,Triple-Play Turf Type Tall Fescue Seed Blend,https://naturesseed.com/?post_type=product&p=182643,product,unclassified,,blue-eyed-grass-2
988,Velvet Blue Seed Blend,https://naturesseed.com/?post_type=product&p=182625,product,unclassified,,perennial-ryegrass-2
988,Velvet Blue Seed Blend,https://naturesseed.com/?post_type=product&p=182625,product,unclassified,,kentucky-bluegrass-2
988,Velvet Blue Seed Blend,https://naturesseed.com/?post_type=product&p=182625,product,unclassified,,bluegrass-water-wise-lawn-mix-twca-certified
988,Velvet Blue Seed Blend,https://naturesseed.com/?post_type=product&p=182625,product,unclassified,,california-poppy-2
989,TWCA Water-Wise Blue Ribbon Mix,https://naturesseed.com/?post_type=product&p=406883,product,unclassified,,perennial-ryegrass-2
989,TWCA Water-Wise Blue Ribbon Mix,https://naturesseed.com/?post_type=product&p=406883,product,unclassified,,kentucky-bluegrass-2
989,TWCA Water-Wise Blue Ribbon Mix,https://naturesseed.com/?post_type=product&p=406883,product,unclassified,,blue-ribbon-water-wise-lawn-mix-twca-certified
990,TWCA Water-Wise Blue Ribbon Mix,https://naturesseed.com/?post_type=product&p=182603,product,unclassified,,perennial-ryegrass-2
990,TWCA Water-Wise Blue Ribbon Mix,https://naturesseed.com/?post_type=product&p=182603,product,unclassified,,kentucky-bluegrass-2
990,TWCA Water-Wise Blue Ribbon Mix,https://naturesseed.com/?post_type=product&p=182603,product,unclassified,,bluegrass-water-wise-lawn-mix-twca-certified
990,TWCA Water-Wise Blue Ribbon Mix,https://naturesseed.com/?post_type=product&p=182603,product,unclassified,,products-pasture-seed-bahia-grass
990,TWCA Water-Wise Blue Ribbon Mix,https://naturesseed.com/?post_type=product&p=182603,product,unclassified,,california-poppy-2
990,TWCA Water-Wise Blue Ribbon Mix,https://naturesseed.com/?post_type=product&p=182603,product,unclassified,,perennial-ryegrass-fast-growing-lawn-mix
990,TWCA Water-Wise Blue Ribbon Mix,https://naturesseed.com/?post_type=product&p=182603,product,unclassified,,blue-ribbon-water-wise-lawn-mix-twca-certified
990,TWCA Water-Wise Blue Ribbon Mix,https://naturesseed.com/?post_type=product&p=182603,product,unclassified,,blue-eyed-grass-2
