id	item_group_id	title	description	link	image_link	additional_image_link	availability	price	sale_price	brand	condition	gtin	mpn	product_type	google_product_category
470558	470555	Plains Prairie Native Seed Mix — 50 lb	Twelve-species native seed mix rebuilding the mixed-grass prairie of the Great Plains — big bluestem, indiangrass, western wheatgrass, sideoats grama, switchgrass, Canada and Virginia wildrye, plus four native forbs. All native, warm and cool season, drought tolerant once established.	https://naturesseed.com/products/pasture-seed/plains-prairie-native-seed-mix/	https://naturesseed.com/wp-content/uploads/2026/05/plainsprairie.webp	https://naturesseed.com/wp-content/uploads/2025/07/NS-Conservation-Seed-Large-bag.jpg	in stock	671.46 USD		Nature's Seed	new		PB-PLPR-50-LB-KIT	All Seed	5587
470557	470555	Plains Prairie Native Seed Mix — 20 lb	Twelve-species native seed mix rebuilding the mixed-grass prairie of the Great Plains — big bluestem, indiangrass, western wheatgrass, sideoats grama, switchgrass, Canada and Virginia wildrye, plus four native forbs. All native, warm and cool season, drought tolerant once established.	https://naturesseed.com/products/pasture-seed/plains-prairie-native-seed-mix/	https://naturesseed.com/wp-content/uploads/2026/05/plainsprairie.webp	https://naturesseed.com/wp-content/uploads/2025/07/NS-Conservation-Seed-Large-bag.jpg	in stock	284.38 USD		Nature's Seed	new		PB-PLPR-20-LB-KIT	All Seed	5587
470556	470555	Plains Prairie Native Seed Mix — 10 lb	Twelve-species native seed mix rebuilding the mixed-grass prairie of the Great Plains — big bluestem, indiangrass, western wheatgrass, sideoats grama, switchgrass, Canada and Virginia wildrye, plus four native forbs. All native, warm and cool season, drought tolerant once established.	https://naturesseed.com/products/pasture-seed/plains-prairie-native-seed-mix/	https://naturesseed.com/wp-content/uploads/2026/05/plainsprairie.webp	https://naturesseed.com/wp-content/uploads/2025/07/NS-Conservation-Seed-Large-bag.jpg	in stock	157.99 USD		Nature's Seed	new		PB-PLPR-10-LB	All Seed	5587
470550	470547	Southern Livestock Pasture Seed Mix — 50 lb	Nine species — tall fescue, perennial ryegrass, Sahara II bermudagrass, alfalfa, Ladino white clover, cicer milkvetch, Puna chicory, orchardgrass, and birdsfoot trefoil — covering cool-season, warm-season, and legume fractions for year-round southern pasture production.	https://naturesseed.com/products/pasture-seed/southern-livestock-pasture-seed-mix/	https://naturesseed.com/wp-content/uploads/2026/05/SouthernPasture.png	https://naturesseed.com/wp-content/uploads/2025/07/720x720Pasture-seed-bag-2.webp	in stock	242.21 USD		Nature's Seed	new		PB-SOLS-50-LB-KIT	All Seed	5587
470549	470547	Southern Livestock Pasture Seed Mix — 20 lb	Nine species — tall fescue, perennial ryegrass, Sahara II bermudagrass, alfalfa, Ladino white clover, cicer milkvetch, Puna chicory, orchardgrass, and birdsfoot trefoil — covering cool-season, warm-season, and legume fractions for year-round southern pasture production.	https://naturesseed.com/products/pasture-seed/southern-livestock-pasture-seed-mix/	https://naturesseed.com/wp-content/uploads/2026/05/SouthernPasture.png	https://naturesseed.com/wp-content/uploads/2025/07/720x720Pasture-seed-bag-2.webp	in stock	102.58 USD		Nature's Seed	new		PB-SOLS-20-LB-KIT	All Seed	5587
470548	470547	Southern Livestock Pasture Seed Mix — 10 lb	Nine species — tall fescue, perennial ryegrass, Sahara II bermudagrass, alfalfa, Ladino white clover, cicer milkvetch, Puna chicory, orchardgrass, and birdsfoot trefoil — covering cool-season, warm-season, and legume fractions for year-round southern pasture production.	https://naturesseed.com/products/pasture-seed/southern-livestock-pasture-seed-mix/	https://naturesseed.com/wp-content/uploads/2026/05/SouthernPasture.png	https://naturesseed.com/wp-content/uploads/2025/07/720x720Pasture-seed-bag-2.webp	in stock	56.99 USD		Nature's Seed	new		PB-SOLS-10-LB	All Seed	5587
470546	470543	California Native Ignition Resistant Seed Mix — 25 lb	Seven California native species — purple needlegrass, blue wildrye, Sandberg bluegrass, small fescue, deerweed, miniature lupine, and Great Valley gumweed — in a bunchgrass-and-forb structure that reduces fuel load and holds slopes without irrigation. Designed for CAL FIRE Zone 2 defensible space.	https://naturesseed.com/products/specialty-seed/california-native-ignition-resistant-seed-mix/	https://naturesseed.com/wp-content/uploads/2026/05/California-Native-Ignition-Resistant-Seed-Mix-.png	https://naturesseed.com/wp-content/uploads/2025/05/NS-Conservation-Seed-Large-bag-700x700-1.jpg	in stock	1325.44 USD		Nature's Seed	new		CV-CNIR-25-LB-KIT	All Seed	5587
470545	470543	California Native Ignition Resistant Seed Mix — 10 lb	Seven California native species — purple needlegrass, blue wildrye, Sandberg bluegrass, small fescue, deerweed, miniature lupine, and Great Valley gumweed — in a bunchgrass-and-forb structure that reduces fuel load and holds slopes without irrigation. Designed for CAL FIRE Zone 2 defensible space.	https://naturesseed.com/products/specialty-seed/california-native-ignition-resistant-seed-mix/	https://naturesseed.com/wp-content/uploads/2026/05/California-Native-Ignition-Resistant-Seed-Mix-.png	https://naturesseed.com/wp-content/uploads/2025/05/NS-Conservation-Seed-Large-bag-700x700-1.jpg	in stock	561.37 USD		Nature's Seed	new		CV-CNIR-10-LB-KIT	All Seed	5587
470544	470543	California Native Ignition Resistant Seed Mix — 5 lb	Seven California native species — purple needlegrass, blue wildrye, Sandberg bluegrass, small fescue, deerweed, miniature lupine, and Great Valley gumweed — in a bunchgrass-and-forb structure that reduces fuel load and holds slopes without irrigation. Designed for CAL FIRE Zone 2 defensible space.	https://naturesseed.com/products/specialty-seed/california-native-ignition-resistant-seed-mix/	https://naturesseed.com/wp-content/uploads/2026/05/California-Native-Ignition-Resistant-Seed-Mix-.png	https://naturesseed.com/wp-content/uploads/2025/05/NS-Conservation-Seed-Large-bag-700x700-1.jpg	in stock	311.87 USD		Nature's Seed	new		CV-CNIR-5-LB	All Seed	5587
464561	464558	Eastern Gamagrass (Fakahatchee) Seed — 1 lb - Covers 2,000 Sq Ft	Fakahatchee Grass (Tripsacum dactyloides) is a striking native perennial grass that forms dense, arching clumps up to 5–6 ft tall. Hardy in Zones 5–11, it thrives in sun to part shade and wet to dry soils — ideal for Florida-friendly landscapes, rain gardens, and native habitat restoration.	https://naturesseed.com/products/pasture-seed/fakahatchee-grass-eastern-gamagrass/	https://naturesseed.com/wp-content/uploads/2026/03/Fakahatchee-Grass.webp	https://naturesseed.com/wp-content/uploads/2026/03/Wildflower_Seed_Package_Webp.webp	in stock	55.24 USD		Nature's Seed	new		W-TRDA-1-LB-KIT	All Seed	5587
464560	464558	Eastern Gamagrass (Fakahatchee) Seed — 0.5 lb - Covers 1,000 Sq Ft	Fakahatchee Grass (Tripsacum dactyloides) is a striking native perennial grass that forms dense, arching clumps up to 5–6 ft tall. Hardy in Zones 5–11, it thrives in sun to part shade and wet to dry soils — ideal for Florida-friendly landscapes, rain gardens, and native habitat restoration.	https://naturesseed.com/products/pasture-seed/fakahatchee-grass-eastern-gamagrass/	https://naturesseed.com/wp-content/uploads/2026/03/Fakahatchee-Grass.webp	https://naturesseed.com/wp-content/uploads/2026/03/Wildflower_Seed_Package_Webp.webp	in stock	29.69 USD		Nature's Seed	new		W-TRDA-0.5-LB-KIT	All Seed	5587
464559	464558	Eastern Gamagrass (Fakahatchee) Seed — 0.25 lb - Covers 500 Sq Ft	Fakahatchee Grass (Tripsacum dactyloides) is a striking native perennial grass that forms dense, arching clumps up to 5–6 ft tall. Hardy in Zones 5–11, it thrives in sun to part shade and wet to dry soils — ideal for Florida-friendly landscapes, rain gardens, and native habitat restoration.	https://naturesseed.com/products/pasture-seed/fakahatchee-grass-eastern-gamagrass/	https://naturesseed.com/wp-content/uploads/2026/03/Fakahatchee-Grass.webp	https://naturesseed.com/wp-content/uploads/2026/03/Wildflower_Seed_Package_Webp.webp	in stock	16.99 USD		Nature's Seed	new		W-TRDA-0.25-LB	All Seed	5587
462926	462219	Texas Bluebonnet Seeds — 1 lb	Texas Bluebonnet (Lupinus texensis) — the official Texas state flower. Pre-scarified seed for reliable germination. Fall-planted winter annual that reseeds year after year.	https://naturesseed.com/products/wildflower-seed/texas-bluebonnet-seeds/	https://naturesseed.com/wp-content/uploads/2026/02/TexasBluebonnet.webp	https://naturesseed.com/wp-content/uploads/2026/03/Wildflower_Seed_Package_Webp.webp	in stock	131.74 USD		Nature's Seed	new		W-LUTE-1-LB-KIT	Native Wildflower Seed & Seed Mixes	5587
462925	462219	Texas Bluebonnet Seeds — 0.5 lb	Texas Bluebonnet (Lupinus texensis) — the official Texas state flower. Pre-scarified seed for reliable germination. Fall-planted winter annual that reseeds year after year.	https://naturesseed.com/products/wildflower-seed/texas-bluebonnet-seeds/	https://naturesseed.com/wp-content/uploads/2026/02/TexasBluebonnet.webp	https://naturesseed.com/wp-content/uploads/2026/03/Wildflower_Seed_Package_Webp.webp	in stock	70.19 USD		Nature's Seed	new		W-LUTE-0.5-LB-KIT	Native Wildflower Seed & Seed Mixes	5587
462924	462219	Texas Bluebonnet Seeds — 0.25 lb	Texas Bluebonnet (Lupinus texensis) — the official Texas state flower. Pre-scarified seed for reliable germination. Fall-planted winter annual that reseeds year after year.	https://naturesseed.com/products/wildflower-seed/texas-bluebonnet-seeds/	https://naturesseed.com/wp-content/uploads/2026/02/TexasBluebonnet.webp	https://naturesseed.com/wp-content/uploads/2026/03/Wildflower_Seed_Package_Webp.webp	in stock	38.99 USD		Nature's Seed	new		W-LUTE-0.25-LB	Native Wildflower Seed & Seed Mixes	5587
462887	462220	Texas Native Wildflower Mix — 5 lb	8-species native wildflower blend anchored by Texas Bluebonnet at 22%. Covers March through October with native annuals and perennials adapted to Texas soils.	https://naturesseed.com/products/wildflower-seed/texas-native-wildflower-mix/	https://naturesseed.com/wp-content/uploads/2026/02/Texas-Native-Wildflower-Mix.webp	https://naturesseed.com/wp-content/uploads/2026/03/Wildflower_Seed_Package_Webp.webp	in stock	275.39 USD		Nature's Seed	new		WB-TEXN-5-LB-KIT	Texas Native Grass & Wildflower Seed	5587
462886	462220	Texas Native Wildflower Mix — 1 lb	8-species native wildflower blend anchored by Texas Bluebonnet at 22%. Covers March through October with native annuals and perennials adapted to Texas soils.	https://naturesseed.com/products/wildflower-seed/texas-native-wildflower-mix/	https://naturesseed.com/wp-content/uploads/2026/02/Texas-Native-Wildflower-Mix.webp	https://naturesseed.com/wp-content/uploads/2026/03/Wildflower_Seed_Package_Webp.webp	in stock	58.49 USD		Nature's Seed	new		WB-TEXN-1-LB-KIT	Texas Native Grass & Wildflower Seed	5587
462885	462220	Texas Native Wildflower Mix — 0.5 lb	8-species native wildflower blend anchored by Texas Bluebonnet at 22%. Covers March through October with native annuals and perennials adapted to Texas soils.	https://naturesseed.com/products/wildflower-seed/texas-native-wildflower-mix/	https://naturesseed.com/wp-content/uploads/2026/02/Texas-Native-Wildflower-Mix.webp	https://naturesseed.com/wp-content/uploads/2026/03/Wildflower_Seed_Package_Webp.webp	in stock	32.99 USD		Nature's Seed	new		WB-TEXN-0.5-LB	Texas Native Grass & Wildflower Seed	5587
462893	462222	Texas Native Grass Seed Mix — 25 lb	3-species native grass blend dominated by Buffalograss at 70%. Uses 30-40% less water than Bermuda. Built for Central and West Texas alkaline soils.	https://naturesseed.com/products/grass-seed/texas-native-lawn-mix/	https://naturesseed.com/wp-content/uploads/2026/02/Texas-Native-Lawn-Mix.webp	https://naturesseed.com/wp-content/uploads/2026/02/LawnbagsTWCA.webp	in stock	699.54 USD		Nature's Seed	new		TURF-TXN-25-LB-KIT	Drought-Tolerant Lawn Seeds — Built for CA, AZ, OR & the Southwest	5587
462892	462222	Texas Native Grass Seed Mix — 10 lb	3-species native grass blend dominated by Buffalograss at 70%. Uses 30-40% less water than Bermuda. Built for Central and West Texas alkaline soils.	https://naturesseed.com/products/grass-seed/texas-native-lawn-mix/	https://naturesseed.com/wp-content/uploads/2026/02/Texas-Native-Lawn-Mix.webp	https://naturesseed.com/wp-content/uploads/2026/02/LawnbagsTWCA.webp	in stock	296.09 USD		Nature's Seed	new		TURF-TXN-10-LB-KIT	Drought-Tolerant Lawn Seeds — Built for CA, AZ, OR & the Southwest	5587
462891	462222	Texas Native Grass Seed Mix — 5 lb	3-species native grass blend dominated by Buffalograss at 70%. Uses 30-40% less water than Bermuda. Built for Central and West Texas alkaline soils.	https://naturesseed.com/products/grass-seed/texas-native-lawn-mix/	https://naturesseed.com/wp-content/uploads/2026/02/Texas-Native-Lawn-Mix.webp	https://naturesseed.com/wp-content/uploads/2026/02/LawnbagsTWCA.webp	in stock	164.99 USD		Nature's Seed	new		TURF-TXN-5-LB	Drought-Tolerant Lawn Seeds — Built for CA, AZ, OR & the Southwest	5587
462890	462221	Texas Pollinator Wildflower Mix — 5 lb	8-species native pollinator blend with Milkweed for Monarchs, Liatris for native bees, and Scarlet Sage for hummingbirds. Blooms March through October.	https://naturesseed.com/products/wildflower-seed/texas-pollinator-wildflower-mix/	https://naturesseed.com/wp-content/uploads/2026/02/Texas-Pollinator-Wildflower-Mix.webp	https://naturesseed.com/wp-content/uploads/2026/03/Wildflower_Seed_Package_Webp.webp	in stock	286.44 USD		Nature's Seed	new		WB-TXPB-5-LB-KIT	Native Wildflower Seed & Seed Mixes	5587
462889	462221	Texas Pollinator Wildflower Mix — 1 lb	8-species native pollinator blend with Milkweed for Monarchs, Liatris for native bees, and Scarlet Sage for hummingbirds. Blooms March through October.	https://naturesseed.com/products/wildflower-seed/texas-pollinator-wildflower-mix/	https://naturesseed.com/wp-content/uploads/2026/02/Texas-Pollinator-Wildflower-Mix.webp	https://naturesseed.com/wp-content/uploads/2026/03/Wildflower_Seed_Package_Webp.webp	in stock	61.19 USD		Nature's Seed	new		WB-TXPB-1-LB-KIT	Native Wildflower Seed & Seed Mixes	5587
462888	462221	Texas Pollinator Wildflower Mix — 0.5 lb	8-species native pollinator blend with Milkweed for Monarchs, Liatris for native bees, and Scarlet Sage for hummingbirds. Blooms March through October.	https://naturesseed.com/products/wildflower-seed/texas-pollinator-wildflower-mix/	https://naturesseed.com/wp-content/uploads/2026/02/Texas-Pollinator-Wildflower-Mix.webp	https://naturesseed.com/wp-content/uploads/2026/03/Wildflower_Seed_Package_Webp.webp	in stock	33.99 USD		Nature's Seed	new		WB-TXPB-0.5-LB	Native Wildflower Seed & Seed Mixes	5587
462899	462260	Pink Evening Primrose Seeds — 1 lb	Pink Evening Primrose (Oenothera speciosa) — the iconic Texas pink roadside wildflower. Native perennial that creates carpets of pink blooms April through October. Drought-proof once established.	https://naturesseed.com/products/wildflower-seed/pink-evening-primrose-seeds/	https://naturesseed.com/wp-content/uploads/2026/02/Mexican-Primrose-pinkladies.webp	https://naturesseed.com/wp-content/uploads/2026/03/Wildflower_Seed_Package_Webp.webp	in stock	46.74 USD		Nature's Seed	new		W-OESP-1-LB-KIT	Texas Native Grass & Wildflower Seed	5587
462898	462260	Pink Evening Primrose Seeds — 0.5 lb	Pink Evening Primrose (Oenothera speciosa) — the iconic Texas pink roadside wildflower. Native perennial that creates carpets of pink blooms April through October. Drought-proof once established.	https://naturesseed.com/products/wildflower-seed/pink-evening-primrose-seeds/	https://naturesseed.com/wp-content/uploads/2026/02/Mexican-Primrose-pinkladies.webp	https://naturesseed.com/wp-content/uploads/2026/03/Wildflower_Seed_Package_Webp.webp	in stock	25.19 USD		Nature's Seed	new		W-OESP-0.5-LB-KIT	Texas Native Grass & Wildflower Seed	5587
462897	462260	Pink Evening Primrose Seeds — 0.25 lb	Pink Evening Primrose (Oenothera speciosa) — the iconic Texas pink roadside wildflower. Native perennial that creates carpets of pink blooms April through October. Drought-proof once established.	https://naturesseed.com/products/wildflower-seed/pink-evening-primrose-seeds/	https://naturesseed.com/wp-content/uploads/2026/02/Mexican-Primrose-pinkladies.webp	https://naturesseed.com/wp-content/uploads/2026/03/Wildflower_Seed_Package_Webp.webp	in stock	13.99 USD		Nature's Seed	new		W-OESP-0.25-LB	Texas Native Grass & Wildflower Seed	5587
462896	462223	Texas Native Pasture Prairie Mix — 50 lb	The Texas state grass — sideoats grama — anchors this all-native xeriscape blend built for Hill Country yards, pasture borders, and low-maintenance lawns across the Southwest. 8-species native grass and wildflower blend anchored by Sideoats Grama at 35% and Little Bluestem at 25%. Built for rangeland restoration, conservation programs, and livestock pasture. Livestock Suitability: Excellent for cattle and horses — 85% native warm-season grasses provide high-quality summer forage with heavy grazing tolerance. Good for goats . Use caution with sheep — Texas Bluebonnet (5% of mix) is a lupine species; avoid grazing sheep on young stands where wildflowers dominate. Bloat risk: Very low — only 5% legume content; bloat requires 50%+ legume pastures.	https://naturesseed.com/products/pasture-seed/texas-native-prairie-mix/	https://naturesseed.com/wp-content/uploads/2026/02/Texas-Native-Prairie-Mix.webp	https://naturesseed.com/wp-content/uploads/2026/03/Conservation_Seed_Bag_Webp.webp	in stock	912.89 USD		Nature's Seed	new		PB-TXPR-50-LB-KIT	Drought-Tolerant Lawn Seeds — Built for CA, AZ, OR & the Southwest	5587
462895	462223	Texas Native Pasture Prairie Mix — 20 lb	The Texas state grass — sideoats grama — anchors this all-native xeriscape blend built for Hill Country yards, pasture borders, and low-maintenance lawns across the Southwest. 8-species native grass and wildflower blend anchored by Sideoats Grama at 35% and Little Bluestem at 25%. Built for rangeland restoration, conservation programs, and livestock pasture. Livestock Suitability: Excellent for cattle and horses — 85% native warm-season grasses provide high-quality summer forage with heavy grazing tolerance. Good for goats . Use caution with sheep — Texas Bluebonnet (5% of mix) is a lupine species; avoid grazing sheep on young stands where wildflowers dominate. Bloat risk: Very low — only 5% legume content; bloat requires 50%+ legume pastures.	https://naturesseed.com/products/pasture-seed/texas-native-prairie-mix/	https://naturesseed.com/wp-content/uploads/2026/02/Texas-Native-Prairie-Mix.webp	https://naturesseed.com/wp-content/uploads/2026/03/Conservation_Seed_Bag_Webp.webp	in stock	386.99 USD		Nature's Seed	new		PB-TXPR-20-LB-KIT	Drought-Tolerant Lawn Seeds — Built for CA, AZ, OR & the Southwest	5587
462894	462223	Texas Native Pasture Prairie Mix — 10 lb	The Texas state grass — sideoats grama — anchors this all-native xeriscape blend built for Hill Country yards, pasture borders, and low-maintenance lawns across the Southwest. 8-species native grass and wildflower blend anchored by Sideoats Grama at 35% and Little Bluestem at 25%. Built for rangeland restoration, conservation programs, and livestock pasture. Livestock Suitability: Excellent for cattle and horses — 85% native warm-season grasses provide high-quality summer forage with heavy grazing tolerance. Good for goats . Use caution with sheep — Texas Bluebonnet (5% of mix) is a lupine species; avoid grazing sheep on young stands where wildflowers dominate. Bloat risk: Very low — only 5% legume content; bloat requires 50%+ legume pastures.	https://naturesseed.com/products/pasture-seed/texas-native-prairie-mix/	https://naturesseed.com/wp-content/uploads/2026/02/Texas-Native-Prairie-Mix.webp	https://naturesseed.com/wp-content/uploads/2026/03/Conservation_Seed_Bag_Webp.webp	in stock	214.99 USD		Nature's Seed	new		PB-TXPR-10-LB	Drought-Tolerant Lawn Seeds — Built for CA, AZ, OR & the Southwest	5587
462902	462264	Drummond Phlox Seeds — 1 lb	Drummond Phlox (Phlox drummondii) — the only annual phlox native to Texas. Multicolor blooms in red, pink, purple, and white from March through May. Perfect bluebonnet companion.	https://naturesseed.com/products/wildflower-seed/drummond-phlox-seeds/	https://naturesseed.com/wp-content/uploads/2026/02/Drummond-Phlox-Seeds.webp	https://naturesseed.com/wp-content/uploads/2026/03/Wildflower_Seed_Package_Webp.webp	in stock	35.69 USD		Nature's Seed	new		W-PHDR-1-LB-KIT	Native Wildflower Seed & Seed Mixes	5587
462901	462264	Drummond Phlox Seeds — 0.5 lb	Drummond Phlox (Phlox drummondii) — the only annual phlox native to Texas. Multicolor blooms in red, pink, purple, and white from March through May. Perfect bluebonnet companion.	https://naturesseed.com/products/wildflower-seed/drummond-phlox-seeds/	https://naturesseed.com/wp-content/uploads/2026/02/Drummond-Phlox-Seeds.webp	https://naturesseed.com/wp-content/uploads/2026/03/Wildflower_Seed_Package_Webp.webp	in stock	18.89 USD		Nature's Seed	new		W-PHDR-0.5-LB-KIT	Native Wildflower Seed & Seed Mixes	5587
462900	462264	Drummond Phlox Seeds — 0.25 lb	Drummond Phlox (Phlox drummondii) — the only annual phlox native to Texas. Multicolor blooms in red, pink, purple, and white from March through May. Perfect bluebonnet companion.	https://naturesseed.com/products/wildflower-seed/drummond-phlox-seeds/	https://naturesseed.com/wp-content/uploads/2026/02/Drummond-Phlox-Seeds.webp	https://naturesseed.com/wp-content/uploads/2026/03/Wildflower_Seed_Package_Webp.webp	in stock	10.99 USD		Nature's Seed	new		W-PHDR-0.25-LB	Native Wildflower Seed & Seed Mixes	5587
462920	462294	Lance Leaf Coreopsis Seed — 1 lb - Covers 2,000 Sq Ft	Lanceleaf Coreopsis (Coreopsis lanceolata) — Florida’s state wildflower genus. Drought-tolerant perennial with bright yellow blooms. Thrives in sandy soil. Zones 3-8.	https://naturesseed.com/products/wildflower-seed/lanceleaf-coreopsis-seeds/	https://naturesseed.com/wp-content/uploads/2026/02/Lance-leaved-Coreopsis.webp	https://naturesseed.com/wp-content/uploads/2026/03/Wildflower_Seed_Package_Webp.webp	in stock	20.39 USD		Nature's Seed	new		W-COLA-1-LB-KIT	All Seed	5587
462919	462294	Lance Leaf Coreopsis Seed — 0.5 lb - Covers 1,000 Sq Ft	Lanceleaf Coreopsis (Coreopsis lanceolata) — Florida’s state wildflower genus. Drought-tolerant perennial with bright yellow blooms. Thrives in sandy soil. Zones 3-8.	https://naturesseed.com/products/wildflower-seed/lanceleaf-coreopsis-seeds/	https://naturesseed.com/wp-content/uploads/2026/02/Lance-leaved-Coreopsis.webp	https://naturesseed.com/wp-content/uploads/2026/03/Wildflower_Seed_Package_Webp.webp	in stock	10.79 USD		Nature's Seed	new		W-COLA-0.5-LB-KIT	All Seed	5587
462918	462294	Lance Leaf Coreopsis Seed — 0.25 lb - Covers 500 Sq Ft	Lanceleaf Coreopsis (Coreopsis lanceolata) — Florida’s state wildflower genus. Drought-tolerant perennial with bright yellow blooms. Thrives in sandy soil. Zones 3-8.	https://naturesseed.com/products/wildflower-seed/lanceleaf-coreopsis-seeds/	https://naturesseed.com/wp-content/uploads/2026/02/Lance-leaved-Coreopsis.webp	https://naturesseed.com/wp-content/uploads/2026/03/Wildflower_Seed_Package_Webp.webp	in stock	5.99 USD		Nature's Seed	new		W-COLA-0.25-LB	All Seed	5587
462914	462289	Florida Coastal Native Wildflower Seed Mix — 5 lb - Covers 10,000 Sq Ft	Focused 3-species coastal wildflower blend — Blanket Flower, Lanceleaf Coreopsis, and Spotted Beebalm. Built for Florida’s toughest sandy, coastal conditions. Zero filler.	https://naturesseed.com/products/wildflower-seed/florida-coastal-native-mix/	https://naturesseed.com/wp-content/uploads/2026/02/FloridaCoastalWildflowerMix-1.webp	https://naturesseed.com/wp-content/uploads/2023/08/bag5_6.png	in stock	101.14 USD		Nature's Seed	new		WB-FLCO-5-LB-KIT	All Seed	5587
462913	462289	Florida Coastal Native Wildflower Seed Mix — 1 lb - Covers 2,000 Sq Ft	Focused 3-species coastal wildflower blend — Blanket Flower, Lanceleaf Coreopsis, and Spotted Beebalm. Built for Florida’s toughest sandy, coastal conditions. Zero filler.	https://naturesseed.com/products/wildflower-seed/florida-coastal-native-mix/	https://naturesseed.com/wp-content/uploads/2026/02/FloridaCoastalWildflowerMix-1.webp	https://naturesseed.com/wp-content/uploads/2023/08/bag5_6.png	in stock	21.59 USD		Nature's Seed	new		WB-FLCO-1-LB-KIT	All Seed	5587
462912	462289	Florida Coastal Native Wildflower Seed Mix — 0.5 lb - Covers 1,000 Sq Ft	Focused 3-species coastal wildflower blend — Blanket Flower, Lanceleaf Coreopsis, and Spotted Beebalm. Built for Florida’s toughest sandy, coastal conditions. Zero filler.	https://naturesseed.com/products/wildflower-seed/florida-coastal-native-mix/	https://naturesseed.com/wp-content/uploads/2026/02/FloridaCoastalWildflowerMix-1.webp	https://naturesseed.com/wp-content/uploads/2023/08/bag5_6.png	in stock	11.99 USD		Nature's Seed	new		WB-FLCO-0.5-LB	All Seed	5587
462911	462284	Grass Seed Mix for Florida Lawns — 25 lb - Covers 5,000 Sq Ft	Bahiagrass 50% and Bermudagrass 30% — seed your Florida lawn for a fraction of sod cost. Less water, less fertilizer, fewer bugs than St. Augustine.	https://naturesseed.com/products/grass-seed/florida-native-lawn-alternative-mix/	https://naturesseed.com/wp-content/uploads/2026/02/Florida-Lawn-Alternative-Mix.webp	https://naturesseed.com/wp-content/uploads/2025/07/LawnbagsTWCA.webp	in stock	277.94 USD		Nature's Seed	new		TURF-FLN-25-LB-KIT	All Seed	5587
462910	462284	Grass Seed Mix for Florida Lawns — 10 lb - Covers 2,000 Sq Ft	Bahiagrass 50% and Bermudagrass 30% — seed your Florida lawn for a fraction of sod cost. Less water, less fertilizer, fewer bugs than St. Augustine.	https://naturesseed.com/products/grass-seed/florida-native-lawn-alternative-mix/	https://naturesseed.com/wp-content/uploads/2026/02/Florida-Lawn-Alternative-Mix.webp	https://naturesseed.com/wp-content/uploads/2025/07/LawnbagsTWCA.webp	in stock	117.89 USD		Nature's Seed	new		TURF-FLN-10-LB-KIT	All Seed	5587
462909	462284	Grass Seed Mix for Florida Lawns — 5 lb - Covers 1,000 Sq Ft	Bahiagrass 50% and Bermudagrass 30% — seed your Florida lawn for a fraction of sod cost. Less water, less fertilizer, fewer bugs than St. Augustine.	https://naturesseed.com/products/grass-seed/florida-native-lawn-alternative-mix/	https://naturesseed.com/wp-content/uploads/2026/02/Florida-Lawn-Alternative-Mix.webp	https://naturesseed.com/wp-content/uploads/2025/07/LawnbagsTWCA.webp	in stock	65.99 USD		Nature's Seed	new		TURF-FLN-5-LB	All Seed	5587
462908	462280	Florida Pollinator and Butterfly Seed Mix — 5 lb - Covers 10,000 Sq Ft	6-species native pollinator blend with Swamp Milkweed for Monarchs, Blazing Star for native bees, and Scarlet Sage for hummingbirds. Year-round butterfly habitat for Florida.	https://naturesseed.com/products/wildflower-seed/florida-pollinator-butterfly-mix/	https://naturesseed.com/wp-content/uploads/2026/02/Florida-Pollinator-and-Butterfly-Mix.webp	https://naturesseed.com/wp-content/uploads/2026/03/Wildflower_Seed_Package_Webp.webp	in stock	162.34 USD		Nature's Seed	new		WB-FLPB-5-LB-KIT	All Seed	5587
462907	462280	Florida Pollinator and Butterfly Seed Mix — 1 lb - Covers 2,000 Sq Ft	6-species native pollinator blend with Swamp Milkweed for Monarchs, Blazing Star for native bees, and Scarlet Sage for hummingbirds. Year-round butterfly habitat for Florida.	https://naturesseed.com/products/wildflower-seed/florida-pollinator-butterfly-mix/	https://naturesseed.com/wp-content/uploads/2026/02/Florida-Pollinator-and-Butterfly-Mix.webp	https://naturesseed.com/wp-content/uploads/2026/03/Wildflower_Seed_Package_Webp.webp	in stock	35.09 USD		Nature's Seed	new		WB-FLPB-1-LB-KIT	All Seed	5587
462906	462280	Florida Pollinator and Butterfly Seed Mix — 0.5 lb - Covers 1,000 Sq Ft	6-species native pollinator blend with Swamp Milkweed for Monarchs, Blazing Star for native bees, and Scarlet Sage for hummingbirds. Year-round butterfly habitat for Florida.	https://naturesseed.com/products/wildflower-seed/florida-pollinator-butterfly-mix/	https://naturesseed.com/wp-content/uploads/2026/02/Florida-Pollinator-and-Butterfly-Mix.webp	https://naturesseed.com/wp-content/uploads/2026/03/Wildflower_Seed_Package_Webp.webp	in stock	19.99 USD		Nature's Seed	new		WB-FLPB-0.5-LB	All Seed	5587
462905	462276	Florida Native Wildflower Seed Mix — 5 lb - Covers 10,000 Sq Ft	7-species native wildflower blend anchored by Lanceleaf Coreopsis at 22% — Florida’s state wildflower. Covers May through October. Designed for Florida’s sandy soils.	https://naturesseed.com/products/wildflower-seeds/florida-native-wildflower-mix/	https://naturesseed.com/wp-content/uploads/2026/02/Florida-Native-Wildflower-Mix.webp	https://naturesseed.com/wp-content/uploads/2023/08/bag5_6.png	in stock	109.64 USD		Nature's Seed	new		WB-FLN-5-LB-KIT	All Seed	5587
462904	462276	Florida Native Wildflower Seed Mix — 1 lb - Covers 2,000 Sq Ft	7-species native wildflower blend anchored by Lanceleaf Coreopsis at 22% — Florida’s state wildflower. Covers May through October. Designed for Florida’s sandy soils.	https://naturesseed.com/products/wildflower-seeds/florida-native-wildflower-mix/	https://naturesseed.com/wp-content/uploads/2026/02/Florida-Native-Wildflower-Mix.webp	https://naturesseed.com/wp-content/uploads/2023/08/bag5_6.png	in stock	23.39 USD		Nature's Seed	new		WB-FLN-1-LB-KIT	All Seed	5587
462903	462276	Florida Native Wildflower Seed Mix — 0.5 lb - Covers 1,000 Sq Ft	7-species native wildflower blend anchored by Lanceleaf Coreopsis at 22% — Florida’s state wildflower. Covers May through October. Designed for Florida’s sandy soils.	https://naturesseed.com/products/wildflower-seeds/florida-native-wildflower-mix/	https://naturesseed.com/wp-content/uploads/2026/02/Florida-Native-Wildflower-Mix.webp	https://naturesseed.com/wp-content/uploads/2023/08/bag5_6.png	in stock	12.99 USD		Nature's Seed	new		WB-FLN-0.5-LB	All Seed	5587
461690	461690	Pollinator Corridor Kit	Create a permanent pollinator habitat with our 3-species corridor kit: Central Valley Pollinator Wildflower Mix for nectar, California Native Grass for structure, and White Clover for season-long bloom. 6.5 lbs covers ~500-2,000 sq ft.	https://naturesseed.com/products/wildflower-seed/pollinator-corridor-kit/	https://naturesseed.com/wp-content/uploads/2026/02/Central-Valley-Habitat-Pollinator-Kit-Wildflowers-Native-Grass-and-White-Clover-Main.png		in stock	339.99 USD		Nature's Seed	new		BDL-POL	Regenerative Agriculture	5587
461689	461689	First-Year Color + Perennial Foundation Wildflower Kit	Get wildflower color in year one and lasting perennial blooms for years to come. Annual Wildflower Mix for instant color plus Deer Resistant Mix for long-term foundation. 1 lb covers ~1,000 sq ft.	https://naturesseed.com/products/wildflower-seed/first-year-and-perennial-foundation-wildflower-kit/	https://naturesseed.com/wp-content/uploads/2026/02/First-Year-Color-Perennial-Foundation-Wildflower-Kit-2-Mix-Instant-Permanent-Meadow-Starter-1.png		in stock	49.99 USD		Nature's Seed	new		BDL-FYC	Native Wildflower Seed & Seed Mixes	5587
461687	461687	Weed Smother Cover Crop Kit	Smother weeds naturally with our 2-species cover crop kit: heavy Cereal Rye for allelopathic weed suppression and Mustard Biofumigant for soilborne weed seed destruction. 15 lbs covers ~5,000 sq ft.	https://naturesseed.com/products/pasture-seed/weed-smother-cover-crop-kit/	https://naturesseed.com/wp-content/uploads/2026/02/Compaction-Buster-Cover-Crop-Kit-2Mix-Biological-Tillage-System-for-Soil-Aeration-1.png		in stock	64.99 USD		Nature's Seed	new		BDL-WSC	All Seed	5587
461686	461686	Soil Builder Cover Crop Kit	Build soil health with our 3-species cover crop kit: Winter Cereal Rye for organic matter, White Clover for nitrogen, and Mustard Biofumigant for disease suppression. 20 lbs covers ~5,000 sq ft.	https://naturesseed.com/products/pasture-seed/soil-builder-cover-crop-kit/	https://naturesseed.com/wp-content/uploads/2026/02/SoilBuilder@59x.webp	https://naturesseed.com/wp-content/uploads/2026/02/SoilBuilderBags@59x.webp	in stock	94.99 USD		Nature's Seed	new		BDL-SBC	All Seed	5587
461685	461685	Overseed & Repair Lawn Kit	Repair bare spots and thicken thin lawns with our 2-seed kit: Triblade Elite Tall Fescue for long-term density and Perennial Ryegrass for fast green-up. 10 lbs covers ~2,000 sq ft.	https://naturesseed.com/products/grass-seed/overseed-and-repair-lawn-kit/	https://naturesseed.com/wp-content/uploads/2026/02/Overseed-Repair-Lawn-Kit-Fast-Green-Perennial-Ryegrass-Deep-Rooted-Triblade-Elite-Tall-Fescue-1.png		in stock	79.99 USD		Nature's Seed	new		BDL-ORL	Grass Seed for Lawns	5587
461684	461684	Thin Pasture Fix Kit	Rebuild thin pastures with our 3-species kit: Perennial Ryegrass, White Clover, and Orchardgrass. 15 lbs covers approximately 10,000 sq ft. Ships as 3 separate bags for flexible application.	https://naturesseed.com/products/pasture-seed/thin-pasture-kit/	https://naturesseed.com/wp-content/uploads/2026/02/Thin-Pasture-Fix-Kit-3-Species-Professional-Pasture-Renovation-System-15-lb-Total-1.png		in stock	89.99 USD		Nature's Seed	new		BDL-TPF	Pasture Seed	5587
459583	458473	Upland Game Mix — 20 Lbs - 10,000 Sq Ft	Upland Game Mix is a versatile seed blend designed for wildlife food plots and cover strips that support upland game birds like pheasants and quail from mid-summer through fall and into early winter. The blend pairs white proso millet and browntop millet (33.5% each) with buckwheat (33%), delivering a staggered, multi-seed buffet and fast-growing foliage. This combination provides continuous seed production, palatable seeds, and layered canopy structure; tall millet stems over a buckwheat understory, offering overhead concealment and lateral cover for roosting, feeding, and predator escape. Ideal for establishing dense wildlife habitat, loafing areas, and nesting cover, Upland Game Mix creates durable food and cover in a single, easy-to-manage seed solution.	https://naturesseed.com/products/pasture-seed/upland-game-mix/	https://naturesseed.com/wp-content/uploads/2025/12/uplandMix.webp	https://naturesseed.com/wp-content/uploads/2025/07/Pasture-seed-bag-3.webp	in stock	44.98 USD		Nature's Seed	new		PB-BIRD-20-LB-KIT	Food Plot Seed	5587
459582	458473	Upland Game Mix — 10 Lbs - 5,000 Sq Ft	Upland Game Mix is a versatile seed blend designed for wildlife food plots and cover strips that support upland game birds like pheasants and quail from mid-summer through fall and into early winter. The blend pairs white proso millet and browntop millet (33.5% each) with buckwheat (33%), delivering a staggered, multi-seed buffet and fast-growing foliage. This combination provides continuous seed production, palatable seeds, and layered canopy structure; tall millet stems over a buckwheat understory, offering overhead concealment and lateral cover for roosting, feeding, and predator escape. Ideal for establishing dense wildlife habitat, loafing areas, and nesting cover, Upland Game Mix creates durable food and cover in a single, easy-to-manage seed solution.	https://naturesseed.com/products/pasture-seed/upland-game-mix/	https://naturesseed.com/wp-content/uploads/2025/12/uplandMix.webp	https://naturesseed.com/wp-content/uploads/2025/07/Pasture-seed-bag-3.webp	in stock	24.99 USD		Nature's Seed	new		PB-BIRD-10-LB	Food Plot Seed	5587
459562	458469	Mustard Biofumigant Blend Cover Crop Seed Mix — 50 Lbs - 25,000 Sq Ft	Choose the Mustard Biofumigant Blend Cover Crop Seed Mix for a fast, short-season solution to pest and disease pressure in vegetable beds. This mustard-dominant mix acts as a natural biofumigant, releasing bioactive compounds that help suppress soil-borne fungi, nematodes, and some bacterial pathogens as the mulch is incorporated. Ideal for breaking pest and disease cycles between harvests, it quickly forms dense biomass that boosts soil organic matter and soil structure. When mowed and integrated as a green manure, the blend enriches the root zone, enhances microbial activity, and improves nutrient cycling, paving the way for healthier transplants and higher yields in subsequent crops. Suitable for cool- and warm-season rotations, easy to sow, and compatible with organic systems.	https://naturesseed.com/products/pasture-seed/mustard-biofumigant-blend-cover-crop-seed-mix/	https://naturesseed.com/wp-content/uploads/2025/12/Mustard.webp	https://naturesseed.com/wp-content/uploads/2025/07/Pasture-seed-bag-3.webp	in stock	199.71 USD		Nature's Seed	new		PB-MUST-20-LB-KIT	Cover Crop Seed	5587
459561	458469	Mustard Biofumigant Blend Cover Crop Seed Mix — 20 Lbs - 10,000 Sq Ft	Choose the Mustard Biofumigant Blend Cover Crop Seed Mix for a fast, short-season solution to pest and disease pressure in vegetable beds. This mustard-dominant mix acts as a natural biofumigant, releasing bioactive compounds that help suppress soil-borne fungi, nematodes, and some bacterial pathogens as the mulch is incorporated. Ideal for breaking pest and disease cycles between harvests, it quickly forms dense biomass that boosts soil organic matter and soil structure. When mowed and integrated as a green manure, the blend enriches the root zone, enhances microbial activity, and improves nutrient cycling, paving the way for healthier transplants and higher yields in subsequent crops. Suitable for cool- and warm-season rotations, easy to sow, and compatible with organic systems.	https://naturesseed.com/products/pasture-seed/mustard-biofumigant-blend-cover-crop-seed-mix/	https://naturesseed.com/wp-content/uploads/2025/12/Mustard.webp	https://naturesseed.com/wp-content/uploads/2025/07/Pasture-seed-bag-3.webp	in stock	169.75 USD		Nature's Seed	new		PB-MUST-50-LB-KIT	Cover Crop Seed	5587
459560	458469	Mustard Biofumigant Blend Cover Crop Seed Mix — 10 Lbs - 5,000 Sq Ft	Choose the Mustard Biofumigant Blend Cover Crop Seed Mix for a fast, short-season solution to pest and disease pressure in vegetable beds. This mustard-dominant mix acts as a natural biofumigant, releasing bioactive compounds that help suppress soil-borne fungi, nematodes, and some bacterial pathogens as the mulch is incorporated. Ideal for breaking pest and disease cycles between harvests, it quickly forms dense biomass that boosts soil organic matter and soil structure. When mowed and integrated as a green manure, the blend enriches the root zone, enhances microbial activity, and improves nutrient cycling, paving the way for healthier transplants and higher yields in subsequent crops. Suitable for cool- and warm-season rotations, easy to sow, and compatible with organic systems.	https://naturesseed.com/products/pasture-seed/mustard-biofumigant-blend-cover-crop-seed-mix/	https://naturesseed.com/wp-content/uploads/2025/12/Mustard.webp	https://naturesseed.com/wp-content/uploads/2025/07/Pasture-seed-bag-3.webp	in stock	46.99 USD		Nature's Seed	new		PB-MUST-10-LB	Cover Crop Seed	5587
459518	458468	Jimmy's Perennial Wildflower Mix — 5 Lbs Kit - 1,000 Sq Ft	Jimmy’s Perennial Wildflower Mix offers a reliable, long-lasting solution for cottage-style borders that calmly return and expand each year. This versatile seed blend naturally naturalizes meadows, fence lines, and acreage edges with a low-maintenance perennial bloom display that requires minimal upkeep. Plant once for a carefree, year-round tapestry of color, texture, and pollinator-friendly nectar. The mix features a balanced selection of hardy perennials that establish quickly, spread modestly over time, and resist common garden stresses. Ideal for borders that echo traditional country gardens, pollinator habitats, and low-water landscapes. With repeated flushes of seasonal bloom, your landscape gains sustained charm without frequent replanting, erosion control, or heavy maintenance. Create welcoming, evergreen-like color that grows richer year after year.	https://naturesseed.com/products/wildflower-seed/jimmys-perennial-wildflower-mix/	https://naturesseed.com/wp-content/uploads/2025/12/JimmyWildflowers-scaled.jpg	https://naturesseed.com/wp-content/uploads/2025/12/Jimmys-Perennial-Flower.webp,https://naturesseed.com/wp-content/uploads/2023/08/bag5_6.png	in stock	127.42 USD		Nature's Seed	new		WB-JPW-5-LB-KIT	Native Wildflower Seed & Seed Mixes	5587
459517	458468	Jimmy's Perennial Wildflower Mix — 1 Lb Kit - 200 Sq Ft	Jimmy’s Perennial Wildflower Mix offers a reliable, long-lasting solution for cottage-style borders that calmly return and expand each year. This versatile seed blend naturally naturalizes meadows, fence lines, and acreage edges with a low-maintenance perennial bloom display that requires minimal upkeep. Plant once for a carefree, year-round tapestry of color, texture, and pollinator-friendly nectar. The mix features a balanced selection of hardy perennials that establish quickly, spread modestly over time, and resist common garden stresses. Ideal for borders that echo traditional country gardens, pollinator habitats, and low-water landscapes. With repeated flushes of seasonal bloom, your landscape gains sustained charm without frequent replanting, erosion control, or heavy maintenance. Create welcoming, evergreen-like color that grows richer year after year.	https://naturesseed.com/products/wildflower-seed/jimmys-perennial-wildflower-mix/	https://naturesseed.com/wp-content/uploads/2025/12/JimmyWildflowers-scaled.jpg	https://naturesseed.com/wp-content/uploads/2025/12/Jimmys-Perennial-Flower.webp,https://naturesseed.com/wp-content/uploads/2023/08/bag5_6.png	in stock	26.98 USD		Nature's Seed	new		WB-JPW-1-LB-KIT	Native Wildflower Seed & Seed Mixes	5587
459516	458468	Jimmy's Perennial Wildflower Mix — 0.5 Lbs - 100 Sq Ft	Jimmy’s Perennial Wildflower Mix offers a reliable, long-lasting solution for cottage-style borders that calmly return and expand each year. This versatile seed blend naturally naturalizes meadows, fence lines, and acreage edges with a low-maintenance perennial bloom display that requires minimal upkeep. Plant once for a carefree, year-round tapestry of color, texture, and pollinator-friendly nectar. The mix features a balanced selection of hardy perennials that establish quickly, spread modestly over time, and resist common garden stresses. Ideal for borders that echo traditional country gardens, pollinator habitats, and low-water landscapes. With repeated flushes of seasonal bloom, your landscape gains sustained charm without frequent replanting, erosion control, or heavy maintenance. Create welcoming, evergreen-like color that grows richer year after year.	https://naturesseed.com/products/wildflower-seed/jimmys-perennial-wildflower-mix/	https://naturesseed.com/wp-content/uploads/2025/12/JimmyWildflowers-scaled.jpg	https://naturesseed.com/wp-content/uploads/2025/12/Jimmys-Perennial-Flower.webp,https://naturesseed.com/wp-content/uploads/2023/08/bag5_6.png	in stock	14.99 USD		Nature's Seed	new		WB-JPW-0.5-LB	Native Wildflower Seed & Seed Mixes	5587
459567	458467	Pasture Clover Mix for Waterfowl Food Plots — 20 Lbs - 20,000 Sq Ft	Establish a high-protein pasture clover mix designed for moist or seasonally flooded fields to attract ducks, teal, and other waterfowl during migration and wintering. This seed blend provides dependable forage and seed heads for bobwhite quail and other upland game birds along pond margins, slough edges, and low pastures. The mix thrives in wet soils and gradually yields dense cover, creating a reliable food plot that sustains birds through thin forage periods. Use it to improve habitat along wetlands, farm margins, and grazing lands while delivering protein-rich forage, early-season greens, and attractive seed heads. A versatile choice for wildlife managers seeking consistent attraction and improved upland bird habitat across wet and transitional landscapes.	https://naturesseed.com/products/pasture-seed/pasture-clover-mix-for-duck-quail-food-plot/	https://naturesseed.com/wp-content/uploads/2025/12/Duck-and-Quail-Food-Plot.webp	https://naturesseed.com/wp-content/uploads/2025/07/Pasture-seed-bag-3.webp	in stock	86.38 USD		Nature's Seed	new		PB-CLV-20-LB-KIT	Pasture Seed	5587
459566	458467	Pasture Clover Mix for Waterfowl Food Plots — 50 Lbs - 50,000 Sq Ft	Establish a high-protein pasture clover mix designed for moist or seasonally flooded fields to attract ducks, teal, and other waterfowl during migration and wintering. This seed blend provides dependable forage and seed heads for bobwhite quail and other upland game birds along pond margins, slough edges, and low pastures. The mix thrives in wet soils and gradually yields dense cover, creating a reliable food plot that sustains birds through thin forage periods. Use it to improve habitat along wetlands, farm margins, and grazing lands while delivering protein-rich forage, early-season greens, and attractive seed heads. A versatile choice for wildlife managers seeking consistent attraction and improved upland bird habitat across wet and transitional landscapes.	https://naturesseed.com/products/pasture-seed/pasture-clover-mix-for-duck-quail-food-plot/	https://naturesseed.com/wp-content/uploads/2025/12/Duck-and-Quail-Food-Plot.webp	https://naturesseed.com/wp-content/uploads/2025/07/Pasture-seed-bag-3.webp	in stock	203.96 USD		Nature's Seed	new		PB-CLV-50-LB-KIT	Pasture Seed	5587
459565	458467	Pasture Clover Mix for Waterfowl Food Plots — 10 Lbs - 10,000 Sq Ft	Establish a high-protein pasture clover mix designed for moist or seasonally flooded fields to attract ducks, teal, and other waterfowl during migration and wintering. This seed blend provides dependable forage and seed heads for bobwhite quail and other upland game birds along pond margins, slough edges, and low pastures. The mix thrives in wet soils and gradually yields dense cover, creating a reliable food plot that sustains birds through thin forage periods. Use it to improve habitat along wetlands, farm margins, and grazing lands while delivering protein-rich forage, early-season greens, and attractive seed heads. A versatile choice for wildlife managers seeking consistent attraction and improved upland bird habitat across wet and transitional landscapes.	https://naturesseed.com/products/pasture-seed/pasture-clover-mix-for-duck-quail-food-plot/	https://naturesseed.com/wp-content/uploads/2025/12/Duck-and-Quail-Food-Plot.webp	https://naturesseed.com/wp-content/uploads/2025/07/Pasture-seed-bag-3.webp	in stock	47.99 USD		Nature's Seed	new		PB-CLV-10-LB	Pasture Seed	5587
458447	458434	Clover Lawn Alternative Mix — 5 Lbs - 1,000 Sq Ft	A low-mow clover and microclover lawn alternative that replaces traditional grass with a soft, walkable green carpet. Stays lush with less water, no fertilizer, and far less mowing — ideal for eco-conscious homeowners.	https://naturesseed.com/products/grass-seed/clover-lawn-alternative-mix/	https://naturesseed.com/wp-content/uploads/2025/12/CloverLikeLawn.png	https://naturesseed.com/wp-content/uploads/2025/07/Lawnbags-7.png	in stock	17.99 USD		Nature's Seed	new		TURF-CLV-5-LB	Clover Seed	5587
458432	458423	Meadow Lawn Blend — 5 Lbs - 1,000 Sq Ft		https://naturesseed.com/products/grass-seed/meadow-lawn-blend/	https://naturesseed.com/wp-content/uploads/2025/12/MeadowLikeLawn.png	https://naturesseed.com/wp-content/uploads/2025/07/Lawnbags-7.png	in stock	28.99 USD		Nature's Seed	new		TURF-MLB-5-LB	Grass Seed for Lawns	5587
458430	458423	Meadow Lawn Blend — 10 Lbs - 2,000 Sq Ft		https://naturesseed.com/products/grass-seed/meadow-lawn-blend/	https://naturesseed.com/wp-content/uploads/2025/12/MeadowLikeLawn.png	https://naturesseed.com/wp-content/uploads/2025/07/Lawnbags-7.png	in stock	51.29 USD		Nature's Seed	new		TURF-MLB-10-LB-KIT	Grass Seed for Lawns	5587
458051	458047	Hardy Grass Seed Mix for High Traffic Lawns — 5 Lbs - 1,000 Sq Ft	Find a premium grass seed mix that is ideal for high traffic lawns and will stand up to abuse from dogs, kids, and more. Our hardy mix features top-rated varieties that are drought tolerant and create dense, durable turf.	https://naturesseed.com/products/grass-seed/high-traffic-hardy-lawn/	https://naturesseed.com/wp-content/uploads/2025/10/tuffnnuff.png	https://naturesseed.com/wp-content/uploads/2025/07/Lawnbags-4.png	in stock	44.99 USD		Nature's Seed	new		TURF-HLB-5-LB	Drought-Tolerant Lawn Seeds — Built for CA, AZ, OR & the Southwest	5587
463754	455929	Sandhills Pasture Prairie Mix — 50 lb - Covers 250,000 Sq Ft		https://naturesseed.com/products/pasture-seed/sandhills-prairie-mix/	https://naturesseed.com/wp-content/uploads/2025/11/sandhillsPrairie.png		in stock	849.99 USD		Nature's Seed	new		PB-SHPR-50-LB-KIT	Pasture Seed	5587
455519	455411	Full Potential Food Plot Mix — 50 lb - Covers 5,000 Sq Ft		https://naturesseed.com/products/pasture-seed/full-potential-food-plot/	https://naturesseed.com/wp-content/uploads/2025/10/FullPotential.png	https://naturesseed.com/wp-content/uploads/2025/07/NS-Pasture-Seed-Large-bag-150x150-1.jpg	in stock	475.99 USD		Nature's Seed	new		PB-FULL-50-LB-KIT	All Seed	5587
455518	455411	Full Potential Food Plot Mix — 20 lb - Covers 2,000 Sq Ft		https://naturesseed.com/products/pasture-seed/full-potential-food-plot/	https://naturesseed.com/wp-content/uploads/2025/10/FullPotential.png	https://naturesseed.com/wp-content/uploads/2025/07/NS-Pasture-Seed-Large-bag-150x150-1.jpg	in stock	201.59 USD		Nature's Seed	new		PB-FULL-20-LB-KIT	All Seed	5587
455517	455411	Full Potential Food Plot Mix — 10 lb - Covers 1,000 Sq Ft		https://naturesseed.com/products/pasture-seed/full-potential-food-plot/	https://naturesseed.com/wp-content/uploads/2025/10/FullPotential.png	https://naturesseed.com/wp-content/uploads/2025/07/NS-Pasture-Seed-Large-bag-150x150-1.jpg	in stock	111.99 USD		Nature's Seed	new		PB-FULL-10-LB	All Seed	5587
455530	455407	Shade Tolerant Food Plot Mix — 50 lb - Covers 10,000 Sq Ft		https://naturesseed.com/products/pasture-seed/shade-mix-food-plot/	https://naturesseed.com/wp-content/uploads/2025/10/ShadeMix.png	https://naturesseed.com/wp-content/uploads/2025/07/Pasture-seed-bag-3.webp	in stock	484.49 USD		Nature's Seed	new		PB-SHADE-50-LB-KIT	All Seed	5587
455529	455407	Shade Tolerant Food Plot Mix — 20 lb - Covers 4,000 Sq Ft		https://naturesseed.com/products/pasture-seed/shade-mix-food-plot/	https://naturesseed.com/wp-content/uploads/2025/10/ShadeMix.png	https://naturesseed.com/wp-content/uploads/2025/07/Pasture-seed-bag-3.webp	in stock	205.19 USD		Nature's Seed	new		PB-SHADE-20-LB-KIT	All Seed	5587
455528	455407	Shade Tolerant Food Plot Mix — 10 lb - Covers 2,000 Sq Ft		https://naturesseed.com/products/pasture-seed/shade-mix-food-plot/	https://naturesseed.com/wp-content/uploads/2025/10/ShadeMix.png	https://naturesseed.com/wp-content/uploads/2025/07/Pasture-seed-bag-3.webp	in stock	113.99 USD		Nature's Seed	new		PB-SHADE-10-LB	All Seed	5587
455452	455394	Plains Prairie Mix — 4 lb - Covers 800 Sq Ft		https://naturesseed.com/products/pasture-seed/plains-prairie-mix/	https://naturesseed.com/wp-content/uploads/2025/10/plainsprairie-1.png	https://naturesseed.com/wp-content/uploads/2025/07/Pasture-seed-bag-3.webp	in stock	259.99 USD		Nature's Seed	new		PB-PLPR-4-LBS	All Seed	5587
455451	455394	Plains Prairie Mix — 16 lb - Covers 3,000 Sq Ft		https://naturesseed.com/products/pasture-seed/plains-prairie-mix/	https://naturesseed.com/wp-content/uploads/2025/10/plainsprairie-1.png	https://naturesseed.com/wp-content/uploads/2025/07/Pasture-seed-bag-3.webp	in stock	1104.99 USD		Nature's Seed	new		PB-PLPR-16-LBS	All Seed	5587
455450	455394	Plains Prairie Mix — 8 lb - Covers 1,000 Sq Ft		https://naturesseed.com/products/pasture-seed/plains-prairie-mix/	https://naturesseed.com/wp-content/uploads/2025/10/plainsprairie-1.png	https://naturesseed.com/wp-content/uploads/2025/07/Pasture-seed-bag-3.webp	in stock	467.99 USD		Nature's Seed	new		PB-PLPR-8-LBS	All Seed	5587
452952	452949	Chaparral Sage Scrub Mix — 2 lb - Covers 4,000 Sq Ft		https://naturesseed.com/products/wildflower-seed/chaparral-sage-scrub-mix/	https://naturesseed.com/wp-content/uploads/2025/09/ChaparralMix.png	https://naturesseed.com/wp-content/uploads/2025/07/NS-Conservation-Seed-Large-bag-150x150-1.jpg	in stock	127.99 USD		Nature's Seed	new		PB-CHSS-2-LB-KIT	Native California Seeds	5587
452951	452949	Chaparral Sage Scrub Mix — 1 lb - Covers 2,000 Sq Ft		https://naturesseed.com/products/wildflower-seed/chaparral-sage-scrub-mix/	https://naturesseed.com/wp-content/uploads/2025/09/ChaparralMix.png	https://naturesseed.com/wp-content/uploads/2025/07/NS-Conservation-Seed-Large-bag-150x150-1.jpg	in stock	67.74 USD		Nature's Seed	new		PB-CHSS-1-LB-KIT	Native California Seeds	5587
452950	452949	Chaparral Sage Scrub Mix — 0.5 lb - Covers 1,000 Sq Ft		https://naturesseed.com/products/wildflower-seed/chaparral-sage-scrub-mix/	https://naturesseed.com/wp-content/uploads/2025/09/ChaparralMix.png	https://naturesseed.com/wp-content/uploads/2025/07/NS-Conservation-Seed-Large-bag-150x150-1.jpg	in stock	37.64 USD		Nature's Seed	new		PB-CHSS-0.5-LB	Native California Seeds	5587
452929	452924	Coastal California Sage Scrub Mix — 1 lb - Covers 4,000 Sq Ft		https://naturesseed.com/products/wildflower-seed/coastal-sage-scrub-mix/	https://naturesseed.com/wp-content/uploads/2025/09/Coastal-Sage-Scrub-Mix.png	https://naturesseed.com/wp-content/uploads/2025/07/WildflowerBag-2.png	in stock	69.86 USD		Nature's Seed	new		PB-COSS-1-LB-KIT	All Seed	5587
452928	452924	Coastal California Sage Scrub Mix — 0.5 lb - Covers 2,000 Sq Ft		https://naturesseed.com/products/wildflower-seed/coastal-sage-scrub-mix/	https://naturesseed.com/wp-content/uploads/2025/09/Coastal-Sage-Scrub-Mix.png	https://naturesseed.com/wp-content/uploads/2025/07/WildflowerBag-2.png	in stock	38.82 USD		Nature's Seed	new		PB-COSS-0.5-LB	All Seed	5587
452909	452906	California Bush Sunflower Seed — 0.5 lb - Covers 1,000 Sq Ft		https://naturesseed.com/products/wildflower-seed/california-bush-sunflower/	https://naturesseed.com/wp-content/uploads/2025/09/Encelia-californica.png	https://naturesseed.com/wp-content/uploads/2025/07/WildflowerBag-2.png	in stock	38.10 USD		Nature's Seed	new		W-ENCA-0.5-LB-KIT	All Seed	5587
452903	452899	White Sage Seed — 1 lb - Covers 4,000 Sq Ft		https://naturesseed.com/products/wildflower-seed/white-sage/	https://naturesseed.com/wp-content/uploads/2025/09/White-Sage.png	https://naturesseed.com/wp-content/uploads/2025/07/WildflowerBag-2.png	in stock	111.99 USD		Nature's Seed	new		W-SAAP-1-LB-KIT	All Seed	5587
452902	452899	White Sage Seed — 0.5 lb - Covers 2,000 Sq Ft		https://naturesseed.com/products/wildflower-seed/white-sage/	https://naturesseed.com/wp-content/uploads/2025/09/White-Sage.png	https://naturesseed.com/wp-content/uploads/2025/07/WildflowerBag-2.png	in stock	59.27 USD		Nature's Seed	new		W-SAAP-0.5-LB-KIT	All Seed	5587
452901	452899	White Sage Seed — 0.25 lb - Covers 1,000 Sq Ft		https://naturesseed.com/products/wildflower-seed/white-sage/	https://naturesseed.com/wp-content/uploads/2025/09/White-Sage.png	https://naturesseed.com/wp-content/uploads/2025/07/WildflowerBag-2.png	in stock	32.93 USD		Nature's Seed	new		W-SAAP-0.25-LB	All Seed	5587
452881	452877	Purple Needlegrass Seed — 1 lb - Covers 4,000 Sq Ft		https://naturesseed.com/products/wildflower-seed/purple-needlegrass/	https://naturesseed.com/wp-content/uploads/2025/09/PurpleNeedlegrass-1.png	https://naturesseed.com/wp-content/uploads/2025/07/WildflowerBag-2.png	in stock	67.99 USD		Nature's Seed	new		W-NAPU-1-LB-KIT	All Seed	5587
452880	452877	Purple Needlegrass Seed — 0.5 lb - Covers 2,000 Sq Ft		https://naturesseed.com/products/wildflower-seed/purple-needlegrass/	https://naturesseed.com/wp-content/uploads/2025/09/PurpleNeedlegrass-1.png	https://naturesseed.com/wp-content/uploads/2025/07/WildflowerBag-2.png	in stock	35.98 USD		Nature's Seed	new		W-NAPU-0.5-LB-KIT	All Seed	5587
452879	452877	Purple Needlegrass Seed — 0.25 lb - Covers 1,000 Sq Ft		https://naturesseed.com/products/wildflower-seed/purple-needlegrass/	https://naturesseed.com/wp-content/uploads/2025/09/PurpleNeedlegrass-1.png	https://naturesseed.com/wp-content/uploads/2025/07/WildflowerBag-2.png	in stock	19.99 USD		Nature's Seed	new		W-NAPU-0.25-LB	All Seed	5587
452807	452802	Golden Yarrow Seed — 1 lb - Covers 4,000 Sq Ft		https://naturesseed.com/products/wildflower-seed/golden-yarrow/	https://naturesseed.com/wp-content/uploads/2025/09/GoldenYarrow.png	https://naturesseed.com/wp-content/uploads/2025/07/WildflowerBag-2.png	in stock	183.99 USD		Nature's Seed	new		W-ERCO-1-LB-KIT	All Seed	5587
452806	452802	Golden Yarrow Seed — 0.5 lb - Covers 2,000 Sq Ft		https://naturesseed.com/products/wildflower-seed/golden-yarrow/	https://naturesseed.com/wp-content/uploads/2025/09/GoldenYarrow.png	https://naturesseed.com/wp-content/uploads/2025/07/WildflowerBag-2.png	in stock	97.39 USD		Nature's Seed	new		W-ERCO-0.5-LB-KIT	All Seed	5587
452805	452802	Golden Yarrow Seed — 0.25 lb - Covers 1,000 Sq Ft		https://naturesseed.com/products/wildflower-seed/golden-yarrow/	https://naturesseed.com/wp-content/uploads/2025/09/GoldenYarrow.png	https://naturesseed.com/wp-content/uploads/2025/07/WildflowerBag-2.png	in stock	54.11 USD		Nature's Seed	new		W-ERCO-0.25-LB	All Seed	5587
452796	452791	Central Valley Pollinator Wildflower Mix — 2 lb - 10,000 Sq Ft		https://naturesseed.com/products/wildflower-seed/central-valley-pollinator-mix-xerces-society/	https://naturesseed.com/wp-content/uploads/2025/09/Xerces.png	https://naturesseed.com/wp-content/uploads/2025/07/WildflowerBag-2.png	in stock	199.99 USD		Nature's Seed	new		WB-XCVP-2-LB-KIT	All Seed	5587
452795	452791	Central Valley Pollinator Wildflower Mix — 1 lb - 5,000 Sq Ft		https://naturesseed.com/products/wildflower-seed/central-valley-pollinator-mix-xerces-society/	https://naturesseed.com/wp-content/uploads/2025/09/Xerces.png	https://naturesseed.com/wp-content/uploads/2025/07/WildflowerBag-2.png	in stock	105.88 USD		Nature's Seed	new		WB-XCVP-1-LB-KIT	All Seed	5587
452794	452791	Central Valley Pollinator Wildflower Mix — 0.5 lb - 2,000 Sq Ft		https://naturesseed.com/products/wildflower-seed/central-valley-pollinator-mix-xerces-society/	https://naturesseed.com/wp-content/uploads/2025/09/Xerces.png	https://naturesseed.com/wp-content/uploads/2025/07/WildflowerBag-2.png	in stock	58.82 USD		Nature's Seed	new		WB-XCVP-0.5-LB	All Seed	5587
452775	452770	Yellow Lupine Seed — 1 lb - Covers 4,000 Sq Ft		https://naturesseed.com/products/wildflower-seed/yellow-lupine/	https://naturesseed.com/wp-content/uploads/2025/09/Yellow-Lupine.png	https://naturesseed.com/wp-content/uploads/2025/07/WildflowerBag-2.png	in stock	99.99 USD		Nature's Seed	new		W-LUMI-1-LB-KIT	All Seed	5587
452774	452770	Yellow Lupine Seed — 0.5 lb - Covers 2,000 Sq Ft		https://naturesseed.com/products/wildflower-seed/yellow-lupine/	https://naturesseed.com/wp-content/uploads/2025/09/Yellow-Lupine.png	https://naturesseed.com/wp-content/uploads/2025/07/WildflowerBag-2.png	in stock	52.94 USD		Nature's Seed	new		W-LUMI-0.5-LB-KIT	All Seed	5587
452773	452770	Yellow Lupine Seed — 0.25 lb - Covers 1,000 Sq Ft		https://naturesseed.com/products/wildflower-seed/yellow-lupine/	https://naturesseed.com/wp-content/uploads/2025/09/Yellow-Lupine.png	https://naturesseed.com/wp-content/uploads/2025/07/WildflowerBag-2.png	in stock	29.41 USD		Nature's Seed	new		W-LUMI-0.25-LB	All Seed	5587
452754	452749	Western Yarrow Seed — 0.5 lb - Covers 2,000 Sq Ft		https://naturesseed.com/products/wildflower-seed/western-yarrow/	https://naturesseed.com/wp-content/uploads/2025/09/Achillea-millefolium.png	https://naturesseed.com/wp-content/uploads/2025/07/WildflowerBag-2.png	in stock	31.74 USD		Nature's Seed	new		W-ACLA-0.5-LB-KIT	All Seed	5587
452753	452749	Western Yarrow Seed — 0.25 lb - Covers 1,000 Sq Ft		https://naturesseed.com/products/wildflower-seed/western-yarrow/	https://naturesseed.com/wp-content/uploads/2025/09/Achillea-millefolium.png	https://naturesseed.com/wp-content/uploads/2025/07/WildflowerBag-2.png	in stock	17.64 USD		Nature's Seed	new		W-ACLA-0.25-LB	All Seed	5587
452655	452646	Bush Monkeyflower Seed — 1 lb - Covers 4,000 Sq Ft		https://naturesseed.com/products/wildflower-seed/bush-monkeyflower/	https://naturesseed.com/wp-content/uploads/2025/09/Bush-Monkeyflower.png	https://naturesseed.com/wp-content/uploads/2025/07/WildflowerBag-2.png	in stock	67.99 USD		Nature's Seed	new		W-DIAUA-1-LB-KIT	All Seed	5587
452654	452646	Bush Monkeyflower Seed — 0.5 lb - Covers 2,000 Sq Ft		https://naturesseed.com/products/wildflower-seed/bush-monkeyflower/	https://naturesseed.com/wp-content/uploads/2025/09/Bush-Monkeyflower.png	https://naturesseed.com/wp-content/uploads/2025/07/WildflowerBag-2.png	in stock	35.98 USD		Nature's Seed	new		W-DIAUA-0.5-LB-KIT	All Seed	5587
452653	452646	Bush Monkeyflower Seed — 0.25 lb - Covers 1,000 Sq Ft		https://naturesseed.com/products/wildflower-seed/bush-monkeyflower/	https://naturesseed.com/wp-content/uploads/2025/09/Bush-Monkeyflower.png	https://naturesseed.com/wp-content/uploads/2025/07/WildflowerBag-2.png	in stock	19.99 USD		Nature's Seed	new		W-DIAUA-0.25-LB	All Seed	5587
452638	452633	Blue-Eyed Grass Seed — 1 lb - Covers 8,000 Sq Ft		https://naturesseed.com/products/wildflower-seed/blue-eyed-grass/	https://naturesseed.com/wp-content/uploads/2025/09/Western-Blue-eyed-Grass.png	https://naturesseed.com/wp-content/uploads/2025/07/WildflowerBag-2.png	in stock	171.99 USD		Nature's Seed	new		W-SIBE-1-LB-KIT	All Seed	5587
452637	452633	Blue-Eyed Grass Seed — 0.5 lb - Covers 4,000 Sq Ft		https://naturesseed.com/products/wildflower-seed/blue-eyed-grass/	https://naturesseed.com/wp-content/uploads/2025/09/Western-Blue-eyed-Grass.png	https://naturesseed.com/wp-content/uploads/2025/07/WildflowerBag-2.png	in stock	91.04 USD		Nature's Seed	new		W-SIBE-0.5-LB-KIT	All Seed	5587
452636	452633	Blue-Eyed Grass Seed — 0.25 lb - Covers 2,000 Sq Ft		https://naturesseed.com/products/wildflower-seed/blue-eyed-grass/	https://naturesseed.com/wp-content/uploads/2025/09/Western-Blue-eyed-Grass.png	https://naturesseed.com/wp-content/uploads/2025/07/WildflowerBag-2.png	in stock	50.58 USD		Nature's Seed	new		W-SIBE-0.25-LB	All Seed	5587
452618	452614	Miniature Lupine Seed — 0.25 lb - Covers 1,000 Sq Ft		https://naturesseed.com/products/wildflower-seed/miniature-lupine/	https://naturesseed.com/wp-content/uploads/2025/09/Miniature-Lupine.png	https://naturesseed.com/wp-content/uploads/2025/07/WildflowerBag-2.png	in stock	18.81 USD		Nature's Seed	new		W-LUBI-0.25-LB	All Seed	5587
452617	452614	Miniature Lupine Seed — 1 lb - Covers 4,000 Sq Ft		https://naturesseed.com/products/wildflower-seed/miniature-lupine/	https://naturesseed.com/wp-content/uploads/2025/09/Miniature-Lupine.png	https://naturesseed.com/wp-content/uploads/2025/07/WildflowerBag-2.png	in stock	63.99 USD		Nature's Seed	new		W-LUBI-1-LB-KIT	All Seed	5587
452616	452614	Miniature Lupine Seed — 0.5 lb - Covers 2,000 Sq Ft		https://naturesseed.com/products/wildflower-seed/miniature-lupine/	https://naturesseed.com/wp-content/uploads/2025/09/Miniature-Lupine.png	https://naturesseed.com/wp-content/uploads/2025/07/WildflowerBag-2.png	in stock	33.86 USD		Nature's Seed	new		W-LUBI-0.5-LB-KIT	All Seed	5587
452372	452364	White Clover Seed — 50 lb - Covers 100,000 Sq Ft	White clover ( Trifolium repens ) is one of the most valuable and versatile plants you can add to your pasture, lawn, or food plot. This low-growing perennial legume is prized worldwide for its ability to naturally enrich soil through nitrogen fixation, reducing the need for synthetic fertilizer and boosting the growth of surrounding grasses. White clover forms a dense, spreading mat of foliage that can reach up to 12 inches in height, making it an ideal ground cover for erosion control, weed suppression, and improving soil health over time.	https://naturesseed.com/products/clover-seed/white-clover/	https://naturesseed.com/wp-content/uploads/2025/09/White-Clover.png	https://naturesseed.com/wp-content/uploads/2025/07/WildflowerBag-2.png	in stock	296.99 USD		Nature's Seed	new		PG-TRRE-50-LB-KIT	All Seed	5587
452370	452364	White Clover Seed — 10 lb - Covers 20,000 Sq Ft	White clover ( Trifolium repens ) is one of the most valuable and versatile plants you can add to your pasture, lawn, or food plot. This low-growing perennial legume is prized worldwide for its ability to naturally enrich soil through nitrogen fixation, reducing the need for synthetic fertilizer and boosting the growth of surrounding grasses. White clover forms a dense, spreading mat of foliage that can reach up to 12 inches in height, making it an ideal ground cover for erosion control, weed suppression, and improving soil health over time.	https://naturesseed.com/products/clover-seed/white-clover/	https://naturesseed.com/wp-content/uploads/2025/09/White-Clover.png	https://naturesseed.com/wp-content/uploads/2025/07/WildflowerBag-2.png	in stock	62.99 USD		Nature's Seed	new		PG-TRRE-10-LB-KIT	All Seed	5587
451810	451810	White Dutch Clover Soil & Grass Health Boost - 5lb for 10,000 Sq ft.		https://naturesseed.com/product/white-dutch-clover-soil-grass-health-boost-5lb-for-10000-sq-ft/	https://naturesseed.com/wp-content/uploads/2025/07/s-trre1_1.jpg		in stock	34.99 USD		Nature's Seed	new		S-DUTCH-5-LB-ADDON	All Seed	5587
447332	445379	California Habitat Mix — 50 lb - Covers 100,000 Sq Ft		https://naturesseed.com/products/grass-seed/california-habitat-mix/	https://naturesseed.com/wp-content/uploads/2025/07/habitat-mix.jpg	https://naturesseed.com/wp-content/uploads/2025/07/NS-Conservation-Seed-Large-bag-Back.jpg	in stock	2749.99 USD		Nature's Seed	new		CV-CHM-50-LB-KIT	All Seed	5587
447331	445379	California Habitat Mix — 25 lb - Covers 50,000 Sq Ft		https://naturesseed.com/products/grass-seed/california-habitat-mix/	https://naturesseed.com/wp-content/uploads/2025/07/habitat-mix.jpg	https://naturesseed.com/wp-content/uploads/2025/07/NS-Conservation-Seed-Large-bag-Back.jpg	in stock	1455.88 USD		Nature's Seed	new		CV-CHM-25-LB-KIT	All Seed	5587
445838	445379	California Habitat Mix — 5 lb - Covers 20,000 Sq Ft		https://naturesseed.com/products/grass-seed/california-habitat-mix/	https://naturesseed.com/wp-content/uploads/2025/07/habitat-mix.jpg	https://naturesseed.com/wp-content/uploads/2025/07/NS-Conservation-Seed-Large-bag-Back.jpg	in stock	323.53 USD		Nature's Seed	new		PB-CHM-5-LB	All Seed	5587
447445	445362	California Native Erosion Control Mix — 5 Lbs - 20,000 Sq Ft		https://naturesseed.com/products/specialty-seed/california-native-erosion-control-mix/	https://naturesseed.com/wp-content/uploads/2025/07/shutterstock_2497091527-scaled-1.jpg	https://naturesseed.com/wp-content/uploads/2025/07/baseroconnativemx_3months__1_-wr_1.jpg,https://naturesseed.com/wp-content/uploads/2025/07/NS-Conservation-Seed-Large-bag.jpg,https://naturesseed.com/wp-content/uploads/2025/07/NS-Conservation-Seed-Large-bag-Back.jpg,https://naturesseed.com/wp-content/uploads/2025/07/california.png	in stock	205.88 USD		Nature's Seed	new		CV-CNEC-5-LB	Specialty Seed	5587
447444	445362	California Native Erosion Control Mix — 25 Lbs - 40,000 Sq Ft		https://naturesseed.com/products/specialty-seed/california-native-erosion-control-mix/	https://naturesseed.com/wp-content/uploads/2025/07/shutterstock_2497091527-scaled-1.jpg	https://naturesseed.com/wp-content/uploads/2025/07/baseroconnativemx_3months__1_-wr_1.jpg,https://naturesseed.com/wp-content/uploads/2025/07/NS-Conservation-Seed-Large-bag.jpg,https://naturesseed.com/wp-content/uploads/2025/07/NS-Conservation-Seed-Large-bag-Back.jpg,https://naturesseed.com/wp-content/uploads/2025/07/california.png	in stock	926.47 USD		Nature's Seed	new		CV-CNEC-25-LB-KIT	Specialty Seed	5587
445540	445360	California Native Grass Seed Mix — 5 lb - Covers 2,000 Sq Ft		https://naturesseed.com/products/grass-seed/california-native-lawn-alternative-mix/	https://naturesseed.com/wp-content/uploads/2025/07/native-mow-free.jpg	https://naturesseed.com/wp-content/uploads/2025/07/NS-Conservation-Seed-Large-bag-Back.jpg	in stock	230.58 USD		Nature's Seed	new		TURF-NFF-5-LB	All Seed	5587
446581	445349	Coastal California Wildflower Seed Mix — 0.5 lb - Covers 1,000 Sq Ft	A stunning blend of California coastal native wildflowers selected for drought tolerance, salt spray resistance, and year-round bloom interest. Brings vibrant color to coastal gardens, roadsides, and restoration sites while supporting native bees and pollinators.	https://naturesseed.com/products/wildflower-seed/california-coastal-native-wildflower-mix/	https://naturesseed.com/wp-content/uploads/2025/07/CaliforniaCoastalMix.png	https://naturesseed.com/wp-content/uploads/2025/07/WildflowerBag-2.png,https://naturesseed.com/wp-content/uploads/2025/07/California-Coastal-WF.png	in stock	37.63 USD		Nature's Seed	new		WB-CCN-0.5-LB	All Seed	5587
446580	445349	Coastal California Wildflower Seed Mix — 1 lb - Covers 2,000 Sq Ft	A stunning blend of California coastal native wildflowers selected for drought tolerance, salt spray resistance, and year-round bloom interest. Brings vibrant color to coastal gardens, roadsides, and restoration sites while supporting native bees and pollinators.	https://naturesseed.com/products/wildflower-seed/california-coastal-native-wildflower-mix/	https://naturesseed.com/wp-content/uploads/2025/07/CaliforniaCoastalMix.png	https://naturesseed.com/wp-content/uploads/2025/07/WildflowerBag-2.png,https://naturesseed.com/wp-content/uploads/2025/07/California-Coastal-WF.png	in stock	67.74 USD		Nature's Seed	new		WB-CCN-1-LB-KIT	All Seed	5587
446579	445349	Coastal California Wildflower Seed Mix — 5 lb - Covers 10,000 Sq Ft	A stunning blend of California coastal native wildflowers selected for drought tolerance, salt spray resistance, and year-round bloom interest. Brings vibrant color to coastal gardens, roadsides, and restoration sites while supporting native bees and pollinators.	https://naturesseed.com/products/wildflower-seed/california-coastal-native-wildflower-mix/	https://naturesseed.com/wp-content/uploads/2025/07/CaliforniaCoastalMix.png	https://naturesseed.com/wp-content/uploads/2025/07/WildflowerBag-2.png,https://naturesseed.com/wp-content/uploads/2025/07/California-Coastal-WF.png	in stock	319.99 USD		Nature's Seed	new		WB-CCN-5-LB-KIT	All Seed	5587
447439	445347	Narrowleaf Milkweed Seed — 1 lb - Covers 40,000 Sq Ft	Narrowleaf Milkweed (Asclepias fascicularis) is the essential Western U.S. host plant for Monarch butterflies. Plant it to support Monarch migration, provide nectar for native bees, and restore native pollinator habitat in your garden or landscape.	https://naturesseed.com/products/wildflower-seed/narrowleaf-milkweed/	https://naturesseed.com/wp-content/uploads/2025/07/Asclepias-fascicularis.png	https://naturesseed.com/wp-content/uploads/2025/07/wildflower_pouch_mockup_11.jpg,https://naturesseed.com/wp-content/uploads/2025/07/shutterstock_2511168317-scaled-1.jpg	in stock	315.89 USD		Nature's Seed	new		W-ASFA-1-LB-KIT	All Seed	5587
447437	445347	Narrowleaf Milkweed Seed — 0.25 lb - Covers 10,000 Sq Ft	Narrowleaf Milkweed (Asclepias fascicularis) is the essential Western U.S. host plant for Monarch butterflies. Plant it to support Monarch migration, provide nectar for native bees, and restore native pollinator habitat in your garden or landscape.	https://naturesseed.com/products/wildflower-seed/narrowleaf-milkweed/	https://naturesseed.com/wp-content/uploads/2025/07/Asclepias-fascicularis.png	https://naturesseed.com/wp-content/uploads/2025/07/wildflower_pouch_mockup_11.jpg,https://naturesseed.com/wp-content/uploads/2025/07/shutterstock_2511168317-scaled-1.jpg	in stock	100.99 USD		Nature's Seed	new		W-ASFA-0.25-LB	All Seed	5587
445529	445347	Narrowleaf Milkweed Seed — 0.25 lb - Covers 10,000 Sq Ft	Narrowleaf Milkweed (Asclepias fascicularis) is the essential Western U.S. host plant for Monarch butterflies. Plant it to support Monarch migration, provide nectar for native bees, and restore native pollinator habitat in your garden or landscape.	https://naturesseed.com/products/wildflower-seed/narrowleaf-milkweed/	https://naturesseed.com/wp-content/uploads/2025/07/Asclepias-fascicularis.png	https://naturesseed.com/wp-content/uploads/2025/07/wildflower_pouch_mockup_11.jpg,https://naturesseed.com/wp-content/uploads/2025/07/shutterstock_2511168317-scaled-1.jpg	in stock	214.58 USD		Nature's Seed	new		W-ASFA-N-0.25-LB	All Seed	5587
451062	445346	Microclover Seed (Micro Clover, Mini Clover) — 5 lb - Covers 5,000 Sq Ft	The best-looking lawn alternative for xeriscape: soft, green, walkable, and self-fertilizing. Microclover uses 50–70% less water than traditional turf. Many years of natural selection have resulted in revolutionary micro-clovers with all the benefits of traditional clover packed into very tiny leaves. Microclover® “spoon feeds” nitrogen to the grass, producing a healthy, dense and naturally green lawn. Helps out-compete weeds, and keeps grass green all season long. All the benefits of traditional white clover packed into very tiny leaves. Tolerates closer mowing than standard white clover. Acts as a natural source of fertilizer. Comes coated and inoculated.	https://naturesseed.com/products/clover-seed/microclover/	https://naturesseed.com/wp-content/uploads/2025/07/microclover-2.png	https://naturesseed.com/wp-content/uploads/2025/07/clover_pouch_mockup.jpg	in stock	189.99 USD		Nature's Seed	new		S-MICRO-5-LB-KIT	All Seed	5587
451061	445346	Microclover Seed (Micro Clover, Mini Clover) — 2 lb - Covers 2,000 Sq Ft	The best-looking lawn alternative for xeriscape: soft, green, walkable, and self-fertilizing. Microclover uses 50–70% less water than traditional turf. Many years of natural selection have resulted in revolutionary micro-clovers with all the benefits of traditional clover packed into very tiny leaves. Microclover® “spoon feeds” nitrogen to the grass, producing a healthy, dense and naturally green lawn. Helps out-compete weeds, and keeps grass green all season long. All the benefits of traditional white clover packed into very tiny leaves. Tolerates closer mowing than standard white clover. Acts as a natural source of fertilizer. Comes coated and inoculated.	https://naturesseed.com/products/clover-seed/microclover/	https://naturesseed.com/wp-content/uploads/2025/07/microclover-2.png	https://naturesseed.com/wp-content/uploads/2025/07/clover_pouch_mockup.jpg	in stock	79.99 USD		Nature's Seed	new		S-MICRO-2-LB-KIT	All Seed	5587
451060	445346	Microclover Seed (Micro Clover, Mini Clover) — 1 lb - Covers 1,000 Sq Ft	The best-looking lawn alternative for xeriscape: soft, green, walkable, and self-fertilizing. Microclover uses 50–70% less water than traditional turf. Many years of natural selection have resulted in revolutionary micro-clovers with all the benefits of traditional clover packed into very tiny leaves. Microclover® “spoon feeds” nitrogen to the grass, producing a healthy, dense and naturally green lawn. Helps out-compete weeds, and keeps grass green all season long. All the benefits of traditional white clover packed into very tiny leaves. Tolerates closer mowing than standard white clover. Acts as a natural source of fertilizer. Comes coated and inoculated.	https://naturesseed.com/products/clover-seed/microclover/	https://naturesseed.com/wp-content/uploads/2025/07/microclover-2.png	https://naturesseed.com/wp-content/uploads/2025/07/clover_pouch_mockup.jpg	in stock	44.99 USD		Nature's Seed	new		S-MICRO-1-LB	All Seed	5587
445520	445330	Am 120 Standard Mycorrhizal Inoculant — 5 - Lbs	AM 120 Standard is a premium arbuscular mycorrhizal (AM) inoculant containing 100% Rhizophagus intraradices (formerly Glomus intraradices ), delivering 300 propagules per gram. It’s designed to form a symbiotic relationship with plant roots—extending hyphae networks throughout the soil to enhance water, phosphorus, and micronutrient uptake, improve drought tolerance, and boost germination and biomass production . Common applications include: Native plant and ecological restoration – excellent for reforestation, slope stabilization . Nursery/greenhouse seedling production – pre-colonize seedlings in trays or pots (e.g., 5 lb per yd³ medium) . Agriculture & row crops – side-dress seed furrows or transplant holes at 5–8 lb/acre (or per 30–40″ row); broadcast for cereals, legumes, and vegetables . Turf, lawns, and hydroseeding – spread 1–2 lb per 1,000 ft² or 60 lb/acre; effective with native meadow or turf seeding . Best Paired With To maximize the benefits of AM 120: Direct root contact 	https://naturesseed.com/products/planting-aids/am-120-standard-mycorrhizal-inoculant/	https://naturesseed.com/wp-content/uploads/2025/07/am-120-standard-mycorrhizal-inoculant_1_3.jpg		in stock	74.99 USD		Nature's Seed	new		S-INNOC-5-LB	All Seed	5587
445519	445329	M-Binder Tackifier-Soil Stabilizer — 50 Lbs	M-Binder tackifier is a botanical glue used in hydroseeding, to stabilize soils and for dust control. Derived from the seed of the plantego plant ( Plantago insularis ), M-Binder is 100% organic, non-toxic and biodegradable. Use anywhere you need to “tack” down seed, straw or mulch, or to control dust and erosion. Works great for revegetation and restoration projects, fire rehabilitation, landscaping and beautification. Application M-Binder may be applied as a dry powder or as wet slurry to dry or wet surfaces. It may even be applied during rain. It does not require set-up or drying time because when it is wet it is a heavy muciloid material and when dry it is a firm but rewettable membrane. Application Rates General Use: 60-140 lbs. per acre (approx. 1.5 - 3.25 lbs./1000 sq. ft.) Mixed with Wood Fiber or Paper Mulch: 80-100 lbs. per acre Dust Control Applications: 150-200 lbs. per acre	https://naturesseed.com/products/planting-aids/m-binder-tackifier-soil-stabilizer/	https://naturesseed.com/wp-content/uploads/2025/07/m-binder-mulch-tackifier-soil-stabilizer_1.jpg		in stock	119.99 USD		Nature's Seed	new		S-TACKI-50-LB	All Seed	5587
446808	445328	Buckwheat Seed — 50 lb - Covers 100,000 Sq Ft	Buckwheat (Fagopyrum esculentum) is a fast-growing warm-season annual cover crop known for weed suppression, soil improvement, and pollinator-friendly flowers. It thrives in light, well-drained, low-fertility soils but is sensitive to frost and intolerant of drought. Buckwheat's dense canopy conserves moisture and prevents erosion, making it ideal for double cropping or use as green manure. Often included in pasture seed mixes to benefit the soil, buckwheat is a good source of fiber, lysine, and protein for livestock.	https://naturesseed.com/products/pasture-seed/common-buckwheat/	https://naturesseed.com/wp-content/uploads/2025/07/BuckwheatCrop.jpg	https://naturesseed.com/wp-content/uploads/2025/07/buck_1.jpg,https://naturesseed.com/wp-content/uploads/2025/07/shutterstock_2631201609-scaled-1.jpg	in stock	349.99 USD		Nature's Seed	new		PG-BUCK-50-LB-KIT	All Seed	5587
446807	445328	Buckwheat Seed — 25 lb - Covers 50,000 Sq Ft	Buckwheat (Fagopyrum esculentum) is a fast-growing warm-season annual cover crop known for weed suppression, soil improvement, and pollinator-friendly flowers. It thrives in light, well-drained, low-fertility soils but is sensitive to frost and intolerant of drought. Buckwheat's dense canopy conserves moisture and prevents erosion, making it ideal for double cropping or use as green manure. Often included in pasture seed mixes to benefit the soil, buckwheat is a good source of fiber, lysine, and protein for livestock.	https://naturesseed.com/products/pasture-seed/common-buckwheat/	https://naturesseed.com/wp-content/uploads/2025/07/BuckwheatCrop.jpg	https://naturesseed.com/wp-content/uploads/2025/07/buck_1.jpg,https://naturesseed.com/wp-content/uploads/2025/07/shutterstock_2631201609-scaled-1.jpg	in stock	179.99 USD		Nature's Seed	new		PG-BUCK-25-LB-KIT	All Seed	5587
445514	445328	Buckwheat Seed — 5 lb - Covers 20,000 Sq Ft	Buckwheat (Fagopyrum esculentum) is a fast-growing warm-season annual cover crop known for weed suppression, soil improvement, and pollinator-friendly flowers. It thrives in light, well-drained, low-fertility soils but is sensitive to frost and intolerant of drought. Buckwheat's dense canopy conserves moisture and prevents erosion, making it ideal for double cropping or use as green manure. Often included in pasture seed mixes to benefit the soil, buckwheat is a good source of fiber, lysine, and protein for livestock.	https://naturesseed.com/products/pasture-seed/common-buckwheat/	https://naturesseed.com/wp-content/uploads/2025/07/shutterstock_1877680222-scaled-1.jpg	https://naturesseed.com/wp-content/uploads/2025/07/buck_1.jpg,https://naturesseed.com/wp-content/uploads/2025/07/shutterstock_2631201609-scaled-1.jpg	in stock	39.99 USD		Nature's Seed	new		PG-BUCK-5-LB	All Seed	5587
445895	445327	Winter (Cereal) Rye Seed — 5 lb - Covers 20,000 Sq Ft		https://naturesseed.com/products/pasture-seed/cereal-rye/	https://naturesseed.com/wp-content/uploads/2025/07/CerealRye.jpg	https://naturesseed.com/wp-content/uploads/2025/07/sece_1.jpg,https://naturesseed.com/wp-content/uploads/2025/07/CerealRye2.png	in stock	24.99 USD		Nature's Seed	new		PG-SECE-5-LB	All Seed	5587
445894	445327	Winter (Cereal) Rye Seed — 25 lb - Covers 50,000 Sq Ft		https://naturesseed.com/products/pasture-seed/cereal-rye/	https://naturesseed.com/wp-content/uploads/2025/07/CerealRye.jpg	https://naturesseed.com/wp-content/uploads/2025/07/sece_1.jpg,https://naturesseed.com/wp-content/uploads/2025/07/CerealRye2.png	in stock	117.99 USD		Nature's Seed	new		PG-SECE-25-LB-KIT	All Seed	5587
445893	445327	Winter (Cereal) Rye Seed — 50 lb - Covers 100,000 Sq Ft		https://naturesseed.com/products/pasture-seed/cereal-rye/	https://naturesseed.com/wp-content/uploads/2025/07/CerealRye.jpg	https://naturesseed.com/wp-content/uploads/2025/07/sece_1.jpg,https://naturesseed.com/wp-content/uploads/2025/07/CerealRye2.png	in stock	210.99 USD		Nature's Seed	new		PG-SECE-50-LB-KIT	All Seed	5587
445830	445326	Bahia Grass Seed — 50 lb - Covers 100,000 Sq Ft	Bahia grass is a great choice for low-maintenance, sandy areas in the southern United States. While it doesn’t produce the softest turf, it will make an acceptable lawn requiring minimal irrigation and fertilizer. Bahia grass has very few problems with insects or diseases and is ideal for use in erosion control along roadsides and utility areas.	https://naturesseed.com/products/pasture-seed/bahia-grass/	https://naturesseed.com/wp-content/uploads/2025/07/Bahiagrass.png	https://naturesseed.com/wp-content/uploads/2025/07/Pasture-seed-bag-3.webp,https://naturesseed.com/wp-content/uploads/2025/07/shutterstock_2317429611.jpg	in stock	849.99 USD		Nature's Seed	new		PG-PANO-50-LB-KIT	All Seed	5587
446806	445325	Switchgrass (Panicum Virgatum) Seed — 50 lb - Covers 100,000 Sq Ft	Native warm-season Panicum virgatum (switchgrass) thrives in USDA Zones 3–9 (Great Plains to Southeast US). An exceptionally hardy, low-maintenance grass, it tolerates drought and poor soils while delivering high forage yields and dense cover. Use switchgrass for pasture forage, erosion control, prairie restoration, or ornamental clumps and fall color.	https://naturesseed.com/products/pasture-seed/switchgrass-seed/	https://naturesseed.com/wp-content/uploads/2025/07/Switchgrass.png	https://naturesseed.com/wp-content/uploads/2025/07/shutterstock_2362052551.jpg,https://naturesseed.com/wp-content/uploads/2025/07/shutterstock_2379449231.jpg	in stock	799.99 USD		Nature's Seed	new		PG-PAVI-50-LB-KIT	All Seed	5587
446805	445325	Switchgrass (Panicum Virgatum) Seed — 5 lb - Covers 20,000 Sq Ft	Native warm-season Panicum virgatum (switchgrass) thrives in USDA Zones 3–9 (Great Plains to Southeast US). An exceptionally hardy, low-maintenance grass, it tolerates drought and poor soils while delivering high forage yields and dense cover. Use switchgrass for pasture forage, erosion control, prairie restoration, or ornamental clumps and fall color.	https://naturesseed.com/products/pasture-seed/switchgrass-seed/	https://naturesseed.com/wp-content/uploads/2025/07/Switchgrass.png	https://naturesseed.com/wp-content/uploads/2025/07/shutterstock_2362052551.jpg,https://naturesseed.com/wp-content/uploads/2025/07/shutterstock_2379449231.jpg	in stock	84.99 USD		Nature's Seed	new		PG-PAVI-5-LB	All Seed	5587
445499	445325	Switchgrass (Panicum Virgatum) Seed — 25 lb - Covers 50,000 Sq Ft	Native warm-season Panicum virgatum (switchgrass) thrives in USDA Zones 3–9 (Great Plains to Southeast US). An exceptionally hardy, low-maintenance grass, it tolerates drought and poor soils while delivering high forage yields and dense cover. Use switchgrass for pasture forage, erosion control, prairie restoration, or ornamental clumps and fall color.	https://naturesseed.com/products/pasture-seed/switchgrass-seed/	https://naturesseed.com/wp-content/uploads/2025/07/Switchgrass.png	https://naturesseed.com/wp-content/uploads/2025/07/shutterstock_2362052551.jpg,https://naturesseed.com/wp-content/uploads/2025/07/shutterstock_2379449231.jpg	in stock	399.99 USD		Nature's Seed	new		PG-PAVI-25-LB-KIT	All Seed	5587
446804	445324	Blue Grama Seed — 50 lb - Covers 105,000 Sq Ft	Native to the Great Plains and Southwest, blue grama is the cornerstone of low-water meadow and xeriscape lawn mixes. No irrigation needed after establishment.	https://naturesseed.com/products/pasture-seed/blue-grama/	https://naturesseed.com/wp-content/uploads/2025/07/BlueGramaCrop.png	https://naturesseed.com/wp-content/uploads/2025/07/shutterstock_464298689.jpg,https://naturesseed.com/wp-content/uploads/2025/07/ns_xl_bag_mockup_half_view_1_29-768x768-1.jpg,https://naturesseed.com/wp-content/uploads/2025/07/shutterstock_1521897293.jpg,https://naturesseed.com/wp-content/uploads/2025/07/Screen-Shot-2025-07-09-at-8.44.15-AM-430x430-1.png	in stock	2769.99 USD		Nature's Seed	new		PG-BOGR-50-LB-KIT	All Seed	5587
446803	445324	Blue Grama Seed — 25 lb - Covers 50,000 Sq Ft	Native to the Great Plains and Southwest, blue grama is the cornerstone of low-water meadow and xeriscape lawn mixes. No irrigation needed after establishment.	https://naturesseed.com/products/pasture-seed/blue-grama/	https://naturesseed.com/wp-content/uploads/2025/07/BlueGramaCrop.png	https://naturesseed.com/wp-content/uploads/2025/07/shutterstock_464298689.jpg,https://naturesseed.com/wp-content/uploads/2025/07/ns_xl_bag_mockup_half_view_1_29-768x768-1.jpg,https://naturesseed.com/wp-content/uploads/2025/07/shutterstock_1521897293.jpg,https://naturesseed.com/wp-content/uploads/2025/07/Screen-Shot-2025-07-09-at-8.44.15-AM-430x430-1.png	in stock	949.99 USD		Nature's Seed	new		PG-BOGR-25-LB-KIT	All Seed	5587
446802	445324	Blue Grama Seed — 5 lb - Covers 10,000 Sq Ft	Native to the Great Plains and Southwest, blue grama is the cornerstone of low-water meadow and xeriscape lawn mixes. No irrigation needed after establishment.	https://naturesseed.com/products/pasture-seed/blue-grama/	https://naturesseed.com/wp-content/uploads/2025/07/BlueGramaCrop.png	https://naturesseed.com/wp-content/uploads/2025/07/shutterstock_464298689.jpg,https://naturesseed.com/wp-content/uploads/2025/07/ns_xl_bag_mockup_half_view_1_29-768x768-1.jpg,https://naturesseed.com/wp-content/uploads/2025/07/shutterstock_1521897293.jpg,https://naturesseed.com/wp-content/uploads/2025/07/Screen-Shot-2025-07-09-at-8.44.15-AM-430x430-1.png	in stock	325.87 USD		Nature's Seed	new		PG-BOGR-5-LB	All Seed	5587
446614	445322	Buffalograss Seed — 50 lb - Covers 100,000 Sq Ft	Pure native buffalograss seed for low-water pasture renovation, prairie restoration, and xeriscape lawn replacement. Native to the Great Plains and Southwest, drought-built from the ground up.	https://naturesseed.com/products/pasture-seed/buffalograss/	https://naturesseed.com/wp-content/uploads/2025/07/buffalograss-crop.jpg	https://naturesseed.com/wp-content/uploads/2025/07/buffalograssfield.png,https://naturesseed.com/wp-content/uploads/2025/07/Buffalograss.png	in stock	2899.99 USD		Nature's Seed	new		PG-BUDA-50-LB-KIT	All Seed	5587
446613	445322	Buffalograss Seed — 25 lb - Covers 50,000 Sq Ft	Pure native buffalograss seed for low-water pasture renovation, prairie restoration, and xeriscape lawn replacement. Native to the Great Plains and Southwest, drought-built from the ground up.	https://naturesseed.com/products/pasture-seed/buffalograss/	https://naturesseed.com/wp-content/uploads/2025/07/buffalograss-crop.jpg	https://naturesseed.com/wp-content/uploads/2025/07/buffalograssfield.png,https://naturesseed.com/wp-content/uploads/2025/07/Buffalograss.png	in stock	1449.99 USD		Nature's Seed	new		PG-BUDA-25-LB-KIT	All Seed	5587
445486	445322	Buffalograss Seed — 5 lb - Covers 20,000 Sq Ft	Pure native buffalograss seed for low-water pasture renovation, prairie restoration, and xeriscape lawn replacement. Native to the Great Plains and Southwest, drought-built from the ground up.	https://naturesseed.com/products/pasture-seed/buffalograss/	https://naturesseed.com/wp-content/uploads/2025/07/shutterstock_2504872135-scaled-1.jpg	https://naturesseed.com/wp-content/uploads/2025/07/buffalograssfield.png,https://naturesseed.com/wp-content/uploads/2025/07/Buffalograss.png	in stock	299.99 USD		Nature's Seed	new		PG-BUDA-5-LB	All Seed	5587
446612	445321	Perennial Ryegrass — 50 lb - Covers 100,000 Sq Ft		https://naturesseed.com/products/pasture-seed/perennial-ryegrass/	https://naturesseed.com/wp-content/uploads/2025/07/PerennialRyegrass-Crop.png	https://naturesseed.com/wp-content/uploads/2025/07/ns_xl_bag_mockup_half_view_1_29-768x768-2.jpg,https://naturesseed.com/wp-content/uploads/2025/07/lope_1.jpg	in stock	329.99 USD		Nature's Seed	new		PG-LOPE-50-LB-KIT	All Seed	5587
446609	445320	Kentucky Bluegrass — 50 lb - Covers 100,000 Sq Ft	Kentucky Bluegrass ( Poa pratensis ) is a resilient, cool-season perennial grass forming dense, dark green sod. Ideal for U.S. lawns, pastures, and erosion control, it offers high forage value for grazing animals and supports wildlife. Known for excellent cold tolerance and drought survival through dormancy, it thrives in humid, moderate climates across the Midwest, Northeast, and Intermountain West. A versatile choice for beautiful, functional landscapes.	https://naturesseed.com/products/pasture-seed/kentucky-bluegrass/	https://naturesseed.com/wp-content/uploads/2025/07/KentuckyBluegrass.png	https://naturesseed.com/wp-content/uploads/2025/05/NS-Pasture-Seed-Large-bag.jpg,https://naturesseed.com/wp-content/uploads/2025/07/KentuckyBluegrass-ZoomIn.png	in stock	349.99 USD		Nature's Seed	new		PG-POPR-50-LB-KIT	Pasture Seed	5587
446607	445320	Kentucky Bluegrass — 25 lb - Covers 50,000 Sq Ft	Kentucky Bluegrass ( Poa pratensis ) is a resilient, cool-season perennial grass forming dense, dark green sod. Ideal for U.S. lawns, pastures, and erosion control, it offers high forage value for grazing animals and supports wildlife. Known for excellent cold tolerance and drought survival through dormancy, it thrives in humid, moderate climates across the Midwest, Northeast, and Intermountain West. A versatile choice for beautiful, functional landscapes.	https://naturesseed.com/products/pasture-seed/kentucky-bluegrass/	https://naturesseed.com/wp-content/uploads/2025/07/KentuckyBluegrass.png	https://naturesseed.com/wp-content/uploads/2025/05/NS-Pasture-Seed-Large-bag.jpg,https://naturesseed.com/wp-content/uploads/2025/07/KentuckyBluegrass-ZoomIn.png	in stock	149.99 USD		Nature's Seed	new		PG-POPR-25-LB-KIT	Pasture Seed	5587
446605	445319	Alfalfa Seed — 50 lb - Covers 100,000 Sq Ft		https://naturesseed.com/products/pasture-seed/alfalfa/	https://naturesseed.com/wp-content/uploads/2025/07/Alfalfa.png	https://naturesseed.com/wp-content/uploads/2025/07/Pasture-seed-bag-3.webp	in stock	339.99 USD		Nature's Seed	new		PG-MESA-50-LB-KIT	All Seed	5587
446603	445319	Alfalfa Seed — 25 lb - Covers 50,000 Sq Ft		https://naturesseed.com/products/pasture-seed/alfalfa/	https://naturesseed.com/wp-content/uploads/2025/07/Alfalfa.png	https://naturesseed.com/wp-content/uploads/2025/07/Pasture-seed-bag-3.webp	in stock	179.99 USD		Nature's Seed	new		PG-MESA-25-LB-KIT	All Seed	5587
446821	445316	Tall Fescue Grass Seed — 50 lb - Covers 100,000 Sq Ft	Tall fescue is a hardy cool-season perennial grass valued for its deep roots and resilience. It yields high-quality forage for pasture and hay across many U.S. regions (Midwest, Southeast, Northeast, Pacific NW) and stays green into fall. Extremely drought-tolerant and easy to establish, tall fescue provides a reliable, persistent grazing grass that withstands poor soils and summer heat.	https://naturesseed.com/products/pasture-seed/tall-fescue/	https://naturesseed.com/wp-content/uploads/2025/07/TallFescue-Crop.jpg	https://naturesseed.com/wp-content/uploads/2025/07/shutterstock_2483227185-scaled-1.jpg,https://naturesseed.com/wp-content/uploads/2025/07/fear2_1.jpg	in stock	309.99 USD		Nature's Seed	new		PG-FEAR2-50-LB-KIT	Cover Crop Seed	5587
446820	445316	Tall Fescue Grass Seed — 25 lb - Covers 50,000 Sq Ft	Tall fescue is a hardy cool-season perennial grass valued for its deep roots and resilience. It yields high-quality forage for pasture and hay across many U.S. regions (Midwest, Southeast, Northeast, Pacific NW) and stays green into fall. Extremely drought-tolerant and easy to establish, tall fescue provides a reliable, persistent grazing grass that withstands poor soils and summer heat.	https://naturesseed.com/products/pasture-seed/tall-fescue/	https://naturesseed.com/wp-content/uploads/2025/07/TallFescue-Crop.jpg	https://naturesseed.com/wp-content/uploads/2025/07/shutterstock_2483227185-scaled-1.jpg,https://naturesseed.com/wp-content/uploads/2025/07/fear2_1.jpg	in stock	164.99 USD		Nature's Seed	new		PG-FEAR2-25-LB-KIT	Cover Crop Seed	5587
445458	445316	Tall Fescue Grass Seed — 5 lb - Covers 10,000 Sq Ft	Tall fescue is a hardy cool-season perennial grass valued for its deep roots and resilience. It yields high-quality forage for pasture and hay across many U.S. regions (Midwest, Southeast, Northeast, Pacific NW) and stays green into fall. Extremely drought-tolerant and easy to establish, tall fescue provides a reliable, persistent grazing grass that withstands poor soils and summer heat.	https://naturesseed.com/products/pasture-seed/tall-fescue/	https://naturesseed.com/wp-content/uploads/2025/07/shutterstock_2327465207-scaled-1.jpg	https://naturesseed.com/wp-content/uploads/2025/07/shutterstock_2483227185-scaled-1.jpg,https://naturesseed.com/wp-content/uploads/2025/07/fear2_1.jpg	in stock	34.99 USD		Nature's Seed	new		PG-FEAR2-5-LB	Cover Crop Seed	5587
453877	445314	Sheep Fescue Grass Seed — 5 lb - Covers 1,000 Sq Ft	Fine-textured, deep-rooted, and drought-tolerant — sheep fescue is the go-to xeriscape seed for slopes, partial shade, and cool-arid microclimates in the Mountain West and coastal California. Sheep fescue is a cool season, long-lived perennial bunchgrass similar to hard fescue but more drought-tolerant. It has an extensive root system and is native to many parts of North America. Sheep fescue is a very attractive grass with a blue-green color and is often used in wildflower plantings and sometimes as a drought-tolerant lawn grass.	https://naturesseed.com/products/grass-seed/sheep-fescue-grass/	https://naturesseed.com/wp-content/uploads/2025/07/Artboard-11-copy-2.png	https://naturesseed.com/wp-content/uploads/2025/07/NS-Conservation-Seed-Large-bag-Back.jpg,https://naturesseed.com/wp-content/uploads/2025/07/Artboard-11.png	in stock	39.99 USD		Nature's Seed	new		S-FEOV-5-LB	All Seed	5587
453876	445314	Sheep Fescue Grass Seed — 25 lb - Covers 5,000 Sq Ft	Fine-textured, deep-rooted, and drought-tolerant — sheep fescue is the go-to xeriscape seed for slopes, partial shade, and cool-arid microclimates in the Mountain West and coastal California. Sheep fescue is a cool season, long-lived perennial bunchgrass similar to hard fescue but more drought-tolerant. It has an extensive root system and is native to many parts of North America. Sheep fescue is a very attractive grass with a blue-green color and is often used in wildflower plantings and sometimes as a drought-tolerant lawn grass.	https://naturesseed.com/products/grass-seed/sheep-fescue-grass/	https://naturesseed.com/wp-content/uploads/2025/07/Artboard-11-copy-2.png	https://naturesseed.com/wp-content/uploads/2025/07/NS-Conservation-Seed-Large-bag-Back.jpg,https://naturesseed.com/wp-content/uploads/2025/07/Artboard-11.png	in stock	149.99 USD		Nature's Seed	new		S-FEOV-25-LB-KIT	All Seed	5587
453875	445314	Sheep Fescue Grass Seed — 10 lb - Covers 2,000 Sq Ft	Fine-textured, deep-rooted, and drought-tolerant — sheep fescue is the go-to xeriscape seed for slopes, partial shade, and cool-arid microclimates in the Mountain West and coastal California. Sheep fescue is a cool season, long-lived perennial bunchgrass similar to hard fescue but more drought-tolerant. It has an extensive root system and is native to many parts of North America. Sheep fescue is a very attractive grass with a blue-green color and is often used in wildflower plantings and sometimes as a drought-tolerant lawn grass.	https://naturesseed.com/products/grass-seed/sheep-fescue-grass/	https://naturesseed.com/wp-content/uploads/2025/07/Artboard-11-copy-2.png	https://naturesseed.com/wp-content/uploads/2025/07/NS-Conservation-Seed-Large-bag-Back.jpg,https://naturesseed.com/wp-content/uploads/2025/07/Artboard-11.png	in stock	69.99 USD		Nature's Seed	new		S-FEOV-10-LB-KIT	All Seed	5587
447282	445312	White Dutch Clover Seed — 5 lb - Covers 10,000 Sq Ft	White Dutch Clover (Trifolium repens) is a hardy, low-growing perennial that doubles as a lawn alternative and pasture supplement. It fixes nitrogen, stays green through summer heat, and attracts pollinators — all with less water and mowing than traditional grass.	https://naturesseed.com/products/clover-seed/white-dutch-clover/	https://naturesseed.com/wp-content/uploads/2025/07/s-trre1_1.jpg	https://naturesseed.com/wp-content/uploads/2025/07/clover_pouch.jpg,https://naturesseed.com/wp-content/uploads/2025/07/s-trre2_1.jpg,https://naturesseed.com/wp-content/uploads/2025/07/screenshot_2023-08-08_153712.png	in stock	44.99 USD		Nature's Seed	new		S-DUTCH-5-LB	All Seed	5587
447281	445312	White Dutch Clover Seed — 25 lb - Covers 50,000 Sq Ft	White Dutch Clover (Trifolium repens) is a hardy, low-growing perennial that doubles as a lawn alternative and pasture supplement. It fixes nitrogen, stays green through summer heat, and attracts pollinators — all with less water and mowing than traditional grass.	https://naturesseed.com/products/clover-seed/white-dutch-clover/	https://naturesseed.com/wp-content/uploads/2025/07/s-trre1_1.jpg	https://naturesseed.com/wp-content/uploads/2025/07/clover_pouch.jpg,https://naturesseed.com/wp-content/uploads/2025/07/s-trre2_1.jpg,https://naturesseed.com/wp-content/uploads/2025/07/screenshot_2023-08-08_153712.png	in stock	199.99 USD		Nature's Seed	new		S-DUTCH-25-LB-KIT	All Seed	5587
447280	445312	White Dutch Clover Seed — 10 lb - Covers 20,000 Sq Ft	White Dutch Clover (Trifolium repens) is a hardy, low-growing perennial that doubles as a lawn alternative and pasture supplement. It fixes nitrogen, stays green through summer heat, and attracts pollinators — all with less water and mowing than traditional grass.	https://naturesseed.com/products/clover-seed/white-dutch-clover/	https://naturesseed.com/wp-content/uploads/2025/07/s-trre1_1.jpg	https://naturesseed.com/wp-content/uploads/2025/07/clover_pouch.jpg,https://naturesseed.com/wp-content/uploads/2025/07/s-trre2_1.jpg,https://naturesseed.com/wp-content/uploads/2025/07/screenshot_2023-08-08_153712.png	in stock	79.98 USD		Nature's Seed	new		S-DUTCH-10-LB-KIT	All Seed	5587
445855	445309	Bermuda Grass Seed Mix for Lawns — 5 lb - Covers 1,000 Sq Ft	Our blend of premium Bermudagrass seed is perfect for areas of the southern United States that experience extreme heat. It stays green during the hottest parts of the summer while at the same time resisting disease and pest influence.	https://naturesseed.com/products/grass-seed/bermudagrass-seed-blend/	https://naturesseed.com/wp-content/uploads/2025/07/Bermudagrass-1.png	https://naturesseed.com/wp-content/uploads/2025/07/Lawnbags-7.png	in stock	119.99 USD		Nature's Seed	new		TURF-BERM-5-LB	All Seed	5587
445854	445309	Bermuda Grass Seed Mix for Lawns — 10 lb - Covers 2,000 Sq Ft	Our blend of premium Bermudagrass seed is perfect for areas of the southern United States that experience extreme heat. It stays green during the hottest parts of the summer while at the same time resisting disease and pest influence.	https://naturesseed.com/products/grass-seed/bermudagrass-seed-blend/	https://naturesseed.com/wp-content/uploads/2025/07/Bermudagrass-1.png	https://naturesseed.com/wp-content/uploads/2025/07/Lawnbags-7.png	in stock	225.99 USD		Nature's Seed	new		TURF-BERM-10-LB-KIT	All Seed	5587
445433	445309	Bermuda Grass Seed Mix for Lawns — 25 lb - Covers 5,000 Sq Ft	Our blend of premium Bermudagrass seed is perfect for areas of the southern United States that experience extreme heat. It stays green during the hottest parts of the summer while at the same time resisting disease and pest influence.	https://naturesseed.com/products/grass-seed/bermudagrass-seed-blend/	https://naturesseed.com/wp-content/uploads/2025/07/Bermudagrass-1.png	https://naturesseed.com/wp-content/uploads/2025/07/Lawnbags-7.png	in stock	499.99 USD		Nature's Seed	new		TURF-BERM-25-LB-KIT	All Seed	5587
445859	445268	Honey Bee Cover Crop & Pasture Mix — 5 lb - Covers 20,000 Sq Ft	A drought-tolerant, pollinator-friendly pasture blend combining clovers, sainfoin, and wildflowers to support honey bees and grazing livestock. Thrives in low-input conditions across U.S. pasture regions (Great Plains, Midwest, Intermountain West, etc.), hardy in USDA Zones 4–9, and provides season-long nectar, erosion control, and nutritious forage for cattle, sheep, and goats.	https://naturesseed.com/products/pasture-seed/honey-bee-cover-crop-pasture-mix/	https://naturesseed.com/wp-content/uploads/2025/07/HONEY.webp		in stock	59.99 USD		Nature's Seed	new		PB-HONEY-5-LB	Pasture Seed	5587
445858	445268	Honey Bee Cover Crop & Pasture Mix — 25 lb - Covers 50,000 Sq Ft	A drought-tolerant, pollinator-friendly pasture blend combining clovers, sainfoin, and wildflowers to support honey bees and grazing livestock. Thrives in low-input conditions across U.S. pasture regions (Great Plains, Midwest, Intermountain West, etc.), hardy in USDA Zones 4–9, and provides season-long nectar, erosion control, and nutritious forage for cattle, sheep, and goats.	https://naturesseed.com/products/pasture-seed/honey-bee-cover-crop-pasture-mix/	https://naturesseed.com/wp-content/uploads/2025/07/HONEY.webp		in stock	259.99 USD		Nature's Seed	new		PB-HONEY-25-LB-KIT	Pasture Seed	5587
445279	445268	Honey Bee Cover Crop & Pasture Mix — 50 lb - Covers 100,000 Sq Ft	A drought-tolerant, pollinator-friendly pasture blend combining clovers, sainfoin, and wildflowers to support honey bees and grazing livestock. Thrives in low-input conditions across U.S. pasture regions (Great Plains, Midwest, Intermountain West, etc.), hardy in USDA Zones 4–9, and provides season-long nectar, erosion control, and nutritious forage for cattle, sheep, and goats.	https://naturesseed.com/products/pasture-seed/honey-bee-cover-crop-pasture-mix/	https://naturesseed.com/wp-content/uploads/2025/07/HONEY.webp		in stock	499.99 USD		Nature's Seed	new		PB-HONEY-50-LB-KIT	Pasture Seed	5587
451078	445160	California Native Fire-Resistant Seed Mix — 5 lb - Covers 10,000 Sq Ft	A California native wildflower and groundcover mix selected for fire resistance, drought tolerance, and year-round beauty. Ideal for WUI properties, hillsides, and fire-prone landscapes across the Western U.S.	https://naturesseed.com/products/specialty-seed/california-fire-wise-mix/	https://naturesseed.com/wp-content/uploads/2025/07/FirewiseMix.png	https://naturesseed.com/wp-content/uploads/2025/07/DSC00378-scaled-1.jpg,https://naturesseed.com/wp-content/uploads/2025/07/california-1.jpg	in stock	382.35 USD		Nature's Seed	new		CV-CNFW-5-LB	All Seed	5587
451077	445160	California Native Fire-Resistant Seed Mix — 20 lb - Covers 40,000 Sq Ft	A California native wildflower and groundcover mix selected for fire resistance, drought tolerance, and year-round beauty. Ideal for WUI properties, hillsides, and fire-prone landscapes across the Western U.S.	https://naturesseed.com/products/specialty-seed/california-fire-wise-mix/	https://naturesseed.com/wp-content/uploads/2025/07/FirewiseMix.png	https://naturesseed.com/wp-content/uploads/2025/07/DSC00378-scaled-1.jpg,https://naturesseed.com/wp-content/uploads/2025/07/california-1.jpg	in stock	1299.99 USD		Nature's Seed	new		CV-CNFW-20-LB-KIT	All Seed	5587
451076	445160	California Native Fire-Resistant Seed Mix — 10 lb - Covers 20,000 Sq Ft	A California native wildflower and groundcover mix selected for fire resistance, drought tolerance, and year-round beauty. Ideal for WUI properties, hillsides, and fire-prone landscapes across the Western U.S.	https://naturesseed.com/products/specialty-seed/california-fire-wise-mix/	https://naturesseed.com/wp-content/uploads/2025/07/FirewiseMix.png	https://naturesseed.com/wp-content/uploads/2025/07/DSC00378-scaled-1.jpg,https://naturesseed.com/wp-content/uploads/2025/07/california-1.jpg	in stock	688.24 USD		Nature's Seed	new		CV-CNFW-10-LB-KIT	All Seed	5587
445878	445159	Prairie Native Drought-Tolerant & Erosion Control Mix — 10 Lbs - 20,000 Sq Ft		https://naturesseed.com/products/specialty-seed/big-four-native-erosion-control-mix-2/	https://naturesseed.com/wp-content/uploads/2025/07/shutterstock_2560459105-scaled-1.jpg	https://naturesseed.com/wp-content/uploads/2025/07/NS-Conservation-Seed-Large-bag.jpg,https://naturesseed.com/wp-content/uploads/2025/07/NS-Conservation-Seed-Large-bag-Back.jpg	in stock	199.99 USD		Nature's Seed	new		CV-BGEC-10-LB	All Seed	5587
445877	445159	Prairie Native Drought-Tolerant & Erosion Control Mix — 20 Lbs - 40,000		https://naturesseed.com/products/specialty-seed/big-four-native-erosion-control-mix-2/	https://naturesseed.com/wp-content/uploads/2025/07/shutterstock_2560459105-scaled-1.jpg	https://naturesseed.com/wp-content/uploads/2025/07/NS-Conservation-Seed-Large-bag.jpg,https://naturesseed.com/wp-content/uploads/2025/07/NS-Conservation-Seed-Large-bag-Back.jpg	in stock	349.99 USD		Nature's Seed	new		CV-BGEC-20-LB-KIT	All Seed	5587
445876	445159	Prairie Native Drought-Tolerant & Erosion Control Mix — 50 Lbs - 100,000		https://naturesseed.com/products/specialty-seed/big-four-native-erosion-control-mix-2/	https://naturesseed.com/wp-content/uploads/2025/07/shutterstock_2560459105-scaled-1.jpg	https://naturesseed.com/wp-content/uploads/2025/07/NS-Conservation-Seed-Large-bag.jpg,https://naturesseed.com/wp-content/uploads/2025/07/NS-Conservation-Seed-Large-bag-Back.jpg	in stock	899.99 USD		Nature's Seed	new		CV-BGEC-50-LB-KIT	All Seed	5587
445123	445123	Organic Maintenance Fertilizer 18-1-8+fe	Suståne 18-1-8+Fe (50lb. bag) Suståne fertilizers are the new generation in environmentally friendly plant nutrition with minimal impact on the non-target environment. Suståne 18-1-8+Fe (iron) is an organic based nitrogen fertilizer blend, ideal for top-dressing lawns, fairways and sports fields. Derived from aerobically composted turkey litter, hydrolyzed feathermeal, ammonium sulfate, iron sulfate, methylene urea, sulfate of potash and sulfur coated urea. Provides 12-16 weeks of nutrient release 85% of total nitrogen is slow-release for dependable performance and high quality plants Enhances soil-plant nutrient exchange Low burn potential as nutrients are released gradually over time Provides all primary, secondary and micronutrients required for plant growth While traditional fertilizers supply plant growth nutrients, they do not supply the organic matter required to maintain quality growth. A balanced and naturally based fertilizer, Suståne 18-1-8+Fe is good for application at any 	https://naturesseed.com/product/organic-maintenance-fertilizer-18-1-8fe/	https://naturesseed.com/wp-content/uploads/2025/07/organic-maintenance-fertilizer-18-1-8-fe_2__1.jpg	https://naturesseed.com/wp-content/uploads/2025/07/organic-maintenance-fertilizer-18-1-8-fe_1.jpg	in stock	154.99 USD		Nature's Seed	new		SUSTANE-18-1-8+FE	All Seed	5587
445907	445117	Triblade Elite Tall Fescue Grass Seed Mix — 10 lb - Covers 2,000 Sq Ft	For outstanding traffic tolerance and low water use, this blend of 100% tall fescue seed works well throughout most of the country. Tall fescue is known for its ability to resistant wear from pets, children and sports while at the same time reducing irrigation requirements.	https://naturesseed.com/products/grass-seed/triblade-elite-fescue-lawn-mix/	https://naturesseed.com/wp-content/uploads/2025/07/TripleFescue.png	https://naturesseed.com/wp-content/uploads/2025/07/LawnbagsTWCA.webp	in stock	59.99 USD		Nature's Seed	new		TURF-W-TALL-10-LB-KIT	Grass Seed for Lawns	5587
445906	445117	Triblade Elite Tall Fescue Grass Seed Mix — 25 lb - Covers 5,000 Sq Ft	For outstanding traffic tolerance and low water use, this blend of 100% tall fescue seed works well throughout most of the country. Tall fescue is known for its ability to resistant wear from pets, children and sports while at the same time reducing irrigation requirements.	https://naturesseed.com/products/grass-seed/triblade-elite-fescue-lawn-mix/	https://naturesseed.com/wp-content/uploads/2025/07/TripleFescue.png	https://naturesseed.com/wp-content/uploads/2025/07/LawnbagsTWCA.webp	in stock	139.99 USD		Nature's Seed	new		TURF-W-TALL-25-LB-KIT	Grass Seed for Lawns	5587
445170	445117	Triblade Elite Tall Fescue Grass Seed Mix — 5 lb - Covers 1,000 Sq Ft	For outstanding traffic tolerance and low water use, this blend of 100% tall fescue seed works well throughout most of the country. Tall fescue is known for its ability to resistant wear from pets, children and sports while at the same time reducing irrigation requirements.	https://naturesseed.com/products/grass-seed/triblade-elite-fescue-lawn-mix/	https://naturesseed.com/wp-content/uploads/2025/07/TripleFescue.png	https://naturesseed.com/wp-content/uploads/2025/07/LawnbagsTWCA.webp	in stock	39.99 USD		Nature's Seed	new		TURF-W-TALL-5-LB	Grass Seed for Lawns	5587
185729	185729	Shoulder Bag Seeder/Spreader	EarthWay® 2750 Nylon Bag Seeder/Spreader with Rigid Poly Liner	https://naturesseed.com/products/planting-aids/shoulder-bag-seeder-spreader/	https://naturesseed.com/wp-content/uploads/2017/08/misc2.jpg	https://naturesseed.com/wp-content/uploads/2017/08/misc_1.jpg	in stock	89.99 USD		Nature's Seed	new		2750AL-A	Planting Aids	5587
461576	184488	Red Clover Seed — 25 Lbs - 50,000 Sq Ft	Red Clover Seed is a versatile forage legume ideal for pasture improvement and high-protein hay production. Interseed into existing grass stands to boost forage quality, lift protein content, and increase seasonal dry-matter yield for cattle, sheep, and goats without overhauling grazing systems. When grown in pure stands or mixed with cool-season grasses, red clover delivers leafy, palatable hay with strong regrowth potential and excellent digestibility. This seed supports longer grazing periods, improves legume balance in pastures, and enhances soil health through nitrogen fixation. It adapts to a range of soils and climates, making it a reliable choice for rotational grazing, early-season feed, or drought-resilient forage. Choose Red Clover Seed for productive, sustainable forage and dependable hay harvests.	https://naturesseed.com/products/clover-seed/red-clover-seed/	https://naturesseed.com/wp-content/uploads/2013/07/Red-Clover@59x.webp	https://naturesseed.com/wp-content/uploads/2025/05/NS-Conservation-Seed-Large-bag-700x700-1.jpg,https://naturesseed.com/wp-content/uploads/2013/07/Red-Clover-Field@59x.webp	in stock	90.94 USD		Nature's Seed	new		PG-TRPR-25-LB-KIT	Clover Seed	5587
461575	184488	Red Clover Seed — 10 Lbs - 20,000 Sq Ft	Red Clover Seed is a versatile forage legume ideal for pasture improvement and high-protein hay production. Interseed into existing grass stands to boost forage quality, lift protein content, and increase seasonal dry-matter yield for cattle, sheep, and goats without overhauling grazing systems. When grown in pure stands or mixed with cool-season grasses, red clover delivers leafy, palatable hay with strong regrowth potential and excellent digestibility. This seed supports longer grazing periods, improves legume balance in pastures, and enhances soil health through nitrogen fixation. It adapts to a range of soils and climates, making it a reliable choice for rotational grazing, early-season feed, or drought-resilient forage. Choose Red Clover Seed for productive, sustainable forage and dependable hay harvests.	https://naturesseed.com/products/clover-seed/red-clover-seed/	https://naturesseed.com/wp-content/uploads/2013/07/Red-Clover@59x.webp	https://naturesseed.com/wp-content/uploads/2025/05/NS-Conservation-Seed-Large-bag-700x700-1.jpg,https://naturesseed.com/wp-content/uploads/2013/07/Red-Clover-Field@59x.webp	in stock	38.69 USD		Nature's Seed	new		PG-TRPR-10-LB-KIT	Clover Seed	5587
461574	184488	Red Clover Seed — 5 Lbs - 10,000 Sq Ft	Red Clover Seed is a versatile forage legume ideal for pasture improvement and high-protein hay production. Interseed into existing grass stands to boost forage quality, lift protein content, and increase seasonal dry-matter yield for cattle, sheep, and goats without overhauling grazing systems. When grown in pure stands or mixed with cool-season grasses, red clover delivers leafy, palatable hay with strong regrowth potential and excellent digestibility. This seed supports longer grazing periods, improves legume balance in pastures, and enhances soil health through nitrogen fixation. It adapts to a range of soils and climates, making it a reliable choice for rotational grazing, early-season feed, or drought-resilient forage. Choose Red Clover Seed for productive, sustainable forage and dependable hay harvests.	https://naturesseed.com/products/clover-seed/red-clover-seed/	https://naturesseed.com/wp-content/uploads/2013/07/Red-Clover@59x.webp	https://naturesseed.com/wp-content/uploads/2025/05/NS-Conservation-Seed-Large-bag-700x700-1.jpg,https://naturesseed.com/wp-content/uploads/2013/07/Red-Clover-Field@59x.webp	in stock	21.99 USD		Nature's Seed	new		PG-TRPR-5-LB	Clover Seed	5587
461579	184480	Alsike Clover Seed — 25 Lbs - 50,000 Sq Ft	Alsike Clover Seed offers a versatile forage solution for cool, wet, or low-lying fields where white clover struggles. Established in mixed grass-legume pastures, it delivers durable, palatable forage that improves yield and grazing quality even under challenging conditions. This productive legume thrives in humid sites and poorly drained soils, helping balance protein and fiber in the sward while enhancing soil health with longer-lasting ground cover. In hay systems, Alsike clover provides a protein-rich component that cures well when harvested at early bloom, supporting high-quality forage production in damp environments. Suitable for pasture improvement, erosion control, and hay production, Alsike Clover Seed is a reliable choice for farmers seeking persistent yields, strong regrowth, and improved stand resilience across variable moisture regimes.	https://naturesseed.com/products/clover-seed/alsike-clover-seed/	https://naturesseed.com/wp-content/uploads/2013/07/Alsike-Clover@59x.webp	https://naturesseed.com/wp-content/uploads/2025/05/NS-Conservation-Seed-Large-bag-700x700-1.jpg,https://naturesseed.com/wp-content/uploads/2013/07/Alsike-Clover-Field@59x.webp	in stock	108.79 USD		Nature's Seed	new		PG-TRHY-25-LB-KIT	Clover Seed	5587
461578	184480	Alsike Clover Seed — 10 Lbs - 20,000 Sq Ft	Alsike Clover Seed offers a versatile forage solution for cool, wet, or low-lying fields where white clover struggles. Established in mixed grass-legume pastures, it delivers durable, palatable forage that improves yield and grazing quality even under challenging conditions. This productive legume thrives in humid sites and poorly drained soils, helping balance protein and fiber in the sward while enhancing soil health with longer-lasting ground cover. In hay systems, Alsike clover provides a protein-rich component that cures well when harvested at early bloom, supporting high-quality forage production in damp environments. Suitable for pasture improvement, erosion control, and hay production, Alsike Clover Seed is a reliable choice for farmers seeking persistent yields, strong regrowth, and improved stand resilience across variable moisture regimes.	https://naturesseed.com/products/clover-seed/alsike-clover-seed/	https://naturesseed.com/wp-content/uploads/2013/07/Alsike-Clover@59x.webp	https://naturesseed.com/wp-content/uploads/2025/05/NS-Conservation-Seed-Large-bag-700x700-1.jpg,https://naturesseed.com/wp-content/uploads/2013/07/Alsike-Clover-Field@59x.webp	in stock	45.89 USD		Nature's Seed	new		PG-TRHY-10-LB-KIT	Clover Seed	5587
461577	184480	Alsike Clover Seed — 5 Lbs - 10,000 Sq Ft	Alsike Clover Seed offers a versatile forage solution for cool, wet, or low-lying fields where white clover struggles. Established in mixed grass-legume pastures, it delivers durable, palatable forage that improves yield and grazing quality even under challenging conditions. This productive legume thrives in humid sites and poorly drained soils, helping balance protein and fiber in the sward while enhancing soil health with longer-lasting ground cover. In hay systems, Alsike clover provides a protein-rich component that cures well when harvested at early bloom, supporting high-quality forage production in damp environments. Suitable for pasture improvement, erosion control, and hay production, Alsike Clover Seed is a reliable choice for farmers seeking persistent yields, strong regrowth, and improved stand resilience across variable moisture regimes.	https://naturesseed.com/products/clover-seed/alsike-clover-seed/	https://naturesseed.com/wp-content/uploads/2013/07/Alsike-Clover@59x.webp	https://naturesseed.com/wp-content/uploads/2025/05/NS-Conservation-Seed-Large-bag-700x700-1.jpg,https://naturesseed.com/wp-content/uploads/2013/07/Alsike-Clover-Field@59x.webp	in stock	25.99 USD		Nature's Seed	new		PG-TRHY-5-LB	Clover Seed	5587
