wc_id,parent_sku,product_name,product_type,categories,tags,description_plain,short_description_plain,bullet_1,bullet_2,bullet_3,bullet_4,bullet_5,search_terms,price,regular_price,weight,dimensions,image_1,image_2,image_3,image_4,image_5,size_options,variation_skus,variation_prices,sun_requirements,planting_depth,delivery_time,wc_url
464558,W-TRDA,Fakahatchee Grass (Eastern Gamagrass),variable,"All Seed, Florida Seeds, Pasture Seed",new,"Fakahatchee Grass is one of the most iconic native grasses of Florida and the southeastern United States. Also known as Eastern Gamagrass, this warm-season perennial forms dense, arching clumps of bright green foliage that bring year-round structure and movement to your landscape. In subtropical climates, it stays evergreen — making it one of the few native grasses that looks great in every season.
Unlike non-native ornamental grasses, Fakahatchee Grass supports local ecosystems. Its seeds feed songbirds, quail, and wild turkeys. The dense clumps provide shelter for small mammals, reptiles, and ground-nesting birds. It serves as a larval host for the Byssus Skipper butterfly, and its inconspicuous flower spikes attract native pollinators throughout late spring and summer.
Native to Florida, the Gulf Coast, and much of the eastern U.S. from Texas to Connecticut. Thrives in full sun to partial shade and tolerates a wide range of soil moisture — from well-drained uplands to seasonally flooded sites. Once established, it is moderately drought tolerant and requires almost no maintenance. Hardy in USDA Zones 5–11, with best performance in Zones 8–11. Direct sow in spring after last frost, or cold-stratify seed at 35–40°F for 6–10 weeks before planting for best germination.","Fakahatchee Grass (Tripsacum dactyloides) is a striking native perennial grass that forms dense, arching clumps up to 5–6 ft tall. Hardy in Zones 5–11, it thrives in sun to part shade and wet to dry soils — ideal for Florida-friendly landscapes, rain gardens, and native habitat restoration.","Fakahatchee Grass is one of the most iconic native grasses of Florida and the southeastern United States. Also known as Eastern Gamagrass, this warm-season perennial forms dense, arching clumps of bright green foliage that bring year-round structure and movement to your landscape. In subtropical climates, it stays evergreen — making it one of the few native grasses that looks great in every season.","Unlike non-native ornamental grasses, Fakahatchee Grass supports local ecosystems. Its seeds feed songbirds, quail, and wild turkeys. The dense clumps provide shelter for small mammals, reptiles, and ground-nesting birds. It serves as a larval host for the Byssus Skipper butterfly, and its inconspicuous flower spikes attract native pollinators throughout late spring and summer.","Native to Florida, the Gulf Coast, and much of the eastern U.S. from Texas to Connecticut. Thrives in full sun to partial shade and tolerates a wide range of soil moisture — from well-drained uplands to seasonally flooded sites. Once established, it is moderately drought tolerant and requires almost no maintenance. Hardy in USDA Zones 5–11, with best performance in Zones 8–11. Direct sow in spring after last frost, or cold-stratify seed at 35–40°F for 6–10 weeks before planting for best germination.",,,"florida seeds, pasture seed",16.99,,,xx,https://naturesseed.com/wp-content/uploads/2026/03/Fakahatchee-Grass.webp,https://naturesseed.com/wp-content/uploads/2023/08/bag5_6.png,,,,"0.25 lb - Covers 500 Sq Ft | 0.5 lb - Covers 1,000 Sq Ft | 1 lb - Covers 2,000 Sq Ft",W-TRDA-1-LB-KIT | W-TRDA-0.5-LB-KIT | W-TRDA-0.25-LB,$55.24 | $29.69 | $16.99,Full Sun to Partial Shade,1/2 to 3/4 inch,15,https://naturesseed.com/products/pasture-seed/fakahatchee-grass-eastern-gamagrass/
462219,W-LUTE,Texas Bluebonnet Seeds,variable,"Native Wildflower Seed &amp; Seed Mixes, Texas Native Grass &amp; Wildflower Seed",new,"Texas Bluebonnet (Lupinus texensis) is the official state flower of Texas and one of the most iconic wildflowers in North America. Each spring, Bluebonnets transform roadsides, meadows, and home gardens into seas of brilliant blue-purple color — a defining image of the Texas Hill Country and one that every Texan recognizes from childhood.
Beyond their beauty, Bluebonnets are a native legume that enriches the soil with nitrogen and provides early-season nectar for native bees and other pollinators. They reseed naturally when allowed to set seed, building a self-sustaining colony over time. Once established in the right conditions, a Bluebonnet planting comes back reliably each year with minimal care.
For best results in Texas and surrounding states, sow in fall (September–November) into a prepared, well-draining seedbed. Scarify seed before planting or purchase pre-scarified. Our 1 lb bag covers up to 200–300 sq ft in garden applications. Seed you can trust — from a team that knows Texas wildflowers.",Texas Bluebonnet (Lupinus texensis) — the official Texas state flower. Pre-scarified seed for reliable germination. Fall-planted winter annual that reseeds year after year.,"Texas Bluebonnet (Lupinus texensis) is the official state flower of Texas and one of the most iconic wildflowers in North America. Each spring, Bluebonnets transform roadsides, meadows, and home gardens into seas of brilliant blue-purple color — a defining image of the Texas Hill Country and one that every Texan recognizes from childhood.","Beyond their beauty, Bluebonnets are a native legume that enriches the soil with nitrogen and provides early-season nectar for native bees and other pollinators. They reseed naturally when allowed to set seed, building a self-sustaining colony over time. Once established in the right conditions, a Bluebonnet planting comes back reliably each year with minimal care.","For best results in Texas and surrounding states, sow in fall (September–November) into a prepared, well-draining seedbed. Scarify seed before planting or purchase pre-scarified. Our 1 lb bag covers up to 200–300 sq ft in garden applications. Seed you can trust — from a team that knows Texas wildflowers.",,,"texas native grass &amp; wildflower seed, native wildflower seed &amp; seed mixes",38.99,,,xx,https://naturesseed.com/wp-content/uploads/2026/02/TexasBluebonnet.webp,https://naturesseed.com/wp-content/uploads/2023/08/bag5_6.png,,,,0.25 lb | 0.5 lb | 1 lb,W-LUTE-1-LB-KIT | W-LUTE-0.5-LB-KIT | W-LUTE-0.25-LB,$131.74 | $70.19 | $38.99,Full Sun (6–8+ hours),⅛–¼ inch,7,https://naturesseed.com/products/wildflower-seed/texas-bluebonnet-seeds/
462220,WB-TEXN,Texas Native Wildflower Mix,variable,Texas Native Grass &amp; Wildflower Seed,new,,8-species native wildflower blend anchored by Texas Bluebonnet at 22%. Covers March through October with native annuals and perennials adapted to Texas soils.,,,,,,texas native grass &amp; wildflower seed,32.99,,,xx,https://naturesseed.com/wp-content/uploads/2026/02/Texas-Native-Wildflower-Mix.webp,https://naturesseed.com/wp-content/uploads/2023/08/bag5_6.png,,,,0.5 lb | 1 lb | 5 lb,WB-TEXN-5-LB-KIT | WB-TEXN-1-LB-KIT | WB-TEXN-0.5-LB,$275.39 | $58.49 | $32.99,Full Sun (6-8+ hours),Surface to 1/4 inch max (seeds need light),7,https://naturesseed.com/products/wildflower-seed/texas-native-wildflower-mix/
462222,TURF-TXN,Texas Native Lawn Mix,variable,"Drought-Tolerant Seed, Lawn Seed, Southern Lawn, Texas Native Grass &amp; Wildflower Seed",new,,3-species native grass blend dominated by Buffalograss at 70%. Uses 30-40% less water than Bermuda. Built for Central and West Texas alkaline soils.,,,,,,"lawn seed, texas native grass &amp; wildflower seed, drought-tolerant seed, southern lawn",164.99,,,xx,https://naturesseed.com/wp-content/uploads/2026/02/Texas-Native-Lawn-Mix.webp,https://naturesseed.com/wp-content/uploads/2026/02/LawnbagsTWCA.webp,,,,5 lb | 10 lb | 25 lb,TURF-TXN-25-LB-KIT | TURF-TXN-10-LB-KIT | TURF-TXN-5-LB,$699.54 | $296.09 | $164.99,Full Sun (8+ hours),1/4 to 1/2 inch,7,https://naturesseed.com/products/grass-seed/texas-native-lawn-mix/
462221,WB-TXPB,Texas Pollinator Wildflower Mix,variable,"Native Wildflower Seed &amp; Seed Mixes, Texas Native Grass &amp; Wildflower Seed",new,,"8-species native pollinator blend with Milkweed for Monarchs, Liatris for native bees, and Scarlet Sage for hummingbirds. Blooms March through October.",,,,,,"texas native grass &amp; wildflower seed, native wildflower seed &amp; seed mixes",33.99,,,xx,https://naturesseed.com/wp-content/uploads/2026/02/Texas-Pollinator-Wildflower-Mix.webp,https://naturesseed.com/wp-content/uploads/2023/08/bag5_6.png,,,,0.5 lb | 1 lb | 5 lb,WB-TXPB-5-LB-KIT | WB-TXPB-1-LB-KIT | WB-TXPB-0.5-LB,$286.44 | $61.19 | $33.99,Full Sun (6-8+ hours),Surface to 1/4 inch max (seeds need light),7,https://naturesseed.com/products/wildflower-seed/texas-pollinator-wildflower-mix/
462260,W-OESP,Mexican Primrose (Pinkladies),variable,Texas Native Grass &amp; Wildflower Seed,new,,Pink Evening Primrose (Oenothera speciosa) — the iconic Texas pink roadside wildflower. Native perennial that creates carpets of pink blooms April through October. Drought-proof once established.,,,,,,texas native grass &amp; wildflower seed,13.99,,,xx,https://naturesseed.com/wp-content/uploads/2026/02/Mexican-Primrose-pinkladies.webp,https://naturesseed.com/wp-content/uploads/2023/08/bag5_6.png,,,,0.25 lb | 0.5 lb | 1 lb,W-OESP-1-LB-KIT | W-OESP-0.5-LB-KIT | W-OESP-0.25-LB,$46.74 | $25.19 | $13.99,Full Sun (6+ hours),Surface sow only — do not cover (light required for germination),7,https://naturesseed.com/products/wildflower-seed/pink-evening-primrose-seeds/
462223,PB-TXPR,Texas Native Pasture Prairie Mix,variable,"Drought-Tolerant Seed, Food Plot Seed, Pasture Seed, Texas Native Grass &amp; Wildflower Seed",new,,"8-species native grass and wildflower blend anchored by Sideoats Grama at 35% and Little Bluestem at 25%. Built for rangeland restoration, conservation programs, and livestock pasture.
Livestock Suitability: Excellent for cattle and horses — 85% native warm-season grasses provide high-quality summer forage with heavy grazing tolerance. Good for goats. Use caution with sheep — Texas Bluebonnet (5% of mix) is a lupine species; avoid grazing sheep on young stands where wildflowers dominate. Bloat r",,,,,,"pasture seed, texas native grass &amp; wildflower seed, food plot seed, drought-tolerant seed",214.99,,,xx,https://naturesseed.com/wp-content/uploads/2026/02/Texas-Native-Prairie-Mix.webp,https://naturesseed.com/wp-content/uploads/2025/05/NS-Conservation-Seed-Large-bag-700x700-1.jpg,,,,10 lb | 20 lb | 50 lb,PB-TXPR-50-LB-KIT | PB-TXPR-20-LB-KIT | PB-TXPR-10-LB,$912.89 | $386.99 | $214.99,Full Sun (8+ hours),1/4 to 1/2 inch (grasses); surface to 1/4 inch (wildflowers),7,https://naturesseed.com/products/pasture-seed/texas-native-prairie-mix/
462264,W-PHDR,Drummond Phlox Seeds,variable,"Native Wildflower Seed &amp; Seed Mixes, Texas Native Grass &amp; Wildflower Seed",new,,"Drummond Phlox (Phlox drummondii) — the only annual phlox native to Texas. Multicolor blooms in red, pink, purple, and white from March through May. Perfect bluebonnet companion.",,,,,,"texas native grass &amp; wildflower seed, native wildflower seed &amp; seed mixes",10.99,,,xx,https://naturesseed.com/wp-content/uploads/2026/02/Drummond-Phlox-Seeds.webp,https://naturesseed.com/wp-content/uploads/2025/07/WildflowerBag-2.png,,,,0.25 lb | 0.5 lb | 1 lb,W-PHDR-1-LB-KIT | W-PHDR-0.5-LB-KIT | W-PHDR-0.25-LB,$35.69 | $18.89 | $10.99,Full Sun to Partial Shade (6+ hours),Just below surface (1/16 to 1/8 inch) — darkness required for germination,7,https://naturesseed.com/products/wildflower-seed/drummond-phlox-seeds/
462294,W-COLA,Lanceleaf Tickseed (Coreopsis),variable,"All Seed, Florida Seeds, Native Wildflower Seed &amp; Seed Mixes",new,,Lanceleaf Coreopsis (Coreopsis lanceolata) — Florida’s state wildflower genus. Drought-tolerant perennial with bright yellow blooms. Thrives in sandy soil. Zones 3-8.,,,,,,"florida seeds, native wildflower seed &amp; seed mixes",5.99,,,xx,https://naturesseed.com/wp-content/uploads/2026/02/Lance-leaved-Coreopsis.webp,https://naturesseed.com/wp-content/uploads/2023/08/bag5_3.png,,,,"0.25 lb - Covers 500 Sq Ft | 0.5 lb - Covers 1,000 Sq Ft | 1 lb - Covers 2,000 Sq Ft",W-COLA-1-LB-KIT | W-COLA-0.5-LB-KIT | W-COLA-0.25-LB,$20.39 | $10.79 | $5.99,Full Sun (6+ hours),Surface sow to 1/8 inch max (light required for germination),15,https://naturesseed.com/products/wildflower-seed/lanceleaf-coreopsis-seeds/
462289,WB-FLCO,Florida Coastal Native Wildflower Mix,variable,"All Seed, Florida Seeds, Native Wildflower Seed &amp; Seed Mixes",new,,"Focused 3-species coastal wildflower blend — Blanket Flower, Lanceleaf Coreopsis, and Spotted Beebalm. Built for Florida’s toughest sandy, coastal conditions. Zero filler.",,,,,,"florida seeds, native wildflower seed &amp; seed mixes",11.99,,,xx,https://naturesseed.com/wp-content/uploads/2026/02/FloridaCoastalWildflowerMix.webp,https://naturesseed.com/wp-content/uploads/2023/08/bag5_6.png,,,,"0.5 lb - Covers 1,000 Sq Ft | 1 lb - Covers 2,000 Sq Ft | 5 lb - Covers 10,000 Sq Ft",WB-FLCO-5-LB-KIT | WB-FLCO-1-LB-KIT | WB-FLCO-0.5-LB,$101.14 | $21.59 | $11.99,Full Sun (6+ hours),Surface to 1/4 inch (seeds need light),15,https://naturesseed.com/products/wildflower-seed/florida-coastal-native-mix/
462284,TURF-FLN,Florida Native Lawn Alternative Mix,variable,"All Seed, Florida Seeds, Lawn Seed",new,,"Bahiagrass 50% and Bermudagrass 30% — seed your Florida lawn for a fraction of sod cost. Less water, less fertilizer, fewer bugs than St. Augustine.",,,,,,"florida seeds, lawn seed",65.99,,,xx,https://naturesseed.com/wp-content/uploads/2026/02/FloridaLawnAlternativeMix.webp,https://naturesseed.com/wp-content/uploads/2025/07/LawnbagsTWCA-4.png,,,,"5 lb - Covers 1,000 Sq Ft | 10 lb - Covers 2,000 Sq Ft | 25 lb - Covers 5,000 Sq Ft",TURF-FLN-25-LB-KIT | TURF-FLN-10-LB-KIT | TURF-FLN-5-LB,$277.94 | $117.89 | $65.99,Full Sun (6+ hours),1/4 to 1/2 inch,15,https://naturesseed.com/products/grass-seed/florida-native-lawn-alternative-mix/
462280,WB-FLPB,Florida Pollinator and Butterfly Mix,variable,"All Seed, Florida Seeds, Native Wildflower Seed &amp; Seed Mixes",new,,"6-species native pollinator blend with Swamp Milkweed for Monarchs, Blazing Star for native bees, and Scarlet Sage for hummingbirds. Year-round butterfly habitat for Florida.",,,,,,"florida seeds, native wildflower seed &amp; seed mixes",19.99,,,xx,https://naturesseed.com/wp-content/uploads/2026/02/Florida-Pollinator-and-Butterfly-Mix.webp,https://naturesseed.com/wp-content/uploads/2023/08/bag5_6.png,,,,"0.5 lb - Covers 1,000 Sq Ft | 1 lb - Covers 2,000 Sq Ft | 5 lb - Covers 10,000 Sq Ft",WB-FLPB-5-LB-KIT | WB-FLPB-1-LB-KIT | WB-FLPB-0.5-LB,$162.34 | $35.09 | $19.99,Full Sun (6+ hours),Surface to 1/4 inch max (seeds need light),15,https://naturesseed.com/products/wildflower-seed/florida-pollinator-butterfly-mix/
462276,WB-FLN,Florida Native Wildflower Mix,variable,"All Seed, Florida Seeds, Native Wildflower Seed &amp; Seed Mixes",new,,7-species native wildflower blend anchored by Lanceleaf Coreopsis at 22% — Florida’s state wildflower. Covers May through October. Designed for Florida’s sandy soils.,,,,,,"florida seeds, native wildflower seed &amp; seed mixes",12.99,,,xx,https://naturesseed.com/wp-content/uploads/2026/02/Florida-Native-Wildflower-Mix.webp,https://naturesseed.com/wp-content/uploads/2023/08/bag5_6.png,,,,"0.5 lb - Covers 1,000 Sq Ft | 1 lb - Covers 2,000 Sq Ft | 5 lb - Covers 10,000 Sq Ft",WB-FLN-5-LB-KIT | WB-FLN-1-LB-KIT | WB-FLN-0.5-LB,$109.64 | $23.39 | $12.99,Full Sun (6+ hours),1/8 to 1/4 inch max (seeds need light),15,https://naturesseed.com/products/wildflower-seeds/florida-native-wildflower-mix/
461690,BDL-POL,Pollinator Corridor Kit,simple,,new,"A 3-component habitat kit designed to create permanent pollinator corridors along field edges, fence lines, garden borders, and unused strips. Combines nectar-rich wildflowers for foraging, native bunchgrasses for nesting habitat, and White Clover for reliable season-long bloom. Ships as three separate bags.","Create a permanent pollinator habitat with our 3-species corridor kit: Central Valley Pollinator Wildflower Mix for nectar, California Native Grass for structure, and White Clover for season-long bloom. 6.5 lbs covers ~500-2,000 sq ft.","A 3-component habitat kit designed to create permanent pollinator corridors along field edges, fence lines, garden borders, and unused strips. Combines nectar-rich wildflowers for foraging, native bunchgrasses for nesting habitat, and White Clover for reliable season-long bloom. Ships as three separate bags.",,,,,,339.99,339.99,6.5,xx,https://naturesseed.com/wp-content/uploads/2026/02/Central-Valley-Habitat-Pollinator-Kit-Wildflowers-Native-Grass-and-White-Clover-Main.png,,,,,,,,Full Sun (6-8+ hours),Surface sow wildflowers and clover; 1/4 inch for native grass. Press all seed firmly.,15,https://naturesseed.com/products/wildflower-seed/pollinator-corridor-kit/
461689,BDL-FYC,First-Year Color + Perennial Foundation Wildflower Kit,simple,Native Wildflower Seed &amp; Seed Mixes,new,"A 2-mix wildflower kit designed to solve the biggest problem with perennial wildflower plantings: the wait. The Annual Mix provides dense color in the first growing season while the Deer Resistant Mix establishes a long-term perennial foundation underneath. Year 1 you get flowers from the annuals. Year 2 onward, the perennials take over and bloom for decades.","Get wildflower color in year one and lasting perennial blooms for years to come. Annual Wildflower Mix for instant color plus Deer Resistant Mix for long-term foundation. 1 lb covers ~1,000 sq ft.","A 2-mix wildflower kit designed to solve the biggest problem with perennial wildflower plantings: the wait. The Annual Mix provides dense color in the first growing season while the Deer Resistant Mix establishes a long-term perennial foundation underneath. Year 1 you get flowers from the annuals. Year 2 onward, the perennials take over and bloom for decades.",,,,,native wildflower seed &amp; seed mixes,49.99,49.99,1,xx,https://naturesseed.com/wp-content/uploads/2026/02/First-Year-Color-Perennial-Foundation-Wildflower-Kit-2-Mix-Instant-Permanent-Meadow-Starter-1.png,,,,,,,,Full Sun (6-8+ hours),"Surface sow — press into soil surface, do not bury (wildflower seeds need light)",15,https://naturesseed.com/products/wildflower-seed/first-year-and-perennial-foundation-wildflower-kit/
461687,BDL-WSC,Weed Smother Cover Crop Kit,simple,"All Seed, Cover Crop Seed",new,A 2-species weed suppression kit built around the two most aggressive weed-fighting cover crops available: Winter Cereal Rye and Mustard Biofumigant. The rye suppresses weeds from above (allelopathic chemicals + dense canopy shading) while mustard destroys weed seeds in the soil from below (glucosinolate biofumigation).,"Smother weeds naturally with our 2-species cover crop kit: heavy Cereal Rye for allelopathic weed suppression and Mustard Biofumigant for soilborne weed seed destruction. 15 lbs covers ~5,000 sq ft.",A 2-species weed suppression kit built around the two most aggressive weed-fighting cover crops available: Winter Cereal Rye and Mustard Biofumigant. The rye suppresses weeds from above (allelopathic chemicals + dense canopy shading) while mustard destroys weed seeds in the soil from below (glucosinolate biofumigation).,,,,,cover crop seed,64.99,64.99,15,xx,https://naturesseed.com/wp-content/uploads/2026/02/Compaction-Buster-Cover-Crop-Kit-2Mix-Biological-Tillage-System-for-Soil-Aeration-1.png,,,,,,,,Full Sun (6+ hours),1/4 to 1/2 inch (broadcast and press),15,https://naturesseed.com/products/pasture-seed/weed-smother-cover-crop-kit/
461686,BDL-SBC,Soil Builder Cover Crop Kit,simple,"All Seed, Cover Crop Seed",new,"A 3-species cover crop kit that attacks soil health from three angles: Winter Cereal Rye builds organic matter and suppresses weeds, White Clover fixes nitrogen, and Mustard Biofumigant kills soilborne pathogens and nematodes. Ships as three separate bags for fall or spring planting.","Build soil health with our 3-species cover crop kit: Winter Cereal Rye for organic matter, White Clover for nitrogen, and Mustard Biofumigant for disease suppression. 20 lbs covers ~5,000 sq ft.","A 3-species cover crop kit that attacks soil health from three angles: Winter Cereal Rye builds organic matter and suppresses weeds, White Clover fixes nitrogen, and Mustard Biofumigant kills soilborne pathogens and nematodes. Ships as three separate bags for fall or spring planting.",,,,,cover crop seed,94.99,94.99,20,xx,https://naturesseed.com/wp-content/uploads/2026/02/SoilBuilder@59x.webp,https://naturesseed.com/wp-content/uploads/2026/02/SoilBuilderBags@59x.webp,,,,,,,Full Sun (6+ hours),1/4 to 1/2 inch (broadcast and press),15,https://naturesseed.com/products/pasture-seed/soil-builder-cover-crop-kit/
461685,BDL-ORL,Overseed &amp; Repair Lawn Kit,simple,"Lawn Seed, Drought-Tolerant Seed, Northern Lawn, Sports Turf/High Traffic, Transitional Lawn",new,"A 2-species lawn repair kit that pairs fast-germinating Perennial Ryegrass with deep-rooted Triblade Elite Tall Fescue. The ryegrass gives you visible green in 5-10 days while the fescue fills in behind it for a dense, drought-tolerant, permanent lawn. Ships as two separate 5 lb bags.","Repair bare spots and thicken thin lawns with our 2-seed kit: Triblade Elite Tall Fescue for long-term density and Perennial Ryegrass for fast green-up. 10 lbs covers ~2,000 sq ft.","A 2-species lawn repair kit that pairs fast-germinating Perennial Ryegrass with deep-rooted Triblade Elite Tall Fescue. The ryegrass gives you visible green in 5-10 days while the fescue fills in behind it for a dense, drought-tolerant, permanent lawn. Ships as two separate 5 lb bags.",,,,,"sports turf/high traffic, lawn seed, drought-tolerant seed, transitional lawn, northern lawn",79.99,79.99,10,xx,https://naturesseed.com/wp-content/uploads/2026/02/Overseed-Repair-Lawn-Kit-Fast-Green-Perennial-Ryegrass-Deep-Rooted-Triblade-Elite-Tall-Fescue-1.png,,,,,,,,Full Sun to Partial Shade (4-8+ hours),1/4 inch (do not bury deeper),15,https://naturesseed.com/products/grass-seed/overseed-and-repair-lawn-kit/
461684,BDL-TPF,Thin Pasture Fix Kit,simple,Pasture Seed,new,"A 3-species pasture renovation kit designed to fill in bare spots, thicken thin stands, and improve forage quality in degraded pastures. Ships as three separate bags — Perennial Ryegrass (5 lb), White Clover (5 lb), and Orchardgrass (5 lb) — so you can broadcast all three together or adjust ratios for your specific conditions.","Rebuild thin pastures with our 3-species kit: Perennial Ryegrass, White Clover, and Orchardgrass. 15 lbs covers approximately 10,000 sq ft. Ships as 3 separate bags for flexible application.","A 3-species pasture renovation kit designed to fill in bare spots, thicken thin stands, and improve forage quality in degraded pastures. Ships as three separate bags — Perennial Ryegrass (5 lb), White Clover (5 lb), and Orchardgrass (5 lb) — so you can broadcast all three together or adjust ratios for your specific conditions.",,,,,pasture seed,89.99,89.99,15,xx,https://naturesseed.com/wp-content/uploads/2026/02/Thin-Pasture-Fix-Kit-3-Species-Professional-Pasture-Renovation-System-15-lb-Total-1.png,,,,,,,,Full Sun to Partial Shade (4-8+ hours),1/4 to 1/2 inch (broadcast and press/drag),15,https://naturesseed.com/products/pasture-seed/thin-pasture-kit/
458473,PB-BIRD,Upland Game Mix,variable,Food Plot Seed,"new, New Arrival",,"Upland Game Mix is a versatile seed blend designed for wildlife food plots and cover strips that support upland game birds like pheasants and quail from mid-summer through fall and into early winter. The blend pairs white proso millet and browntop millet (33.5% each) with buckwheat (33%), delivering a staggered, multi-seed buffet and fast-growing foliage. This combination provides continuous seed production, palatable seeds, and layered canopy structure; tall millet stems over a buckwheat unders",,,,,,"food plot seed, new arrival",24.99,,,xx,https://naturesseed.com/wp-content/uploads/2025/12/uplandMix.webp,https://naturesseed.com/wp-content/uploads/2025/07/Pasture-seed-bag-3.webp,,,,,PB-BIRD-50-LB-KIT | PB-BIRD-20-LB-KIT | PB-BIRD-10-LB,$106.21 | $44.98 | $24.99,Full sun with 6-8 hours daily; light partial shade reduces stand and seed.,"Plant 0.25-0.75 inches deep, about 0.5 inches on most soils.",7,https://naturesseed.com/products/pasture-seed/upland-game-mix/
458472,PB-DRY,Dryland Pasture Mix,variable,,"new, New Arrival","Dryland Pasture Mix is engineered for semi-arid landscapes where water is scarce but pasture productivity still matters. This drought-tolerant seed blend establishes a resilient grazing stand for horses, cattle, sheep, and other livestock across the intermountain West, High Plains, and other regions with less than 15 inches of annual precipitation.
The blend prioritizes proven dryland species: native and introduced grasses with deep root systems that tap subsoil moisture, legumes for nitrogen and palatability, and forbs that add mineral diversity to the forage base. Every species is selected for establishment success without irrigation, long-term persistence under grazing pressure, and nutritional value for a range of livestock.
Seed in early spring or late fall (dormant seeding) into a firm, weed-suppressed seedbed. Our 50 lb bag covers up to 50 acres at a light overseeding rate, or is suitable for 5–10 acres of new establishment. Developed in partnership with our in-house pasture specialists for the specific conditions of dryland ranching across the Western U.S.","Dryland Pasture Mix is engineered for semi-arid landscapes where water is scarce but pasture productivity still matters. This drought-tolerant seed blend establishes a resilient grazing stand for horses, cattle, sheep, and goats, helping you maximize forage yield on low-moisture pastures. Designed to revive overgrazed or depleted dryland fields, it creates dense forage cover that protects soil, reduces erosion, and enhances seasonal feed availability. The mix blends forage grasses and forage leg","Dryland Pasture Mix is engineered for semi-arid landscapes where water is scarce but pasture productivity still matters. This drought-tolerant seed blend establishes a resilient grazing stand for horses, cattle, sheep, and other livestock across the intermountain West, High Plains, and other regions with less than 15 inches of annual precipitation.","The blend prioritizes proven dryland species: native and introduced grasses with deep root systems that tap subsoil moisture, legumes for nitrogen and palatability, and forbs that add mineral diversity to the forage base. Every species is selected for establishment success without irrigation, long-term persistence under grazing pressure, and nutritional value for a range of livestock.","Seed in early spring or late fall (dormant seeding) into a firm, weed-suppressed seedbed. Our 50 lb bag covers up to 50 acres at a light overseeding rate, or is suitable for 5–10 acres of new establishment. Developed in partnership with our in-house pasture specialists for the specific conditions of dryland ranching across the Western U.S.",,,new arrival,50.99,,,xx,https://naturesseed.com/wp-content/uploads/2025/12/DrylandPAsture.webp,https://naturesseed.com/wp-content/uploads/2025/07/Pasture-seed-bag-3.webp,,,,,PB-DRY-20-LB-KIT | PB-DRY-50-LB-KIT | PB-DRY-10-LB,$216.71 | $91.78 | $50.99,"Full sun, at least 6-8 hours daily; light shade tolerated with reduced forage.","Plant 0.25-0.5 inches deep; shallower on heavy soils, slightly deeper on sandy soils.",7,https://naturesseed.com/products/pasture-seed/dryland-pasture-mix/
458471,PB-IR,Premium Irrigated Pasture Mix,variable,"Pasture Seed, Specialty Seed","new, New Arrival",,"Premium Irrigated Pasture Mix is a purpose-built forage blend designed for intensely managed, irrigated grazing programs. It delivers rapid establishment, dense ground cover, and high-yield production under pivot or wheel-line irrigation, supporting beef and dairy operations that practice strict rotational grazing. The mix also provides high-quality, low-dust forage for horses, making it suitable for strip grazing and sacrifice paddock recovery. Farmers and ranchers can expect improved pasture u",,,,,,"specialty seed, pasture seed, new arrival",39.99,,,xx,https://naturesseed.com/wp-content/uploads/2025/12/PremiumIrrigatedPasture.webp,https://naturesseed.com/wp-content/uploads/2025/07/Pasture-seed-bag-3.webp,,,,,PB-IR-50-LB-KIT | PB-IR-20-LB-KIT | PB-IR-10-LB,$169.96 | $71.98 | $39.99,"Full sun, 6–8 hours daily; light shade reduces yield and quality.",Plant 0.25–0.5 inches deep; avoid deeper seeding.,15,https://naturesseed.com/products/pasture-seed/premium-irrigated-pasture-mix/
458470,PB-CABIN,Native Cabin Grass Seed Mix,variable,"Food Plot Seed, Specialty Seed","new, New Arrival",,,,,,,,"specialty seed, food plot seed, new arrival",43.99,,,xx,https://naturesseed.com/wp-content/uploads/2025/12/NativeCabinLawn.webp,https://naturesseed.com/wp-content/uploads/2025/07/Pasture-seed-bag-3.webp,,,,,PB-CABIN-5-LB | $197.09 | PB-CABIN-25-LB-KIT | PB-CABIN-10-LB-KIT,$43.99 | $43.99 | $218.99 | $79.19,Full sun to light shade,1/8-1/4 inch deep,15,https://naturesseed.com/products/pasture-seed/native-cabin-grass-mix/
458469,PB-MUST,Mustard Biofumigant Blend Cover Crop Seed Mix,variable,"Cover Crop Seed, Pasture Seed","new, Staff Pick",,"Choose the Mustard Biofumigant Blend Cover Crop Seed Mix for a fast, short-season solution to pest and disease pressure in vegetable beds. This mustard-dominant mix acts as a natural biofumigant, releasing bioactive compounds that help suppress soil-borne fungi, nematodes, and some bacterial pathogens as the mulch is incorporated. Ideal for breaking pest and disease cycles between harvests, it quickly forms dense biomass that boosts soil organic matter and soil structure. When mowed and integrat",,,,,,"pasture seed, staff pick, cover crop seed",46.99,,,xx,https://naturesseed.com/wp-content/uploads/2025/12/Mustard.webp,https://naturesseed.com/wp-content/uploads/2025/07/Pasture-seed-bag-3.webp,,,,,PB-MUST-20-LB-KIT | PB-MUST-50-LB-KIT | PB-MUST-10-LB,$199.71 | $169.75 | $46.99,"Grow in full sun, at least 6-8 hours daily.",Plant 0.2-50.5 inch (6-12 mm) deep so seeds are covered and firmly in contact with the soil,7,https://naturesseed.com/products/pasture-seed/mustard-biofumigant-blend-cover-crop-seed-mix/
458468,WB-JPW,Jimmy's Perennial Wildflower Mix,variable,Native Wildflower Seed &amp; Seed Mixes,new,,"Jimmy’s Perennial Wildflower Mix offers a reliable, long-lasting solution for cottage-style borders that calmly return and expand each year. This versatile seed blend naturally naturalizes meadows, fence lines, and acreage edges with a low-maintenance perennial bloom display that requires minimal upkeep. Plant once for a carefree, year-round tapestry of color, texture, and pollinator-friendly nectar. The mix features a balanced selection of hardy perennials that establish quickly, spread modestl",,,,,,native wildflower seed &amp; seed mixes,19.99,,,xx,https://naturesseed.com/wp-content/uploads/2025/12/Jimmys-Perennial-Flower.webp,https://naturesseed.com/wp-content/uploads/2023/08/bag5_6.png,,,,,WB-JPW-5-LB-KIT | WB-JPW-2.5-LB-KIT | WB-JPW-0.5-LB,$169.91 | $89.95 | $19.99,Plant in full sun to very light shade; full sun gives best blooms.,"Sow on the soil surface, no deeper than 1/8 inch, and press seed firmly into soil.",7,https://naturesseed.com/products/wildflower-seed/jimmys-perennial-wildflower-mix/
458467,PB-CLV,Pasture Clover Mix for Waterfowl Food Plots,variable,"Pasture Seed, Drought-Tolerant Seed, Food Plot Seed","new, New Arrival",,"Establish a high-protein pasture clover mix designed for moist or seasonally flooded fields to attract ducks, teal, and other waterfowl during migration and wintering. This seed blend provides dependable forage and seed heads for bobwhite quail and other upland game birds along pond margins, slough edges, and low pastures. The mix thrives in wet soils and gradually yields dense cover, creating a reliable food plot that sustains birds through thin forage periods. Use it to improve habitat along w",,,,,,"pasture seed, new arrival, food plot seed, drought-tolerant seed",47.99,,,xx,https://naturesseed.com/wp-content/uploads/2025/12/Duck-and-Quail-Food-Plot.webp,https://naturesseed.com/wp-content/uploads/2025/07/Pasture-seed-bag-3.webp,,,,,PB-CLV-20-LB-KIT | PB-CLV-50-LB-KIT | PB-CLV-10-LB,$86.38 | $203.96 | $47.99,Full sun to light shade with at least 6 hours daily.,"Plant 1/8-1/4 inch deep, barely covered or pressed into soil.",7,https://naturesseed.com/products/pasture-seed/pasture-clover-mix-for-duck-quail-food-plot/
458434,TURF-CLV,Clover Lawn Alternative Mix,variable,"Clover Seed, Drought-Tolerant Seed, Lawn Alternatives, Lawn Seed","new, Staff Pick","The Lawn Alternative Clover Mix gives you a beautiful, low-maintenance ground cover that replaces or complements traditional turf. Blending White Dutch Clover, microclover, and complementary species, this mix forms a dense, soft-textured lawn that stays green through summer without the chemical inputs or frequent mowing that grass demands.
Clover is a natural nitrogen-fixer — it feeds itself from the air, meaning you can skip synthetic fertilizers entirely. It handles foot traffic well, tolerates drought better than cool-season grasses, and produces gentle blooms that pollinators love. This makes it a perfect choice for families, dog owners, and anyone who wants a functional, low-cost lawn that's also good for the environment.
Our blend is expertly proportioned for quick establishment and season-long coverage. Seed in spring or fall into a prepared seedbed. Works as a standalone lawn or blended into existing turf for a natural, sustainable upgrade.","A low-mow clover and microclover lawn alternative that replaces traditional grass with a soft, walkable green carpet. Stays lush with less water, no fertilizer, and far less mowing — ideal for eco-conscious homeowners.","The Lawn Alternative Clover Mix gives you a beautiful, low-maintenance ground cover that replaces or complements traditional turf. Blending White Dutch Clover, microclover, and complementary species, this mix forms a dense, soft-textured lawn that stays green through summer without the chemical inputs or frequent mowing that grass demands.","Clover is a natural nitrogen-fixer — it feeds itself from the air, meaning you can skip synthetic fertilizers entirely. It handles foot traffic well, tolerates drought better than cool-season grasses, and produces gentle blooms that pollinators love. This makes it a perfect choice for families, dog owners, and anyone who wants a functional, low-cost lawn that's also good for the environment.","Our blend is expertly proportioned for quick establishment and season-long coverage. Seed in spring or fall into a prepared seedbed. Works as a standalone lawn or blended into existing turf for a natural, sustainable upgrade.",,,"lawn alternatives, lawn seed, staff pick, drought-tolerant seed, clover seed",17.99,,,xx,https://naturesseed.com/wp-content/uploads/2025/12/CloverLikeLawn.png,https://naturesseed.com/wp-content/uploads/2025/07/Lawnbags-7.png,,,,,TURF-CLV-5-LB | TURF-CLV-25-LB-KIT | TURF-CLV-10-LB-KIT,$17.99 | $89.99 | $32.39,Full sun to partial shade,1/2 to 1/4 inch,7,https://naturesseed.com/products/grass-seed/clover-lawn-alternative-mix/
458423,TURF-MLB,Meadow Lawn Blend,variable,"Lawn Alternatives, Lawn Seed, Specialty Seed","new, New Arrival",,,,,,,,"specialty seed, lawn seed, new arrival, lawn alternatives",28.99,,,xx,https://naturesseed.com/wp-content/uploads/2025/12/MeadowLikeLawn.png,https://naturesseed.com/wp-content/uploads/2025/07/Lawnbags-7.png,,,,,TURF-MLB-5-LB | TURF-MLB-25-LB-KIT | TURF-MLB-10-LB-KIT,$28.99 | $127.79 | $51.29,Full sun to Partial Shade,1/4 to 1/2 inch,7,https://naturesseed.com/products/grass-seed/meadow-lawn-blend/
458047,TURF-HLB,Hardy Grass Seed Mix for High Traffic Lawns,variable,"Drought-Tolerant Seed, Lawn Seed","new, New Arrival","Find a premium grass seed mix that is ideal for high traffic lawns and will stand up to abuse from dogs, kids, and more. Our hardy mix features top-rated varieties that are drought tolerant and create dense, durable turf.",,"Find a premium grass seed mix that is ideal for high traffic lawns and will stand up to abuse from dogs, kids, and more. Our hardy mix features top-rated varieties that are drought tolerant and create dense, durable turf.",,,,,"lawn seed, new arrival, drought-tolerant seed",44.99,,,xx,https://naturesseed.com/wp-content/uploads/2025/10/tuffnnuff.png,https://naturesseed.com/wp-content/uploads/2025/07/Lawnbags-4.png,,,,,TURF-HLB-5-LB | TURF-HLB-25-LB-KIT | TURF-HLB-10-LB-KIT,$44.99 | $199.79 | $79.99,Full Sun to Partial Shade, 1/8–1/4 inch,7,https://naturesseed.com/products/grass-seed/high-traffic-hardy-lawn/
456233,LAWN-BUDA,Sundancer Buffalograss Lawn Seed,variable,"Lawn Seed, All Seed, Drought-Tolerant Seed",new,"Sundancer Buffalograss (Bouteloua dactyloides) is one of the most water-efficient lawn grasses available — a native North American species naturally adapted to heat, drought, and hard clay soils. Sundancer is a selected cultivar bred specifically for improved density, color, and wear tolerance compared to wild-type buffalograss, making it a genuine premium lawn option for water-conscious homeowners across the Great Plains and Southwest.
Once established, Sundancer needs irrigation only during extended drought — dramatically reducing your water bill and maintenance time. It grows to a tidy 4–6 inch height without mowing, turns a rich blue-green through summer, and goes naturally dormant (tan) in winter before greening back up in spring. No fertilizers, no pesticides, and no constant watering required.
This is a warm-season grass best suited to USDA Zones 3–9 in the central and western U.S. Seed in late spring when soil temps exceed 60°F. Our 3 lb kit covers up to 600 sq ft of new lawn or larger areas as a mix with other native species.","Sundancer Buffalograss is a native, warm-season lawn grass that stays green and beautiful with up to 75% less water than conventional turf. Perfect for drought-prone regions, it requires minimal mowing and no synthetic inputs once established.","Sundancer Buffalograss (Bouteloua dactyloides) is one of the most water-efficient lawn grasses available — a native North American species naturally adapted to heat, drought, and hard clay soils. Sundancer is a selected cultivar bred specifically for improved density, color, and wear tolerance compared to wild-type buffalograss, making it a genuine premium lawn option for water-conscious homeowners across the Great Plains and Southwest.","Once established, Sundancer needs irrigation only during extended drought — dramatically reducing your water bill and maintenance time. It grows to a tidy 4–6 inch height without mowing, turns a rich blue-green through summer, and goes naturally dormant (tan) in winter before greening back up in spring. No fertilizers, no pesticides, and no constant watering required.",This is a warm-season grass best suited to USDA Zones 3–9 in the central and western U.S. Seed in late spring when soil temps exceed 60°F. Our 3 lb kit covers up to 600 sq ft of new lawn or larger areas as a mix with other native species.,,,"lawn seed, drought-tolerant seed",116.99,,,xx,https://naturesseed.com/wp-content/uploads/2025/11/buffallograss-Sundancer.png,,,,,"3 lb - Covers 1,000 Sq Ft | 6 lb - Covers 2,000 Sq Ft | 15 lb - Covers 5,000 Sq Ft",TURF-BUDA-6-LB-KIT | TURF-BUDA-3-LB-KIT | TURF-BUDA-15-LB-KIT,$209.99 | $116.99 | $496.99,Full sun,1/4–1/2 inch deep,15,https://naturesseed.com/products/grass-seed/sundancer-buffalograss-seed/
455939,PB-SGPR,Shortgrass Prairie Seed Mix,variable,"All Seed, Food Plot Seed","new, Staff Pick",,,,,,,,"staff pick, food plot seed",217.99,,,xx,https://naturesseed.com/wp-content/uploads/2025/11/Shortgrass.png,,,,,"10 lb - Covers 25,000 Sq Ft | 20 lb - Covers 50,000 Sq Ft | 50 lb - Covers 100,000 Sq Ft",PB-SGPR-10-LB | PB-SGPR-50-LB-KIT | PB-SGPR-20-LB-KIT,$217.99 | $925.64 | $392.39,Full Sun," 1/4 - 1/2""",7,https://naturesseed.com/products/pasture-seed/shortgrass-prairie-mix/
455929,PB-SHPR,Sandhills Prairie Mix,variable,"Pasture Seed, All Seed, Specialty Seed",new,,,,,,,,"specialty seed, pasture seed",199.99,,,xx,https://naturesseed.com/wp-content/uploads/2025/11/sandhillsPrairie.png,,,,,"10 lb - Covers 50,000 Sq Ft | 20 lb - Covers 100,000 Sq Ft | 50 lb - Covers 250,000 Sq Ft",PB-SHPR-50-LB-KIT | PB-SHPR-20-LB-KIT | PB-SHPR-10-LB,$849.99 | $359.99 | $199.99,Full Sun,"1/4 - 1/2""",15,https://naturesseed.com/products/pasture-seed/sandhills-prairie-mix/
455414,PB-GRSC,Green Screen Food Plot Mix,variable,"All Seed, Food Plot Seed, Pasture Seed, Specialty Seed","Best Seller, new","Green Screen Food Plot Mix is engineered to attract and hold deer, turkey, and other wildlife from early fall through late season. The blend combines fast-germinating annuals with persistent perennials to give you green, palatable forage exactly when hunting pressure peaks and natural food sources decline.
The mix includes species proven to draw heavy browse pressure: brassicas for cool-season attraction, clovers for warm-season protein, and grains that remain standing through early frosts. Together they create a food plot that produces from the first cool nights of fall through the end of deer season — giving wildlife a reason to stay on your land.
Seed into a well-prepared seedbed in late summer for fall establishment. The 10 lb kit covers approximately one acre in average soil conditions. Developed by Nature's Seed wildlife specialists with regional foraging behavior in mind.",A high-attraction food plot seed blend designed to hold deer and wildlife on your property through fall and winter. Fast-establishing annuals and perennials provide reliable forage from early season through hard frosts.,"Green Screen Food Plot Mix is engineered to attract and hold deer, turkey, and other wildlife from early fall through late season. The blend combines fast-germinating annuals with persistent perennials to give you green, palatable forage exactly when hunting pressure peaks and natural food sources decline.","The mix includes species proven to draw heavy browse pressure: brassicas for cool-season attraction, clovers for warm-season protein, and grains that remain standing through early frosts. Together they create a food plot that produces from the first cool nights of fall through the end of deer season — giving wildlife a reason to stay on your land.",Seed into a well-prepared seedbed in late summer for fall establishment. The 10 lb kit covers approximately one acre in average soil conditions. Developed by Nature's Seed wildlife specialists with regional foraging behavior in mind.,,,"specialty seed, pasture seed, best seller, food plot seed",35.99,,,xx,https://naturesseed.com/wp-content/uploads/2025/10/greenScreen.png,,,,,"10 lb - Covers 40,000 Sq Ft | 20 lb - Covers 85,000 Sq Ft | 50 lb - Covers 215,000 Sq Ft",PB-GRSC-50-LB-KIT | PB-GRSC-20-LB-KIT | PB-GRSC-10-LB,$152.99 | $64.79 | $35.99,Full Sun Preferred,½ to 1 inch,7,https://naturesseed.com/products/pasture-seed/green-screen-food-plot-screen/
455411,PB-FULL,Full Potential Food Plot Mix,variable,"All Seed, Food Plot Seed, Pasture Seed, Specialty Seed",new,,,,,,,,"specialty seed, pasture seed, food plot seed",111.99,,,xx,https://naturesseed.com/wp-content/uploads/2025/10/FullPotential.png,https://naturesseed.com/wp-content/uploads/2025/07/NS-Pasture-Seed-Large-bag-150x150-1.jpg,,,,"10 lb - Covers 1,000 Sq Ft | 20 lb - Covers 2,000 Sq Ft | 50 lb - Covers 5,000 Sq Ft",PB-FULL-50-LB-KIT | PB-FULL-20-LB-KIT | PB-FULL-10-LB,$475.99 | $201.59 | $111.99,Full Sun Preferred,1/4 inch,7,https://naturesseed.com/products/pasture-seed/full-potential-food-plot/
455409,PB-KRMU,Krunch N Munch Food Plot Mix,variable,"All Seed, Food Plot Seed, Pasture Seed, Specialty Seed","Best Seller, new",,,,,,,,"specialty seed, pasture seed, best seller, food plot seed",29.99,,,xx,https://naturesseed.com/wp-content/uploads/2025/10/KrunchMunch.png,https://naturesseed.com/wp-content/uploads/2025/07/NS-Pasture-Seed-Large-bag-150x150-1.jpg,,,,"10 lb - Covers 1,000 Sq Ft | 20 lb - Covers 2,000 Sq Ft | 50 lb - Covers 5,000 Sq Ft",PB-KRMU-50-LB-KIT | PB-KRMU-20-LB-KIT | PB-KRMU-10-LB,$127.49 | $53.99 | $29.99,Full Sun Preferred,"1/4 to 1/2""",7,https://naturesseed.com/products/pasture-seed/krunch-and-munch-food-plot/
455407,PB-SHADE,Shade Tolerant Food Plot Mix,variable,"All Seed, Food Plot Seed, Pasture Seed, Specialty Seed","new, Staff Pick",,,,,,,,"specialty seed, pasture seed, staff pick, food plot seed",113.99,,,xx,https://naturesseed.com/wp-content/uploads/2025/10/ShadeMix.png,https://naturesseed.com/wp-content/uploads/2025/07/Pasture-seed-bag-3.webp,,,,"10 lb - Covers 2,000 Sq Ft | 20 lb - Covers 4,000 Sq Ft | 50 lb - Covers 10,000 Sq Ft",PB-SHADE-50-LB-KIT | PB-SHADE-20-LB-KIT | PB-SHADE-10-LB,$484.49 | $205.19 | $113.99,Partial Shade Preferred,1/4 inch,7,https://naturesseed.com/products/pasture-seed/shade-mix-food-plot/
455394,PB-PLPR,Plains Prairie Mix,variable,"All Seed, Pasture Seed, Specialty Seed",new,,,,,,,,"specialty seed, pasture seed",259.99,,,xx,https://naturesseed.com/wp-content/uploads/2025/10/plainsprairie-1.png,https://naturesseed.com/wp-content/uploads/2025/07/Pasture-seed-bag-3.webp,,,,"4 lb - Covers 800 Sq Ft | 8 lb - Covers 1,000 Sq Ft | 16 lb - Covers 3,000 Sq Ft",PB-PLPR-4-LBS | PB-PLPR-16-LBS | PB-PLPR-8-LBS,$259.99 | $1104.99 | $467.99,Full Sun Preferred,"1/4 - 1/2""",7,https://naturesseed.com/products/pasture-seed/plains-prairie-mix/
452949,PB-CHSS,Chaparral Sage Scrub Mix,variable,"California Collection, All Seed, Specialty Seed",new,,,,,,,,"specialty seed, california collection",37.64,,,xx,https://naturesseed.com/wp-content/uploads/2025/09/ChaparralMix.png,https://naturesseed.com/wp-content/uploads/2025/07/NS-Conservation-Seed-Large-bag-150x150-1.jpg,,,,"0.5 lb - Covers 1,000 Sq Ft | 1 lb - Covers 2,000 Sq Ft | 2 lb - Covers 4,000 Sq Ft",PB-CHSS-2-LB-KIT | PB-CHSS-1-LB-KIT | PB-CHSS-0.5-LB,$127.99 | $67.74 | $37.64,Full Sun to Partial Shade,1/4 inch,7,https://naturesseed.com/products/wildflower-seed/chaparral-sage-scrub-mix/
452924,PB-COSS,Coastal California Sage Scrub Mix,variable,"All Seed, California Collection, Native Wildflower Seed &amp; Seed Mixes",new,,,,,,,,"california collection, native wildflower seed &amp; seed mixes",38.82,,,xx,https://naturesseed.com/wp-content/uploads/2025/09/Coastal-Sage-Scrub-Mix.png,https://naturesseed.com/wp-content/uploads/2025/07/WildflowerBag-2.png,,,,"0.5 lb - Covers 2,000 Sq Ft | 1 lb - Covers 4,000 Sq Ft | 2 lb - Covers 8,000 Sq Ft",PB-COSS-2-LB-KIT | PB-COSS-1-LB-KIT | PB-COSS-0.5-LB,$131.99 | $69.86 | $38.82,Full Sun to Partial Shade,1/4 - 1/2 inch,7,https://naturesseed.com/products/wildflower-seed/coastal-sage-scrub-mix/
452906,W-ENCA,California Bush Sunflower Seed,variable,"All Seed, California Collection, Native Wildflower Seed &amp; Seed Mixes, Specialty Seed",new,,,,,,,,"specialty seed, california collection, native wildflower seed &amp; seed mixes",21.16,,,xx,https://naturesseed.com/wp-content/uploads/2025/09/Encelia-californica.png,https://naturesseed.com/wp-content/uploads/2025/07/WildflowerBag-2.png,,,,"0.25 lb - Covers 500 Sq Ft | 0.5 lb - Covers 1,000 Sq Ft | 1 lb - Covers 2,000 Sq Ft",W-ENCA-1-LB-KIT | W-ENCA-0.5-LB-KIT | W-ENCA-0.25-LB,$71.99 | $38.10 | $21.16,Full Sun,About 1/8 inch (if seeding),7,https://naturesseed.com/products/wildflower-seed/california-bush-sunflower/
452899,W-SAAP,White Sage Seed,variable,"All Seed, California Collection, Native Wildflower Seed &amp; Seed Mixes, Specialty Seed",new,,,,,,,,"specialty seed, california collection, native wildflower seed &amp; seed mixes",32.93,,,xx,https://naturesseed.com/wp-content/uploads/2025/09/White-Sage.png,https://naturesseed.com/wp-content/uploads/2025/07/WildflowerBag-2.png,,,,"0.25 lb - Covers 1,000 Sq Ft | 0.5 lb - Covers 2,000 Sq Ft | 1 lb - Covers 4,000 Sq Ft",W-SAAP-1-LB-KIT | W-SAAP-0.5-LB-KIT | W-SAAP-0.25-LB,$111.99 | $59.27 | $32.93,Full Sun,Surface sow or very light cover (needs light to germinate),7,https://naturesseed.com/products/wildflower-seed/white-sage/
452877,W-NAPU,Purple Needlegrass Seed,variable,"All Seed, California Collection, Native Wildflower Seed &amp; Seed Mixes, Specialty Seed",new,,,,,,,,"specialty seed, california collection, native wildflower seed &amp; seed mixes",19.99,,,xx,https://naturesseed.com/wp-content/uploads/2025/09/PurpleNeedlegrass-1.png,https://naturesseed.com/wp-content/uploads/2025/07/WildflowerBag-2.png,,,,"0.25 lb - Covers 1,000 Sq Ft | 0.5 lb - Covers 2,000 Sq Ft | 1 lb - Covers 4,000 Sq Ft",W-NAPU-1-LB-KIT | W-NAPU-0.5-LB-KIT | W-NAPU-0.25-LB,$67.99 | $35.98 | $19.99,Full Sun to Partial Shade,1/4–1/2 inch,7,https://naturesseed.com/products/wildflower-seed/purple-needlegrass/
452802,W-ERCO,Golden Yarrow Seed,variable,"All Seed, California Collection, Native Wildflower Seed &amp; Seed Mixes, Specialty Seed",new,,,,,,,,"specialty seed, california collection, native wildflower seed &amp; seed mixes",54.11,,,xx,https://naturesseed.com/wp-content/uploads/2025/09/GoldenYarrow.png,https://naturesseed.com/wp-content/uploads/2025/07/WildflowerBag-2.png,,,,"0.25 lb - Covers 1,000 Sq Ft | 0.5 lb - Covers 2,000 Sq Ft | 1 lb - Covers 4,000 Sq Ft",W-ERCO-1-LB-KIT | W-ERCO-0.5-LB-KIT | W-ERCO-0.25-LB,$183.99 | $97.39 | $54.11,Full Sun,Surface to 1/8 inch (lightly cover),7,https://naturesseed.com/products/wildflower-seed/golden-yarrow/
452791,WB-XCVP,Central Valley Pollinator Wildflower Mix,variable,"All Seed, California Collection, Native Wildflower Seed &amp; Seed Mixes, Specialty Seed",new,,,,,,,,"specialty seed, california collection, native wildflower seed &amp; seed mixes",58.82,,,xx,https://naturesseed.com/wp-content/uploads/2025/09/Xerces.png,https://naturesseed.com/wp-content/uploads/2025/07/WildflowerBag-2.png,,,,"0.5 lb - 2,000 Sq Ft | 1 lb - 5,000 Sq Ft | 2 lb - 10,000 Sq Ft",WB-XCVP-2-LB-KIT | WB-XCVP-1-LB-KIT | WB-XCVP-0.5-LB,$199.99 | $105.88 | $58.82,Full Sun,~1/8 inch;,7,https://naturesseed.com/products/wildflower-seed/central-valley-pollinator-mix-xerces-society/
452770,W-LUMI,Yellow Lupine Seed,variable,"All Seed, California Collection, Native Wildflower Seed &amp; Seed Mixes, Specialty Seed",new,,,,,,,,"specialty seed, california collection, native wildflower seed &amp; seed mixes",29.41,,,xx,https://naturesseed.com/wp-content/uploads/2025/09/Yellow-Lupine.png,https://naturesseed.com/wp-content/uploads/2025/07/WildflowerBag-2.png,,,,"0.25 lb - Covers 1,000 Sq Ft | 0.5 lb - Covers 2,000 Sq Ft | 1 lb - Covers 4,000 Sq Ft",W-LUMI-1-LB-KIT | W-LUMI-0.5-LB-KIT | W-LUMI-0.25-LB,$99.99 | $52.94 | $29.41,Full Sun,1/8 inch—cover lightly,7,https://naturesseed.com/products/wildflower-seed/yellow-lupine/
452749,W-ACLA,Western Yarrow Seed,variable,"All Seed, California Collection, Native Wildflower Seed &amp; Seed Mixes, Specialty Seed",new,,,,,,,,"specialty seed, california collection, native wildflower seed &amp; seed mixes",17.64,,,xx,https://naturesseed.com/wp-content/uploads/2025/09/Achillea-millefolium.png,https://naturesseed.com/wp-content/uploads/2025/07/WildflowerBag-2.png,,,,"0.25 lb - Covers 1,000 Sq Ft | 0.5 lb - Covers 2,000 Sq Ft | 1 lb - Covers 4,000 Sq Ft",W-ACLA-1-LB-KIT | W-ACLA-0.5-LB-KIT | W-ACLA-0.25-LB,$59.99 | $31.74 | $17.64,Full Sun to Partial Shade,Surface sow (needs light; do not cover),7,https://naturesseed.com/products/wildflower-seed/western-yarrow/
452706,TURF-W-BLUE-BUNDLE,Premium Pet & Kid Friendly Bluegrass Bundle,variable,All Seed,new,,,,,,,,,199.99,,,xx,https://naturesseed.com/wp-content/uploads/2025/09/pet_bluegrass_bundle-1.png,,,,,"5 lb - Covers 1,000 Sq Ft | 10 lb - Covers 2,000 Sq Ft | 25 lb - Covers 5,000 Sq Ft",TURF-W-BLUE-BUNDLE-5-LB | TURF-W-BLUE-BUNDLE-25-LB-KIT | TURF-W-BLUE-BUNDLE-10-LB-KIT,$199.99 | $509.99 | $269.99,Full Sun to Partial Shade,1/8 to 1/4 inch deep,15,https://naturesseed.com/product/premium-pet-kid-friendly-bluegrass-bundle/
452646,W-DIAUA,Bush Monkeyflower Seed,variable,"All Seed, California Collection, Native Wildflower Seed &amp; Seed Mixes, Specialty Seed",new,,,,,,,,"specialty seed, california collection, native wildflower seed &amp; seed mixes",19.99,,,xx,https://naturesseed.com/wp-content/uploads/2025/09/Bush-Monkeyflower.png,https://naturesseed.com/wp-content/uploads/2025/07/WildflowerBag-2.png,,,,"0.25 lb - Covers 1,000 Sq Ft | 0.5 lb - Covers 2,000 Sq Ft | 1 lb - Covers 4,000 Sq Ft",W-DIAUA-1-LB-KIT | W-DIAUA-0.5-LB-KIT | W-DIAUA-0.25-LB,$67.99 | $35.98 | $19.99,Full Sun to Partial Shade ,Surface sow (very fine seed; needs light to germinate) ,7,https://naturesseed.com/products/wildflower-seed/bush-monkeyflower/
452626,TURF-W-TALL-BUNDLE,Pet & Kid Friendly Low-Maintenance Fescue Lawn Bundle,variable,"Lawn Seed, All Seed, Drought-Tolerant Seed",new,,,,,,,,"lawn seed, drought-tolerant seed",159.99,,,xx,https://naturesseed.com/wp-content/uploads/2025/09/pet_fescue_bundle-1.png,,,,,"5 lb - Covers 1,000 Sq Ft | 10 lb - Covers 2,000 Sq Ft | 25 lb - Covers 5,000 Sq Ft",TURF-W-TALL-BUNDLE-5-LB-KIT | TURF-W-TALL-BUNDLE-25-LB-KIT | TURF-W-TALL-BUNDLE-10-LB-KIT,$159.99 | $309.99 | $189.99,Full Sun to Partial Shade,1/8 to 1/4 inch,15,https://naturesseed.com/product/bundle/pet-kid-friendly-fescue-lawn-bundle/
452633,W-SIBE,Blue-Eyed Grass Seed,variable,"All Seed, California Collection, Native Wildflower Seed &amp; Seed Mixes, Specialty Seed",new,,,,,,,,"specialty seed, california collection, native wildflower seed &amp; seed mixes",50.58,,,xx,https://naturesseed.com/wp-content/uploads/2025/09/Western-Blue-eyed-Grass.png,https://naturesseed.com/wp-content/uploads/2025/07/WildflowerBag-2.png,,,,"0.25 lb - Covers 2,000 Sq Ft | 0.5 lb - Covers 4,000 Sq Ft | 1 lb - Covers 8,000 Sq Ft",W-SIBE-1-LB-KIT | W-SIBE-0.5-LB-KIT | W-SIBE-0.25-LB,$171.99 | $91.04 | $50.58,Full Sun to Partial Shade ,Surface to 1/8 inch (needs light to germinate) ,7,https://naturesseed.com/products/wildflower-seed/blue-eyed-grass/
452364,PG-TRRE,White Clover Seed,variable,"All Seed, Clover Seed, Cover Crop Seed, Pasture Seed, Specialty Seed","Best Seller, new","White clover (Trifolium repens) is one of the most valuable and versatile plants you can add to your pasture, lawn, or food plot. This low-growing perennial legume is prized worldwide for its ability to naturally enrich soil through nitrogen fixation, reducing the need for synthetic fertilizer and boosting the growth of surrounding grasses. White clover forms a dense, spreading mat of foliage that can reach up to 12 inches in height, making it an ideal ground cover for erosion control, weed suppression, and improving soil health over time.",,"White clover (Trifolium repens) is one of the most valuable and versatile plants you can add to your pasture, lawn, or food plot. This low-growing perennial legume is prized worldwide for its ability to naturally enrich soil through nitrogen fixation, reducing the need for synthetic fertilizer and boosting the growth of surrounding grasses. White clover forms a dense, spreading mat of foliage that can reach up to 12 inches in height, making it an ideal ground cover for erosion control, weed suppression, and improving soil health over time.",,,,,"cover crop seed, pasture seed, best seller, specialty seed, clover seed",34.99,,,xx,https://naturesseed.com/wp-content/uploads/2025/09/White-Clover.png,https://naturesseed.com/wp-content/uploads/2025/07/WildflowerBag-2.png,,,,"5 lb - Covers 10,000 Sq Ft | 10 lb - Covers 20,000 Sq Ft | 50 lb - Covers 100,000 Sq Ft",PG-TRRE-50-LB-KIT | PG-TRRE-5-LB | PG-TRRE-10-LB-KIT,$296.99 | $34.99 | $62.99,Full Sun to Partial Shade,1/8 to 1/4 inch,7,https://naturesseed.com/products/clover-seed/white-clover/
451810,S-DUTCH-5-LB-ADDON,"White Dutch Clover Soil & Grass Health Boost - 5lb for 10,000 Sq ft.",simple,All Seed,new,,,,,,,,,34.99,34.99,5.0,xx,https://naturesseed.com/wp-content/uploads/2025/07/s-trre1_1.jpg,,,,,,,,,,7,https://naturesseed.com/product/white-dutch-clover-soil-grass-health-boost-5lb-for-10000-sq-ft/
450588,S-RICE-25-LB-ADDON,"Rice Hulls: Improve Seed Contact, Germination & Hold Moisture",simple,All Seed,,,,,,,,,,69.99,69.99,25.0,xx,https://naturesseed.com/wp-content/uploads/2025/08/Rice-Hulls-Bag.png,,,,,,,,,,7,https://naturesseed.com/products/planting-aids/rice-hulls-improve-seed-contact-germination-hold-moisture/
447115,TURF-W-SS,Sun and Shade Grass Seed Mix,variable,"All Seed, Drought-Tolerant Seed, Lawn Seed, Northern Lawn, Transitional Lawn, TWCA - Water-Wise Lawn","Fescue Grass Seed, grass seed, Great Lakes / New England, Great Lakes / New England Planting Region, kentucky bluegrass seed, kentucky bluegrass seeds, mix, new, northeast, seed blend","Sun and Shade Grass Seed Mix is a balanced blend of Kentucky Bluegrass, creeping red fescue, and perennial ryegrass designed to perform across the full range of light conditions — from full-sun open lawns to partially shaded areas under trees and along building foundations. Most lawns have both, and this blend adapts to them all.
Kentucky Bluegrass provides the fine-textured, dense turf that self-repairs through underground rhizomes. Fine fescues thrive in shade and low-fertility soils where bluegrass struggles. Perennial ryegrass germinates in as few as 5–7 days, providing quick cover while the slower species establish. Together, they create a resilient, self-balancing lawn that fills in naturally based on where each species performs best in your yard.
This blend is expertly proportioned for the Northeast, Mid-Atlantic, and Upper Midwest — regions with humid summers and cold winters where a diverse mix outperforms single-species plantings. Seed in early fall for optimal establishment. Our mix is filler-free, independently tested, and backed by Nature's Seed's germination guarantee.","Conquer the shady, humid climate of the American Northeast with this special mix of Kentucky bluegrass and fescue seed. Together these grasses provide quick establishment and a beautiful, dark green lawn anywhere in this area of the country.","Sun and Shade Grass Seed Mix is a balanced blend of Kentucky Bluegrass, creeping red fescue, and perennial ryegrass designed to perform across the full range of light conditions — from full-sun open lawns to partially shaded areas under trees and along building foundations. Most lawns have both, and this blend adapts to them all.","Kentucky Bluegrass provides the fine-textured, dense turf that self-repairs through underground rhizomes. Fine fescues thrive in shade and low-fertility soils where bluegrass struggles. Perennial ryegrass germinates in as few as 5–7 days, providing quick cover while the slower species establish. Together, they create a resilient, self-balancing lawn that fills in naturally based on where each species performs best in your yard.","This blend is expertly proportioned for the Northeast, Mid-Atlantic, and Upper Midwest — regions with humid summers and cold winters where a diverse mix outperforms single-species plantings. Seed in early fall for optimal establishment. Our mix is filler-free, independently tested, and backed by Nature's Seed's germination guarantee.",,,"grass seed, great lakes / new england planting region, lawn seed, northeast, seed blend, twca - water-wise lawn, drought-tolerant seed, great lakes / new england, fescue grass seed, kentucky bluegrass seed, mix, transitional lawn, kentucky bluegrass seeds, northern lawn",39.99,,0,xx,https://naturesseed.com/wp-content/uploads/2025/07/st-augustine-grass-lawn-scaled-1.jpeg,https://naturesseed.com/wp-content/uploads/2025/07/LawnbagsTWCA.webp,,,,"5 lb - Covers 1,000 Sq Ft | 10 lb - Covers 2,000 Sq Ft | 25 lb - Covers 5,000 Sq Ft",TURF-W-SS-10-LB-KIT | TURF-W-SS-25-LB-KIT | TURF-W-SS-5-LB,$69.99 | $149.99 | $39.99,Full Sun to Partial Shade,1/8″ – 1/4″,7,https://naturesseed.com/products/grass-seed/twca-water-wise-sun-shade-mix/
445379,CV-CHM,California Habitat Mix,variable,"All Seed, California Collection, Specialty Seed",new,,,,,,,,"specialty seed, california collection",323.53,,0,xx12,https://naturesseed.com/wp-content/uploads/2025/07/habitat-mix.jpg,https://naturesseed.com/wp-content/uploads/2025/07/NS-Conservation-Seed-Large-bag-Back.jpg,,,,"5 lb - Covers 20,000 Sq Ft | 10 lb - Covers 20,000 Sq Ft | 25 lb - Covers 50,000 Sq Ft | 50 lb - Covers 100,000 Sq Ft",CV-CHM-50-LB-KIT | CV-CHM-25-LB-KIT | PB-CHM-5-LB | PB-CHM-50-LB | PB-CHM-10-LB,$2749.99 | $1455.88 | $323.53 | $3399.99 | $1799.99,Full Sun to Partial Shade,0.25 inches,7,https://naturesseed.com/products/grass-seed/california-habitat-mix/
445362,CV-CNEC,California Native Erosion Control Mix,variable,"Specialty Seed, All Seed, California Collection",new,,,,,,,,"specialty seed, california collection",205.88,,0,xx2,https://naturesseed.com/wp-content/uploads/2025/07/shutterstock_2497091527-scaled-1.jpg,https://naturesseed.com/wp-content/uploads/2025/07/baseroconnativemx_3months__1_-wr_1.jpg,https://naturesseed.com/wp-content/uploads/2025/07/NS-Conservation-Seed-Large-bag.jpg,https://naturesseed.com/wp-content/uploads/2025/07/NS-Conservation-Seed-Large-bag-Back.jpg,https://naturesseed.com/wp-content/uploads/2025/07/california.png,"5 Lbs - 20,000 Sq Ft | 25 Lbs - 40,000 Sq Ft | 50 Lbs 100,000 Sq Ft",CV-CNEC-50-LB-KIT | CV-CNEC-5-LB | CV-CNEC-25-LB-KIT | PB-CNEC-1-LB | PB-CNEC-50-LB | PB-CNEC-10-LB,$1749.99 | $205.88 | $926.47 | $223.99 | $1057.99 | $1997.99,Full Sun to Partial Shade,1/4 inch,7,https://naturesseed.com/products/specialty-seed/california-native-erosion-control-mix/
445361,S-AGPA8,Thingrass (California Bentgrass),variable,"All Seed, California Collection, Specialty Seed",new,,,,,,,,"specialty seed, california collection",107.05,,0,xx,https://naturesseed.com/wp-content/uploads/2025/07/Agrostis_pallens_turf-1.jpg,https://naturesseed.com/wp-content/uploads/2025/05/Bluegrass-Water-Wise-Lawn-Mix-bag.jpg,https://naturesseed.com/wp-content/uploads/2025/07/Thingrass.png,,,"1 lb - Covers 200 Sq Ft | 2 lb - Covers 400 Sq Ft | 10 lb - Covers 2,000 Sq Ft",S-AGPA8-2-LB-KIT | S-AGPA8-10-LB-KIT | S-AGPA8-1-LB,$192.68 | $909.99 | $107.05,Full Sun to Partial Shade,1/8 to 1/4 inch,7,https://naturesseed.com/products/grass-seed/thingrass/
445360,TURF-NFF,California Native Grass Seed Mix,variable,"All Seed, California Collection, Lawn Seed, Specialty Seed",new,,,,,,,,"specialty seed, lawn seed, california collection",230.58,,0,xx,https://naturesseed.com/wp-content/uploads/2025/07/native-mow-free.jpg,https://naturesseed.com/wp-content/uploads/2025/07/NS-Conservation-Seed-Large-bag-Back.jpg,,,,"1 lb - Covers 500 Sq Ft | 3 lb - Covers 1,000 Sq Ft | 5 lb - Covers 2,000 Sq Ft | 25 lb - Covers 10,000 Sq Ft | 50 lb - Covers 25,000 Sq Ft",TURF-NFF-50-LB-KIT | TURF-NFF-25-LB-KIT | TURF-NFF-500-F | TURF-NFF-1500-F | TURF-NFF-5-LB,$1959.99 | $1037.59 | $284.99 | $2549.99 | $230.58,Full Sun to Partial Shade,1/8–1/4 inch deep,7,https://naturesseed.com/products/grass-seed/california-native-lawn-alternative-mix/
445349,WB-CCN,Coastal California Wildflower Seed Mix,variable,"All Seed, California Collection, Native Wildflower Seed &amp; Seed Mixes","Best Seller, new","The Coastal California Wildflower Mix brings together native wildflower species specifically adapted to California's coastal climate: cool summers, mild winters, salt-laden air, and the lean, sandy or clay soils common to coastal bluffs and hillsides. Every species in this blend is tested for performance in coastal conditions — not just California overall, but the specific challenge of the coastal zone.
The mix includes a rich diversity of annual and perennial natives that bloom in succession from early spring through summer, providing a continuous color display and a reliable nectar source for native bees, butterflies, and hummingbirds. Species are selected to reseed naturally and build in density over time, reducing maintenance needs each season.
Ideal for coastal home gardens, restoration projects, and Cal Fire defensible space zones. Seed in fall (October–December) to take advantage of winter rains for natural germination. Our blend is collected from California ecotypes where possible, expertly tested for coastal adaptability, and packaged filler-free for pure, predictable results.","A stunning blend of California coastal native wildflowers selected for drought tolerance, salt spray resistance, and year-round bloom interest. Brings vibrant color to coastal gardens, roadsides, and restoration sites while supporting native bees and pollinators.","The Coastal California Wildflower Mix brings together native wildflower species specifically adapted to California's coastal climate: cool summers, mild winters, salt-laden air, and the lean, sandy or clay soils common to coastal bluffs and hillsides. Every species in this blend is tested for performance in coastal conditions — not just California overall, but the specific challenge of the coastal zone.","The mix includes a rich diversity of annual and perennial natives that bloom in succession from early spring through summer, providing a continuous color display and a reliable nectar source for native bees, butterflies, and hummingbirds. Species are selected to reseed naturally and build in density over time, reducing maintenance needs each season.","Ideal for coastal home gardens, restoration projects, and Cal Fire defensible space zones. Seed in fall (October–December) to take advantage of winter rains for natural germination. Our blend is collected from California ecotypes where possible, expertly tested for coastal adaptability, and packaged filler-free for pure, predictable results.",,,"best seller, california collection, native wildflower seed &amp; seed mixes",37.63,,0,xx18,https://naturesseed.com/wp-content/uploads/2025/07/CaliforniaCoastalMix.png,https://naturesseed.com/wp-content/uploads/2025/07/WildflowerBag-2.png,https://naturesseed.com/wp-content/uploads/2025/07/California-Coastal-WF.png,,,"0.25 lb - Covers 500 Sq Ft | 0.5 lb - Covers 1,000 Sq Ft | 1 lb - Covers 2,000 Sq Ft | 5 lb - Covers 10,000 Sq Ft",WB-CCN-0.5-LB | WB-CCN-1-LB-KIT | WB-CCN-5-LB-KIT | WB-CCN-2000-F | WB-CCN-500-F,$37.63 | $67.74 | $319.99 | $424.99 | $224.99,Full Sun,Surface-sow or cover with only 1/8 inch of soil,7,https://naturesseed.com/products/wildflower-seed/california-coastal-native-wildflower-mix/
445347,W-ASFA,Narrowleaf Milkweed Seed,variable,"All Seed, Native Wildflower Seed &amp; Seed Mixes, California Collection","Narrow leaf milkweed, Narrow leaf milkweed seeds, Narrowleaf milkweed, new","Narrowleaf Milkweed is the native milkweed of choice for most of the Western United States. Unlike Tropical Milkweed (Asclepias curassavica), which can disrupt Monarch migration patterns, Narrowleaf Milkweed is a true native perennial that goes dormant in winter — naturally cuing Monarchs to continue their migration south. Planting native milkweed is one of the most impactful things you can do for Monarch butterfly conservation.
Beyond Monarchs, Narrowleaf Milkweed's small pink and white flower clusters are rich in nectar and attract a wide range of native bees, beetles, and other beneficial insects. It spreads slowly by underground rhizomes to form a naturalized colony over time, providing reliable, low-maintenance pollinator habitat that improves each year.
Native to California, Oregon, Washington, Nevada, and neighboring western states. Thrives in well-drained soils, full sun, and is highly drought tolerant once established. Direct sow in fall for natural cold stratification, or cold-stratify seed for 30 days before spring planting. Our pure seed is sourced from Western U.S. ecotypes for the best regional adaptation.","Narrowleaf Milkweed (Asclepias fascicularis) is the essential Western U.S. host plant for Monarch butterflies. Plant it to support Monarch migration, provide nectar for native bees, and restore native pollinator habitat in your garden or landscape.","Narrowleaf Milkweed is the native milkweed of choice for most of the Western United States. Unlike Tropical Milkweed (Asclepias curassavica), which can disrupt Monarch migration patterns, Narrowleaf Milkweed is a true native perennial that goes dormant in winter — naturally cuing Monarchs to continue their migration south. Planting native milkweed is one of the most impactful things you can do for Monarch butterfly conservation.","Beyond Monarchs, Narrowleaf Milkweed's small pink and white flower clusters are rich in nectar and attract a wide range of native bees, beetles, and other beneficial insects. It spreads slowly by underground rhizomes to form a naturalized colony over time, providing reliable, low-maintenance pollinator habitat that improves each year.","Native to California, Oregon, Washington, Nevada, and neighboring western states. Thrives in well-drained soils, full sun, and is highly drought tolerant once established. Direct sow in fall for natural cold stratification, or cold-stratify seed for 30 days before spring planting. Our pure seed is sourced from Western U.S. ecotypes for the best regional adaptation.",,,"narrow leaf milkweed seeds, narrow leaf milkweed, narrowleaf milkweed, california collection, native wildflower seed &amp; seed mixes",100.99,,,xx20,https://naturesseed.com/wp-content/uploads/2025/07/Asclepias-fascicularis.png,https://naturesseed.com/wp-content/uploads/2025/07/wildflower_pouch_mockup_11.jpg,https://naturesseed.com/wp-content/uploads/2025/07/shutterstock_2511168317-scaled-1.jpg,,,"0.25 lb - Covers 10,000 Sq Ft | 0.5 lb - Covers 20,000 Sq Ft | 1 lb - Covers 40,000 Sq Ft",W-ASFA-1-LB-KIT | W-ASFA-0.5-LB-KIT | W-ASFA-0.25-LB | W-ASFA-N-1-LB | W-ASFA-N-0.25-LB | W-ASFA-N-0.5-LBS,$315.89 | $158.39 | $100.99 | $603 | $214.58 | $99.99,Full Sun to Partial Shade,1/8 inch,7,https://naturesseed.com/products/wildflower-seed/narrowleaf-milkweed/
445346,S-MICRO,Micro Clover Seed (Mini Clover),variable,"All Seed, Clover Seed","Best Seller, micro clover lawn seed, micro clover seeds, microclover seed, microclover seeds, new",,"Many years of natural selection have resulted in revolutionary micro-clovers with all the benefits of traditional clover packed into very tiny leaves. Microclover® “spoon feeds” nitrogen to the grass, producing a healthy, dense and naturally green lawn. Helps out-compete weeds, and keeps grass green all season long.

All the benefits of traditional white clover packed into very tiny leaves.
Tolerates closer mowing than standard white clover.
Acts as a natural source of fertilizer.
Comes coated a",,,,,,"best seller, microclover seeds, micro clover seeds, micro clover lawn seed, microclover seed, clover seed",44.99,,,xx4,https://naturesseed.com/wp-content/uploads/2025/07/microclover-2.png,https://naturesseed.com/wp-content/uploads/2025/07/clover_pouch_mockup.jpg,,,,"0.5 lb - Covers 500 Sq Ft | 1 lb - Covers 1,000 Sq Ft | 2 lb - Covers 2,000 Sq Ft | 5 lb - Covers 5,000 Sq Ft",S-MICRO-5-LB-KIT | S-MICRO-2-LB-KIT | S-MICRO-1-LB | S-MICRO-5000-F | S-MICRO-500-F,$189.99 | $79.99 | $44.99 | $218.75 | $21.88,Full sun,≈1/8 inch; not deeper than 1/4 inch,7,https://naturesseed.com/products/clover-seed/microclover/
445329,S-TACKI,M-Binder Tackifier-Soil Stabilizer,variable,"All Seed, Planting Aids",Planting Aids,"M-Binder tackifier is a botanical glue used in hydroseeding, to stabilize soils and for dust control. Derived from the seed of the plantego plant (Plantago insularis), M-Binder is 100% organic, non-toxic and biodegradable. Use anywhere you need to “tack” down seed, straw or mulch, or to control dust and erosion. Works great for revegetation and restoration projects, fire rehabilitation, landscaping and beautification.
Application
M-Binder may be applied as a dry powder or as wet slurry to dry or wet surfaces. It may even be applied during rain. It does not require set-up or drying time because when it is wet it is a heavy muciloid material and when dry it is a firm but rewettable membrane.
Application Rates
General Use: 60-140 lbs. per acre (approx. 1.5 - 3.25 lbs./1000 sq. ft.)
Mixed with Wood Fiber or Paper Mulch: 80-100 lbs. per acre
Dust Control Applications: 150-200 lbs. per acre",,"M-Binder tackifier is a botanical glue used in hydroseeding, to stabilize soils and for dust control. Derived from the seed of the plantego plant (Plantago insularis), M-Binder is 100% organic, non-toxic and biodegradable. Use anywhere you need to “tack” down seed, straw or mulch, or to control dust and erosion. Works great for revegetation and restoration projects, fire rehabilitation, landscaping and beautification.",Application,M-Binder may be applied as a dry powder or as wet slurry to dry or wet surfaces. It may even be applied during rain. It does not require set-up or drying time because when it is wet it is a heavy muciloid material and when dry it is a firm but rewettable membrane.,Application Rates,General Use: 60-140 lbs. per acre (approx. 1.5 - 3.25 lbs./1000 sq. ft.),planting aids,119.99,,50,xx,https://naturesseed.com/wp-content/uploads/2025/07/m-binder-mulch-tackifier-soil-stabilizer_1.jpg,,,,,50 Lbs,S-TACKI-50-LB,$119.99,Full Sun to Partial Shade,N/A – Surface applied over seed,7,https://naturesseed.com/products/planting-aids/m-binder-tackifier-soil-stabilizer/
445310,WB-RM,Rocky Mountain Wildflower Seed Mix,variable,"All Seed, Native Wildflower Seed &amp; Seed Mixes","Great Plains Planting Region, Intermountain West Planting Region, new, Regional Wildflower Mixes, Southwest Transitional Planting Region, Staff Pick","Our Rocky Mountain Wildflower seed mix is custom designed for mountain elevations in the Western United States with greater than 15 inches of annual rainfall (see distribution map). We thoughtfully selected wildflowers that are appropriate to this area and that provide a variety of bold and delicate blossoms; with both early and late blooming wildflowers for color through the growing season. This mix has been designed with an emphasis on native wildflowers and with special attention to balanced percentages of annuals and perennials. Additionally, this mix is designed to be adaptable to a wide range of conditions within the geographic region shown on the distribution map.",Our Rocky Mountain Wildflower seed mix is custom designed for mountain elevations in the Western United States with greater than 15 inches of annual rainfall (see distribution map). We thoughtfully selected wildflowers that are appropriate to this area and that provide a variety of bold and delicate blossoms; with both early and late blooming wildflowers for color through the growing season. This mix has been designed with an emphasis on native wildflowers and with special attention to balanced ,"Our Rocky Mountain Wildflower seed mix is custom designed for mountain elevations in the Western United States with greater than 15 inches of annual rainfall (see distribution map). We thoughtfully selected wildflowers that are appropriate to this area and that provide a variety of bold and delicate blossoms; with both early and late blooming wildflowers for color through the growing season. This mix has been designed with an emphasis on native wildflowers and with special attention to balanced percentages of annuals and perennials. Additionally, this mix is designed to be adaptable to a wide range of conditions within the geographic region shown on the distribution map.",,,,,"southwest transitional planting region, staff pick, regional wildflower mixes, great plains planting region, native wildflower seed &amp; seed mixes, intermountain west planting region",29.99,,0,xx6,https://naturesseed.com/wp-content/uploads/2025/07/shutterstock_292137011-scaled-1.jpg,https://naturesseed.com/wp-content/uploads/2025/07/wildflower_pouch_mockup_11.jpg,,,,"0.25 lb - Covers 500 Sq Ft | 0.5 lb - Covers 1,000 Sq Ft | 1 lb - Covers 2,000 Sq Ft | 5 lb - Covers 10,000 Sq Ft",WB-RM-5-LB-KIT | WB-RM-1-LB-KIT | WB-RM-0.5-LB | WB-RM | WB-RM | WB-RM-500-F,$129.99 | $49.99 | $29.99 | $28.99 | $134.99 | $254.99,Full Sun to Partial Shade,1/8″–1/4″,7,https://naturesseed.com/products/wildflower-seed/rocky-mountain-wildflower-mix/
445275,PB-SHEP-TR,Transitional Zone Sheep Pasture Mix,variable,"Pasture Seed, All Seed, Drought-Tolerant Seed, Sheep Pastures, Transitional Zone Pasture Seeds &amp; Seed Mixes",new,"Transitional Sheep Forage Mix blends tall fescue, birdsfoot trefoil, chicory, orchardgrass, Kentucky bluegrass, and white clover for drought-tolerant, high-protein pasture in Southern U.S. zones. Designed for low-maintenance grazing, erosion control, and enhanced wildlife/pollinator habitat, ideal for rotational grazing",,"Transitional Sheep Forage Mix blends tall fescue, birdsfoot trefoil, chicory, orchardgrass, Kentucky bluegrass, and white clover for drought-tolerant, high-protein pasture in Southern U.S. zones. Designed for low-maintenance grazing, erosion control, and enhanced wildlife/pollinator habitat, ideal for rotational grazing",,,,,"pasture seed, sheep pastures, transitional zone pasture seeds &amp; seed mixes, drought-tolerant seed",39.99,,10,xx,https://naturesseed.com/wp-content/uploads/2025/07/TSHEEP.webp,https://naturesseed.com/wp-content/uploads/2025/07/Pasture-seed-bag-3.webp,,,,"10 lb - Covers 20,000 Sq Ft | 20 lb - Covers 40,000 Sq Ft | 50 lb - Covers 100,000 Sq Ft",PB-SHEP-TR-20-LB-KIT | PB-SHEP-TR-50-LB-KIT | PB-SHEP-TR-10-LB,$69.99 | $159.99 | $39.99,Full Sun to Partial Shade,1/8 to 1/4 inch,15,https://naturesseed.com/products/pasture-seed/sheep-pasture-forage-mix-transitional/
445267,PB-GOAT-TR,Goat Pasture &amp; Forage Mix,variable,"Pasture Seed, All Seed, Drought-Tolerant Seed, Goat Pasture Seed","new, Staff Pick","A premium 13-species goat pasture seed blend designed to work across most U.S. regions. Combines deep-rooted chicory, alfalfa, and birdsfoot trefoil with hardy grasses like tall fescue, orchardgrass, perennial ryegrass, and bermuda grass. Formulated for nutritious, bloat-safe grazing that supports healthy weight gain, milk production, and natural internal parasite control.","A premium pasture and forage blend expertly formulated for goats, sheep, and other small ruminants. Combines high-palatability grasses and legumes for optimal browse nutrition, reducing supplement costs and improving herd health.","A premium 13-species goat pasture seed blend designed to work across most U.S. regions. Combines deep-rooted chicory, alfalfa, and birdsfoot trefoil with hardy grasses like tall fescue, orchardgrass, perennial ryegrass, and bermuda grass. Formulated for nutritious, bloat-safe grazing that supports healthy weight gain, milk production, and natural internal parasite control.",,,,,"pasture seed, staff pick, goat pasture seed, drought-tolerant seed",49.99,,10,xx,https://naturesseed.com/wp-content/uploads/2025/07/TGOAT.webp,https://naturesseed.com/wp-content/uploads/2025/07/Pasture-seed-bag-2.webp,,,,"10 lb - Covers 20,000 Sq Ft | 20 lb - Covers 40,000 Sq Ft | 50 lb - Covers 100,000 Sq Ft",PB-GOAT-TR-10-LB | PB-GOAT-TR-20-LB-KIT | PB-GOAT-TR-50-LB-KIT,$49.99 | $79.99 | $209.99,Full Sun to Partial Shade,1/4 inch,7,https://naturesseed.com/products/pasture-seed/goat-pasture-forage-mix-transitional/
445161,CV-NEC,Dryland Revegetation &amp; Erosion Control Seed Mix,variable,"All Seed, Drought-Tolerant Seed, Pasture Seed",new,"The Native Dryland & Erosion Control Mix is a rugged, cool-season blend of native grasses designed specifically for dry, low-rainfall environments where erosion control and soil stabilization are a top priority. Containing Canada Wildrye, Virginia Wildrye, Slender Wheatgrass, and Western Wheatgrass, this mix excels in semi-arid regions, upland slopes, and disturbed soils, offering quick establishment, long-term durability, and strong ecological benefits.
Ideal for everything from rangeland restoration to infrastructure projects, this mix combines fast-growing pioneer species with deep-rooted, sod-forming natives that protect and rebuild the land naturally. Whether you're preventing runoff on a dry hillside or reclaiming a disturbed site, the Native Dryland Mix gives you the soil-holding power and resilience you need.

Key Benefits:
Native Erosion Control


Dense root systems from Western Wheatgrass and Virginia Wildrye anchor soil effectively, even on slopes and in poor soils.


Slender Wheatgrass and Canada Wildrye establish rapidly, providing early-season cover to minimize wind and water erosion.


Built for Dryland Conditions


Thrives in low-moisture, nutrient-poor, and lightly compacted soils across the western and central U.S.


Withstands drought, heat, and grazing pressure once established, ensuring long-term persistence.


Quick Establishment with Long-Term Stability


Delivers both short- and long-term erosion control by combining quick germinators with persistent sod-formers.


Provides a gradual, sustainable transition from temporary cover to permanent native ground cover.


Supports Biodiversity and Soil Health


Provides habitat and forage for native wildlife, pollinators, and beneficial insects.


Encourages deeper soil development and suppresses weed competition through healthy ground cover.



What's in the Mix:


Canada Wildrye (Elymus canadensis) – Fast-growing bunchgrass that helps stabilize disturbed soils quickly.


Virginia Wildrye (Elymus vir",,"Dense root systems from Western Wheatgrass and Virginia Wildrye anchor soil effectively, even on slopes and in poor soils.","Slender Wheatgrass and Canada Wildrye establish rapidly, providing early-season cover to minimize wind and water erosion.","Thrives in low-moisture, nutrient-poor, and lightly compacted soils across the western and central U.S.","Withstands drought, heat, and grazing pressure once established, ensuring long-term persistence.",Delivers both short- and long-term erosion control by combining quick germinators with persistent sod-formers.,"pasture seed, drought-tolerant seed",99.99,,,xx,https://naturesseed.com/wp-content/uploads/2025/07/shutterstock_1899867934-scaled-1.jpg,https://naturesseed.com/wp-content/uploads/2025/07/NS-Conservation-Seed-Large-bag.jpg,https://naturesseed.com/wp-content/uploads/2025/07/NS-Conservation-Seed-Large-bag-Back.jpg,,,"10 lb - Covers 20,000 Sq Ft | 20 lb - Covers 40,000 Sq Ft | 50 lb - Covers 100,000 Sq Ft",CV-NEC-50-LB-KIT | CV-NEC-20-LB-KIT | CV-NEC-10-LB,$429.99 | $179.99 | $99.99,Full sun to partial shade,1/8–1/4 inch,7,https://naturesseed.com/products/specialty-seed/native-dryland-erosion-control-mix/
445160,CV-CNFW,California Native Fire-Resistant Seed Mix,variable,"All Seed, California Collection, Specialty Seed",new,"The California Native Fire-Wise Mix combines regionally-tested native species chosen specifically for their low fuel load, drought resilience, and ability to thrive in California's fire-prone landscapes. Every species in this blend is selected to reduce ignition risk while maintaining a living, beautiful groundcover.
These low-growing natives stay succulent and moisture-retentive even in summer drought — the opposite of the dry, fine-fuel grasses that carry wildfire. The mix includes flowering groundcovers and natives that support local pollinators and wildlife, making your defensible space both safer and ecologically valuable.
Expertly blended for California and Western U.S. conditions. Ideal for slopes, roadsides, wildland-urban interface (WUI) properties, and any homeowner looking to create a lower-risk, low-water landscape that still looks beautiful through the growing season.","A California native wildflower and groundcover mix selected for fire resistance, drought tolerance, and year-round beauty. Ideal for WUI properties, hillsides, and fire-prone landscapes across the Western U.S.","The California Native Fire-Wise Mix combines regionally-tested native species chosen specifically for their low fuel load, drought resilience, and ability to thrive in California's fire-prone landscapes. Every species in this blend is selected to reduce ignition risk while maintaining a living, beautiful groundcover.","These low-growing natives stay succulent and moisture-retentive even in summer drought — the opposite of the dry, fine-fuel grasses that carry wildfire. The mix includes flowering groundcovers and natives that support local pollinators and wildlife, making your defensible space both safer and ecologically valuable.","Expertly blended for California and Western U.S. conditions. Ideal for slopes, roadsides, wildland-urban interface (WUI) properties, and any homeowner looking to create a lower-risk, low-water landscape that still looks beautiful through the growing season.",,,"specialty seed, california collection",382.35,,,xx,https://naturesseed.com/wp-content/uploads/2025/07/FirewiseMix.png,https://naturesseed.com/wp-content/uploads/2025/07/DSC00378-scaled-1.jpg,https://naturesseed.com/wp-content/uploads/2025/07/california-1.jpg,,,"5 lb - Covers 10,000 Sq Ft | 10 lb - Covers 20,000 Sq Ft | 20 lb - Covers 40,000 Sq Ft",CV-CNFW-5-LB | CV-CNFW-20-LB-KIT | CV-CNFW-10-LB-KIT,$382.35 | $1299.99 | $688.24, Full Sun,1/8 – 1/4 inch dee,7,https://naturesseed.com/products/specialty-seed/california-fire-wise-mix/
445159,CV-BGEC,Prairie Native Drought-Tolerant &amp; Erosion Control Mix,variable,"All Seed, Drought-Tolerant Seed, Pasture Seed",new,,,,,,,,"pasture seed, drought-tolerant seed",199.99,,,xx,https://naturesseed.com/wp-content/uploads/2025/07/shutterstock_2560459105-scaled-1.jpg,https://naturesseed.com/wp-content/uploads/2025/07/NS-Conservation-Seed-Large-bag.jpg,https://naturesseed.com/wp-content/uploads/2025/07/NS-Conservation-Seed-Large-bag-Back.jpg,,,"10 Lbs - 20,000 Sq Ft | 20 Lbs - 40,000 | 50 Lbs - 100,000",CV-BGEC-10-LB | CV-BGEC-20-LB-KIT | CV-BGEC-50-LB-KIT,$199.99 | $349.99 | $899.99,Full Sun,1/8 to 1/4 inch,7,https://naturesseed.com/products/specialty-seed/big-four-native-erosion-control-mix-2/
445142,TURF-W-BLUE,Kentucky Bluegrass Seed Mix,variable,"All Seed, Drought-Tolerant Seed, Lawn Seed, Northern Lawn, Sports Turf/High Traffic, TWCA - Water-Wise Lawn","grass seed, Great Lakes / New England, Great Lakes / New England Planting Region, Great Plains, Great Plains Planting Region, Intermountain West, Intermountain West Planting Region, kentucky bluegrass seed, lawns, Mid-West / Mid-Atlantic, Mid-West / Mid-Atlantic Planting Region, new, Pacific Southwest, Pacific Southwest Planting Region, Southwest Transitional, Southwest Transitional Planting Region, Staff Pick",,,,,,,,"sports turf/high traffic, lawn seed, twca - water-wise lawn, intermountain west, southwest transitional planting region, great lakes / new england, mid-west / mid-atlantic planting region, grass seed, great lakes / new england planting region, pacific southwest planting region, staff pick, drought-tolerant seed, mid-west / mid-atlantic, pacific southwest, great plains, great plains planting region, kentucky bluegrass seed, lawns, intermountain west planting region, southwest transitional, northern lawn",84.99,,0,xx,https://naturesseed.com/wp-content/uploads/2025/07/KentuckyBluegrass-1.png,https://naturesseed.com/wp-content/uploads/2025/07/LawnbagsTWCA.webp,,,,"5 lb - Covers 1,000 Sq Ft | 10 lb - Covers 2,000 Sq Ft | 25 lb - Covers 5,000 Sq Ft",TURF-W-BLUE-5-LB | TURF-W-BLUE-10-LB-KIT | TURF-W-BLUE-25-LB-KIT,$84.99 | $149.99 | $359.99,Full Sun to Partial Shade,1/8 to 1/4 inch deep,7,https://naturesseed.com/products/grass-seed/water-wise-bluegrass-blend/
445123,SUSTANE-18-1-8+FE,Organic Maintenance Fertilizer 18-1-8+fe,simple,"All Seed, Planting Aids","new, Planting Aids","Suståne 18-1-8+Fe (50lb. bag)
Suståne fertilizers are the new generation in environmentally friendly plant nutrition with minimal impact on the non-target environment. Suståne 18-1-8+Fe (iron) is an organic based nitrogen fertilizer blend, ideal for top-dressing lawns, fairways and sports fields. Derived from aerobically composted turkey litter, hydrolyzed feathermeal, ammonium sulfate, iron sulfate, methylene urea, sulfate of potash and sulfur coated urea.
Provides 12-16 weeks of nutrient release
85% of total nitrogen is slow-release for dependable performance and high quality plants
Enhances soil-plant nutrient exchange
Low burn potential as nutrients are released gradually over time
Provides all primary, secondary and micronutrients required for plant growth
While traditional fertilizers supply plant growth nutrients, they do not supply the organic matter required to maintain quality growth. A balanced and naturally based fertilizer, Suståne 18-1-8+Fe is good for application at any time of year for evenly green grass during the growing season. The added iron (Fe) helps lawns maintain their optimal color during hotter summer months. Professional landscapers have increasingly turned to Suståne 18-1-8+Fe for use on high maintenance turf and landscaped environments.
Suståne 18-1-8+Fe is also an alternative to concerns over traditional lawn fertilizers being key contributors to surface and groundwater pollution. Using slow-release fertilizers, not over-fertilizing your lawn and sweeping up excess fertilizer from sidewalks and driveways can help prevent ground and surface water pollution.
NOTE: Suståne 18-1-8+Fe contains iron (Fe). In order to prevent rust stains, thoroughly sweep all concrete and stone surfaces free of excess product before irrigating.
DIRECTIONS
Top-dressing Existing Lawn. Broadcast using a seed spreader in two directions.
5.5 lbs/1000 sq. ft.",,"Suståne fertilizers are the new generation in environmentally friendly plant nutrition with minimal impact on the non-target environment. Suståne 18-1-8+Fe (iron) is an organic based nitrogen fertilizer blend, ideal for top-dressing lawns, fairways and sports fields. Derived from aerobically composted turkey litter, hydrolyzed feathermeal, ammonium sulfate, iron sulfate, methylene urea, sulfate of potash and sulfur coated urea.",Provides 12-16 weeks of nutrient release,85% of total nitrogen is slow-release for dependable performance and high quality plants,Enhances soil-plant nutrient exchange,Low burn potential as nutrients are released gradually over time,planting aids,154.99,154.99,50,xx,https://naturesseed.com/wp-content/uploads/2025/07/organic-maintenance-fertilizer-18-1-8-fe_2__1.jpg,https://naturesseed.com/wp-content/uploads/2025/07/organic-maintenance-fertilizer-18-1-8-fe_1.jpg,,,,,,,Full Sun to Partial Shade,N/A – Surface broadcast,7,https://naturesseed.com/product/organic-maintenance-fertilizer-18-1-8fe/
445122,SUSTANE-4-6-4,Organic Seed Starter Fertilizer 4-6-4,simple,"All Seed, Planting Aids",Planting Aids,"Uses
Organic Seed Starter Fertilizer 4‑6‑4 is a versatile, compost-based, slow-release blend designed as a gentle yet effective starter and maintenance fertilizer. Ideal for:


Seed starting & transplants – Perfectly balanced (4% N, 6% P, 4% K) to deliver essential nutrients and humus without burning delicate roots.


Vegetables, herbs, roots & flowers – Encourages strong root development and healthy growth from early stages .


New lawns, sod & overseeding – Ideal for turf establishment, helping seedlings flourish.


Landscaping & erosion control – Great for revegetation, native plantings, slope stabilization, and restoration projects.



What It Works Best With
Pair this fertilizer with:


Well‑prepared soil – Loosened, lightly amended substrate ensures optimal granule contact for nutrient uptake.


Organic seed starting mixes – Such as coco coir blends that support moisture control and slow nutrient release.


Appropriate moisture – Light, consistent watering helps trigger nutrient availability and supports root growth.


Organic gardening systems – Approved for certified organic production and safely used around children and pets .



How It Works


Slow-release nutrients – Provides nitrogen for foliage, phosphorus for roots, potassium for overall vigor, plus humates to improve nutrient retention and microbial activity.


Humus and organic matter – Adds ~5 % humates, enhancing cation exchange and water retention; buffers pH and suppresses pathogens .


Supports root establishment – Ideal in-furrow starter for agronomic crops, bedding plants, and lawn seed.



Guide on Using Organic Seed Starter 4‑6‑4





Scenario
Timing & Method




Seed trays or blocks
Mix into starter medium before sowing (at ~¼ tsp per 4″ pot) for steady nutrient release


Outdoor vegetable beds
Broadcast 1 cup per 10 sq ft (≈1 lb N/1,000 sq ft), dig into top 4″ before planting .


Transplants
Place ¼ cup in hole or ring around base before transplanting seedlings .


New lawns & sod
Spread 2",,"Seed starting & transplants – Perfectly balanced (4% N, 6% P, 4% K) to deliver essential nutrients and humus without burning delicate roots.","Vegetables, herbs, roots & flowers – Encourages strong root development and healthy growth from early stages .","New lawns, sod & overseeding – Ideal for turf establishment, helping seedlings flourish.","Landscaping & erosion control – Great for revegetation, native plantings, slope stabilization, and restoration projects.","Well‑prepared soil – Loosened, lightly amended substrate ensures optimal granule contact for nutrient uptake.",planting aids,119.99,119.99,50,xx,https://naturesseed.com/wp-content/uploads/2025/07/organic-seed-starter-fertilizer-4-6-4_2__1.jpg,https://naturesseed.com/wp-content/uploads/2025/07/organic-seed-starter-fertilizer-4-6-4_1.jpg,,,,,,,Full Sun to Full Shade,N/A – Surface broadcast or incorporate into top 4 inches,7,https://naturesseed.com/products/planting-aids/organic-seed-starter-fertilizer-4-6-4/
445118,TURF-W-RYE,Perennial Ryegrass Seed Mix,variable,"All Seed, Drought-Tolerant Seed, Lawn Seed, Northern Lawn, Sports Turf/High Traffic","new, perennial ryegrass seed blend",,"This blend of three varieties of turf-type Perennial Ryegrass seed is the fastest establishing grass available. It provides a quick, lush lawn in northern states or can be overseeded into warm-season grasses for wintertime green in southern states.",,,,,,"sports turf/high traffic, lawn seed, drought-tolerant seed, perennial ryegrass seed blend, northern lawn",49.99,,0,xx,https://naturesseed.com/wp-content/uploads/2025/07/PerennialRyegrass.png,https://naturesseed.com/wp-content/uploads/2025/07/Lawnbags-7.png,,,,"5 lb - Covers 1,000 Sq Ft | 10 lb - Covers 2,000 Sq Ft | 25 lb - Covers 5,000 Sq Ft",TURF-W-RYE-5-LB | TURF-W-RYE-10-LB-KIT | TURF-W-RYE-25-LB-KIT,$49.99 | $89.99 | $199.99,Full Sun,1/8 to 1/4 inch,7,https://naturesseed.com/products/grass-seed/perennial-ryegrass-seed-blend/
444217,TURF-WSHD,Grass Seed Mix for Shady Areas,variable,"All Seed, Drought-Tolerant Seed, Lawn Seed",new,"TWCA Water-Wise Shade Turf Mix

Our TWCA Water-Wise Shade Turf Mix is a breakthrough solution for lawns struggling under tree canopies, north-facing slopes, and shaded garden zones. Certified by the Turfgrass Water Conservation Alliance (TWCA), this mix delivers exceptional turf quality with 30–50% less water than traditional lawn blends—making it ideal for eco-conscious homeowners seeking lush, shade-tolerant lawns with minimal input.
Premium Shade-Tolerant Composition


‘Lifeguard’ Tall Fescue: Broad-leaved, deep-rooted cultivar with excellent drought tolerance and shade adaptability.
‘Bighorn GT’ Hard Fescue: Fine-bladed, clumping grass that thrives in filtered light and poor soils with minimal care.
‘Enchantment’ Chewings Fescue: Delicate texture and velvet-like feel, great for shady spots and low-mow maintenance.
‘Moonlight SLT’ Kentucky Bluegrass: Dense, carpet-like finish with strong wear recovery and season-long color.

Key Benefits


TWCA Certified Water Efficiency: Saves up to half the irrigation needs, cutting both water use and monthly utility bills.
Proven Shade Performance: Engineered for light-deprived areas—no more bare or brown spots under trees.
Consistent Texture & Color: Delivers a fine-textured, emerald green lawn with uniform coverage all season long.
Minimal Maintenance: Grows slowly, needs fewer mowings, and thrives with light fertilization.

Planting & Care Guide


When to Plant: Early spring or late summer when highs are between 60–75°F.
Soil Prep: Till or aerate compacted soil; clear debris and test for pH between 6.0–7.0.
Seeding Rate: 6–8 lb per 1,000 ft² for new lawns; 3–4 lb per 1,000 ft² for overseeding.
Watering: Keep topsoil moist with daily misting until grass reaches 2–3 inches tall.
Mowing & Fertilizer: Mow to 2–2.5 inches; feed with a low-nitrogen, slow-release fertilizer in early spring and late fall.

Ideal For


Home lawns shaded by mature trees
North-facing slopes or side yards
Under patios, pergolas, and garden structures
P","TWCA’s Water-Wise Shade Turf Mix is a certified, low-water grass blend that uses 30–50% less irrigation while thriving in shady conditions. Formulated with elite, shade-tolerant varieties like ‘Lifeguard’ Tall Fescue and ‘Moonlight SLT’ Kentucky Bluegrass, it delivers a dense, fine-textured lawn with deep green color, reduced mowing, and minimal fertilizer needs—perfect for tree-covered yards and drought-sensitive landscapes.","‘Lifeguard’ Tall Fescue: Broad-leaved, deep-rooted cultivar with excellent drought tolerance and shade adaptability.","‘Bighorn GT’ Hard Fescue: Fine-bladed, clumping grass that thrives in filtered light and poor soils with minimal care.","‘Enchantment’ Chewings Fescue: Delicate texture and velvet-like feel, great for shady spots and low-mow maintenance.","‘Moonlight SLT’ Kentucky Bluegrass: Dense, carpet-like finish with strong wear recovery and season-long color.","TWCA Certified Water Efficiency: Saves up to half the irrigation needs, cutting both water use and monthly utility bills.","lawn seed, drought-tolerant seed",39.99,,5,xx,https://naturesseed.com/wp-content/uploads/2025/05/ShadeTurfMix.png,https://naturesseed.com/wp-content/uploads/2025/07/LawnbagsTWCA-4.png,,,,"5 lb - Covers 1,000 Sq Ft | 10 lb - Covers 2,000 Sq Ft | 25 lb - Covers 5,000 Sq Ft",TURF-WSHD-5-LB | TURF-WSHD-25-LB-KIT | TURF-WSHD-10-LB-KIT,$39.99 | $169.99 | $69.99,Shade,1/8 – 1/4 inch deep,7,https://naturesseed.com/products/grass-seed/twca-water-wise-shade-mix/
185729,2750AL-A,Shoulder Bag Seeder/Spreader,simple,"Planting Aids, All Seed","new, Planting Aids","EarthWay® 2750 Nylon Bag Seeder/Spreader with Rigid Poly Liner
The 2750 is the weapon of choice when your terrain is hilly or wet. The corrosion, tear and weather resistant 20lb/9kg nylon bag hopper is equipped with a zippered top for easy filling and closure. This nylon construction allows for the bag to remain upright when filling yet collapse for easy storage. From the contoured base for fitting around your hip, the adjustable shoulder strap and a long crank handle, the 2750 is designed with comfortable operation in mind. The Exclusive Rocking Agitator provides smooth, even material feeding to the distribution plate. Our high speed direct drive gear box allows the operator to adjust the spread width between 8’/215cm-12’/457cm by simply changing the crank rate. Complete directional control and spring to close shut-off makes the 2750 the ultimate choice in hand operated spreaders.
Features
20lb/9Kg hopper capacity – zippered top rust-proof nylon construction
Contoured molded base
Adjustable shoulder strap
Rocking agitator
Spring loaded shut-off
5-Year Limited Warranty",EarthWay® 2750 Nylon Bag Seeder/Spreader with Rigid Poly Liner,"The 2750 is the weapon of choice when your terrain is hilly or wet. The corrosion, tear and weather resistant 20lb/9kg nylon bag hopper is equipped with a zippered top for easy filling and closure. This nylon construction allows for the bag to remain upright when filling yet collapse for easy storage. From the contoured base for fitting around your hip, the adjustable shoulder strap and a long crank handle, the 2750 is designed with comfortable operation in mind. The Exclusive Rocking Agitator provides smooth, even material feeding to the distribution plate. Our high speed direct drive gear box allows the operator to adjust the spread width between 8’/215cm-12’/457cm by simply changing the crank rate. Complete directional control and spring to close shut-off makes the 2750 the ultimate choice in hand operated spreaders.",Features,20lb/9Kg hopper capacity – zippered top rust-proof nylon construction,Contoured molded base,Adjustable shoulder strap,planting aids,89.99,97.99,4,xx,https://naturesseed.com/wp-content/uploads/2017/08/misc2.jpg,https://naturesseed.com/wp-content/uploads/2017/08/misc_1.jpg,,,,,,,N/a,N/a,7,https://naturesseed.com/products/planting-aids/shoulder-bag-seeder-spreader/
185416,W-ASTU,Butterfly Milkweed,variable,"All Seed, Florida Seeds, Native Wildflower Seed &amp; Seed Mixes","Individual Wildflower Species, new","🛑 This product is going to be removed from our store. We have created a new collection of products that are sure to work for you! Please Click Here to start your journey and find the perfect product for you!
🛑 This product is going to be removed from our store. We have created a new collection of products that are sure to work for you! Please Click Here to start your journey and find the perfect product for you!
🛑 This product is going to be removed from our store. We have created a new collection of products that are sure to work for you! Please Click Here to start your journey and find the perfect product for you!

Butterfly milkweed is a perennial wildflower native to a large portion of North America. It can grow up to two feet tall and has a bushy growth habit topped by large, bright-orange flowers. Blooms from June through September. It has good drought tolerance and prefers well-drained sandy soils. Like its name suggests, butterfly milkweed is especially good at attracting butterflies and other pollinators. Excellent choice for water-wise landscaping, pollinator gardens and native wildflower plantings.",Butterfly Milkweed (Asclepias tuberosa) — the #1 native Monarch butterfly host plant. Orange blooms June-September. Demands well-drained sandy soil. Zones 3-9.,🛑 This product is going to be removed from our store. We have created a new collection of products that are sure to work for you! Please Click Here to start your journey and find the perfect product for you!,🛑 This product is going to be removed from our store. We have created a new collection of products that are sure to work for you! Please Click Here to start your journey and find the perfect product for you!,🛑 This product is going to be removed from our store. We have created a new collection of products that are sure to work for you! Please Click Here to start your journey and find the perfect product for you!,"Butterfly milkweed is a perennial wildflower native to a large portion of North America. It can grow up to two feet tall and has a bushy growth habit topped by large, bright-orange flowers. Blooms from June through September. It has good drought tolerance and prefers well-drained sandy soils. Like its name suggests, butterfly milkweed is especially good at attracting butterflies and other pollinators. Excellent choice for water-wise landscaping, pollinator gardens and native wildflower plantings.",,"individual wildflower species, florida seeds, native wildflower seed &amp; seed mixes",13.99,,0,xx12,https://naturesseed.com/wp-content/uploads/2014/11/Butterfly-Milkweed.webp,https://naturesseed.com/wp-content/uploads/2023/08/bag5_6.png,,,,"0.25 lb - Covers 500 Sq Ft | 0.5 lb - Covers 1,000 Sq Ft | 1 lb - Covers 2,000 Sq Ft",W-ASTU-1-LB-KIT | W-ASTU-0.5-LB-KIT | W-ASTU-0.25-LB,$45.04 | $24.29 | $13.99,Full Sun (6+ hours),1/4 inch (light press into soil surface),15,https://naturesseed.com/products/wildflower-seed/butterfly-milkweed-wildflower-seed/
184631,PG-TRIN,Crimson Clover Cover Crop Seed,variable,"Clover Seed, Cover Crop Seed",new,"🛑 This product is going to be removed from our store. We have created a new collection of products that are sure to work for you! Please Click Here to start your journey and find the perfect product for you!
🛑 This product is going to be removed from our store. We have created a new collection of products that are sure to work for you! Please Click Here to start your journey and find the perfect product for you!

Crimson clover is an introduced annual legume used for pasture improvement, hay, honey production and winter cover crop. It can grow 1-3 feet tall and produces bright crimson colored flowers which are especially beneficial for honey bees. Crimson clover is tolerant of a wide range of soil conditions, but performs poorly in temperature extremes. Its shade tolerance and nitrogen fixing properties make it ideal for ground cover in orchards and vineyards.
Scientific Name: Trifolium incarnatum","Crimson Clover cover crop seed delivers a fast-acting, nitrogen-fixing boost for spring soil ahead of vegetables, corn, cotton, and small grains. As a cool-season legume, it establishes quickly, builds soil nitrogen, and provides cool-season weed suppression while creating a living mulch in tilled or no-till systems. Plant in early spring to trap residual nutrients, prevent erosion, and improve soil structure while creating a thriving green cover that feeds beneficial soil biology. It works well",🛑 This product is going to be removed from our store. We have created a new collection of products that are sure to work for you! Please Click Here to start your journey and find the perfect product for you!,🛑 This product is going to be removed from our store. We have created a new collection of products that are sure to work for you! Please Click Here to start your journey and find the perfect product for you!,"Crimson clover is an introduced annual legume used for pasture improvement, hay, honey production and winter cover crop. It can grow 1-3 feet tall and produces bright crimson colored flowers which are especially beneficial for honey bees. Crimson clover is tolerant of a wide range of soil conditions, but performs poorly in temperature extremes. Its shade tolerance and nitrogen fixing properties make it ideal for ground cover in orchards and vineyards.",Scientific Name: Trifolium incarnatum,,"clover seed, cover crop seed",8.99,,0,xx1,https://naturesseed.com/wp-content/uploads/2013/07/CrimsomClover@59x.webp,https://naturesseed.com/wp-content/uploads/2025/07/Lawnbags.png,https://naturesseed.com/wp-content/uploads/2013/07/CrimsomCloverField@59x.webp,,,,PG-TRIN-25-LB-KIT | PG-TRIN-10-LB-KIT | PG-TRIN-5-LB,$37.39 | $16.19 | $8.99,Full Sun (6+ hours),1/4 to 1/2 inch,7,https://naturesseed.com/products/clover-seed/crimsom-clover-crop-seed/
184488,PG-TRPR,Red Clover Seed,variable,Clover Seed,new,"🛑 This product is going to be removed from our store. We have created a new collection of products that are sure to work for you! Please Click Here to start your journey and find the perfect product for you!
🛑 This product is going to be removed from our store. We have created a new collection of products that are sure to work for you! Please Click Here to start your journey and find the perfect product for you!
🛑 This product is going to be removed from our store. We have created a new collection of products that are sure to work for you! Please Click Here to start your journey and find the perfect product for you!

Red clover is an introduced short-lived perennial legume that’s used for hay, pasture and soil improvement. It can reach a height of three feet and produces fine leafy stems and pink flower heads. Prefers well-drained loamy soils, but tolerates moist soils. Good shade tolerance. Quick growing and easy to establish, red clover is best partnered with grass species. Red clover can be grown without supplemental irrigation in areas receiving at least 18 inches of annual precipitation.
Scientific Name: Trifolium pratense","Red Clover Seed is a versatile forage legume ideal for pasture improvement and high-protein hay production. Interseed into existing grass stands to boost forage quality, lift protein content, and increase seasonal dry-matter yield for cattle, sheep, and goats without overhauling grazing systems. When grown in pure stands or mixed with cool-season grasses, red clover delivers leafy, palatable hay with strong regrowth potential and excellent digestibility. This seed supports longer grazing periods",🛑 This product is going to be removed from our store. We have created a new collection of products that are sure to work for you! Please Click Here to start your journey and find the perfect product for you!,🛑 This product is going to be removed from our store. We have created a new collection of products that are sure to work for you! Please Click Here to start your journey and find the perfect product for you!,🛑 This product is going to be removed from our store. We have created a new collection of products that are sure to work for you! Please Click Here to start your journey and find the perfect product for you!,"Red clover is an introduced short-lived perennial legume that’s used for hay, pasture and soil improvement. It can reach a height of three feet and produces fine leafy stems and pink flower heads. Prefers well-drained loamy soils, but tolerates moist soils. Good shade tolerance. Quick growing and easy to establish, red clover is best partnered with grass species. Red clover can be grown without supplemental irrigation in areas receiving at least 18 inches of annual precipitation.",Scientific Name: Trifolium pratense,clover seed,21.99,,0,xx1,https://naturesseed.com/wp-content/uploads/2013/07/Red-Clover@59x.webp,https://naturesseed.com/wp-content/uploads/2025/05/NS-Conservation-Seed-Large-bag-700x700-1.jpg,https://naturesseed.com/wp-content/uploads/2013/07/Red-Clover-Field@59x.webp,,,,PG-TRPR-25-LB-KIT | PG-TRPR-10-LB-KIT | PG-TRPR-5-LB,$90.94 | $38.69 | $21.99,Full Sun (6+ hours),1/4 inch (shallower is better than deeper),7,https://naturesseed.com/products/clover-seed/red-clover-seed/
184480,PG-TRHY,Alsike Clover Seed,variable,Clover Seed,new,"🛑 This product is going to be removed from our store. We have created a new collection of products that are sure to work for you! Please Click Here to start your journey and find the perfect product for you!
🛑 This product is going to be removed from our store. We have created a new collection of products that are sure to work for you! Please Click Here to start your journey and find the perfect product for you!
🛑 This product is going to be removed from our store. We have created a new collection of products that are sure to work for you! Please Click Here to start your journey and find the perfect product for you!
🛑 This product is going to be removed from our store. We have created a new collection of products that are sure to work for you! Please Click Here to start your journey and find the perfect product for you!

An introduced species, alsike clover is a short-lived non-creeping perennial legume. It’s well adapted to cool moist areas of the United States and is very cold hardy. It can reach a height of 2-4 feet and produces an abundance of white or pink flowers. Alsike clover tolerates a wide range of soil conditions, including soils too acidic and wet for other clovers. Used for hay, pasture and soil improvement and is particular beneficial to honey bees. Performs best when partnered with grasses. Alsike clover can be grown without irrigation in areas receiving at least 18 inches of annual precipitation.","Alsike Clover Seed offers a versatile forage solution for cool, wet, or low-lying fields where white clover struggles. Established in mixed grass-legume pastures, it delivers durable, palatable forage that improves yield and grazing quality even under challenging conditions. This productive legume thrives in humid sites and poorly drained soils, helping balance protein and fiber in the sward while enhancing soil health with longer-lasting ground cover. In hay systems, Alsike clover provides a pr",🛑 This product is going to be removed from our store. We have created a new collection of products that are sure to work for you! Please Click Here to start your journey and find the perfect product for you!,🛑 This product is going to be removed from our store. We have created a new collection of products that are sure to work for you! Please Click Here to start your journey and find the perfect product for you!,🛑 This product is going to be removed from our store. We have created a new collection of products that are sure to work for you! Please Click Here to start your journey and find the perfect product for you!,🛑 This product is going to be removed from our store. We have created a new collection of products that are sure to work for you! Please Click Here to start your journey and find the perfect product for you!,"An introduced species, alsike clover is a short-lived non-creeping perennial legume. It’s well adapted to cool moist areas of the United States and is very cold hardy. It can reach a height of 2-4 feet and produces an abundance of white or pink flowers. Alsike clover tolerates a wide range of soil conditions, including soils too acidic and wet for other clovers. Used for hay, pasture and soil improvement and is particular beneficial to honey bees. Performs best when partnered with grasses. Alsike clover can be grown without irrigation in areas receiving at least 18 inches of annual precipitation.",clover seed,25.99,,0,xx2,https://naturesseed.com/wp-content/uploads/2013/07/Alsike-Clover@59x.webp,https://naturesseed.com/wp-content/uploads/2025/05/NS-Conservation-Seed-Large-bag-700x700-1.jpg,https://naturesseed.com/wp-content/uploads/2013/07/Alsike-Clover-Field@59x.webp,,,,PG-TRHY-25-LB-KIT | PG-TRHY-10-LB-KIT | PG-TRHY-5-LB,$108.79 | $45.89 | $25.99,Full Sun to Partial Shade (4+ hours),1/8 to 1/4 inch (very small seed — shallower is better),7,https://naturesseed.com/products/clover-seed/alsike-clover-seed/
182825,WB-SD,Sonoran Desert Wildflower Mix,variable,Native Wildflower Seed &amp; Seed Mixes,"new, Staff Pick",,"Transform hot, arid Southwestern landscapes with our Sonoran Desert Wildflower Mix. Ideal for front-yard and courtyard xeriscapes, this drought-tolerant seed blend delivers vivid, low-water color season after season. Designed for large-area seeding, it shines along ranch entries, fence lines, and driveways, creating naturalized wildflower displays that require minimal maintenance. The mix features hardy native and adapted species chosen for heat tolerance, long bloom windows, and pollinator appe",,,,,,"staff pick, native wildflower seed &amp; seed mixes",24.99,,0,xx1,https://naturesseed.com/wp-content/uploads/2011/02/sonoranDesert.webp,https://naturesseed.com/wp-content/uploads/2025/07/wildflower_pouch_mockup_11.jpg,,,,,WB-SD-0.5-LB | WB-SD-5-LB-KIT | WB-SD-1-LB-KIT | WB-SD-2000-F | WB-SD-1000-F | WB-SD-500-F,$24.99 | $186.91 | $41.99 | $29.99 | $18.74 | $11.24,Plant in full sun; avoid shade and north-facing slopes.,"Sow 1/8 to 1/4 inch deep, barely covering seeds or pressing into soil.",7,https://naturesseed.com/products/wilflower-seed/sonoran-desert-wildflower-mix/
470543,CV-CNIR,California Native Ignition Resistant Seed Mix,variable,,,"The California Native Ignition Resistant Seed Mix is a seven-species blend designed to establish a fire-resistant, low-fuel ground cover in California's wildland-urban interface and foothill landscapes. Purple Needlegrass anchors the mix at 30%, providing the state grass of California in a naturally fine-textured, low-growing form that accumulates less dry biomass than non-native annual grasses. Blue Wildrye and Sandberg Bluegrass fill structural roles as perennial bunchgrasses that retain basal moisture between rains, reducing ignition potential. Small Fescue adds low-growing coverage that competes effectively against fire-prone annual grasses like wild oats and bromes. Deerweed and Miniature Lupine are nitrogen-fixing forbs that improve soil fertility while providing pollinator habitat. Great Valley Gumweed serves as a late-season bloomer that maintains ground cover into the fall fire season. Seeding rate: 1 lb per 1,000 sq ft. Plant in fall before winter rains or in early spring. Full sun preferred.",,"CALIFORNIA NATIVE FIRE-RESISTANT BLEND: Seven-species bunchgrass-and-forb mix — Purple Needlegrass, Blue Wildrye, Sandberg Bluegrass, Small Fescue, Deerweed, Miniature Lupine, and Great Valley Gumweed — forms a low-fuel, fine-textured stand that reduces surface fire intensity compared to non-native annual grasses.","SPECIES SELECTED FOR FIRE RESISTANCE: Purple Needlegrass (30%) and Small Fescue (15%) are naturally fine-textured and low-growing, reducing fuel load. Deerweed and Great Valley Gumweed add nitrogen-fixing ground cover that retains moisture and slows fire spread during the dry season.",CALIFORNIA NATIVE AND DROUGHT TOLERANT: All seven species are native to California's foothills and valleys — established stands survive dry summers with minimal irrigation and no synthetic fertilizers once root systems are established.,"SEEDING RATE 1 LB PER 1,000 SQ FT: Plant in fall or early spring at surface to 1/4 inch depth in full sun. Germination strongest after first winter rains on lightly scarified or raked soil with good seed-to-soil contact.",SUPPORTS NATIVE POLLINATORS AND BIRDS: Miniature Lupine and Great Valley Gumweed provide nectar for native bees throughout the growing season. Purple Needlegrass is a documented host for native butterflies and provides cover for ground-nesting birds.,"california native grass seed, fire resistant seed mix, ignition resistant landscaping, native grass california, wildland urban interface seed",311.87,,,,https://naturesseed.com/wp-content/uploads/2026/05/California-Native-Ignition-Resistant-Seed-Mix-.png,,,,,"5 lb - Covers 5,000 Sq Ft | 10 lb - Covers 10,000 Sq Ft | 25 lb - Covers 25,000 Sq Ft",CV-CNIR-5-LB | CV-CNIR-10-LB | CV-CNIR-25-LB,$311.87 | $561.37 | $1325.44,Full Sun,,7,https://naturesseed.com/products/specialty-seed/california-native-ignition-resistant-seed-mix/
470547,PB-SOLS,Southern Livestock Pasture Seed Mix,variable,,,"The Southern Livestock Pasture Seed Mix is a nine-species forage blend engineered for full-season grazing in the Southern United States, covering the Gulf Coast, mid-South, and Transition Zone. The mix pairs cool-season forages — Tall Fescue, Perennial Ryegrass, and Orchardgrass — with Sahara II Bermudagrass for summer production. Alfalfa and Ladino White Clover contribute high-protein legume forage and biological nitrogen fixation. The defining differentiators are Cicer Milkvetch and Puna Chicory. Milkvetch is a non-bloating legume that delivers protein comparable to alfalfa without the bloat risk associated with pure-legume stands. Puna Chicory contains sesquiterpene lactones shown to reduce internal parasite egg counts in sheep and goats, providing passive parasite management between anthelmintic treatments. Birdsfoot Trefoil adds a third non-bloating legume for drought-bridge nutrition. Seeding rate: 25-30 lbs per acre for new stand; 35-40 lbs per acre for overseeding.",,"NINE-SPECIES SOUTHERN LIVESTOCK MIX: Tall Fescue (22%), Bermudagrass (18%), Alfalfa (15%), Ryegrass (12%), Ladino Clover (10%), Orchardgrass (9%), Cicer Milkvetch (7%), Puna Chicory (4%), and Birdsfoot Trefoil (3%) — engineered for cattle, horses, sheep, and goats in Southern livestock operations.",BLOAT-SAFE LEGUME SELECTION: Cicer Milkvetch is a non-bloating legume that delivers protein comparable to alfalfa without the bloat risk associated with pure-legume stands — a meaningful safety advantage for cattle and small ruminants in high-legume pasture systems.,"PARASITE REDUCTION WITH CHICORY: Puna Chicory contains sesquiterpene lactones that reduce internal parasite burdens in sheep and goats — a practical, non-chemical tool for small ruminant operations managing barber pole worm pressure between anthelmintic treatments.","SEASON-LONG COVERAGE: Cool-season grasses (Tall Fescue, Ryegrass, Orchardgrass) provide spring and fall production. Bermudagrass extends summer grazing. Legumes fix nitrogen and maintain forage quality through the growing season without synthetic fertilizer.","SEEDING RATE 25-30 LBS PER ACRE: Establish by drilling or broadcasting on a prepared seedbed. Delay grazing until plants reach 6-8 inches. Suitable for Gulf Coast, Transition Zone, and mid-South climates across USDA Zones 6-9.","southern pasture seed mix, livestock forage seed, bloat safe clover pasture, chicory parasite reduction, nine species pasture blend",56.99,,,,https://naturesseed.com/wp-content/uploads/2026/05/SouthernPasture.png,,,,,"10 lb - Covers 20,000 Sq Ft | 20 lb - Covers 40,000 Sq Ft | 50 lb - Covers 100,000 Sq Ft",PB-SOLS-10-LB | PB-SOLS-20-LB | PB-SOLS-50-LB,$56.99 | $102.58 | $242.21,Full Sun,,7,https://naturesseed.com/products/pasture-seed/southern-livestock-pasture-seed-mix/
470555,PB-PLPR,Plains Prairie Native Seed Mix,variable,,,"The Plains Prairie Native Seed Mix is a twelve-species native grass and forb blend formulated to restore mixed-grass prairie ecology across the Great Plains. Big Bluestem anchors the mix as the iconic tallgrass prairie dominant — its root system can reach 10 feet, anchoring topsoil and sequestering carbon across decades. Indiangrass complements it with seed heads that provide winter forage for birds and nesting structure. Canada Wildrye and Virginia Wildrye are early-establishing cool-season grasses that serve as nurse crops, germinating quickly to protect newly seeded soil while slower warm-season species develop. Buffalograss and Blue Grama fill the understory, reducing bare soil between taller bunchgrasses. Purple Prairie Clover and Yellow Sweet Clover fix nitrogen and support native pollinators. Seeding rate: 10-15 lbs pure live seed per acre. Dormant seeding in fall or late spring after soil temperatures reach 60°F. Drill at 1/4 to 1/2 inch depth.",,"TWELVE-SPECIES PLAINS PRAIRIE NATIVE: Big Bluestem, Indiangrass, Western Wheatgrass, Sideoats Grama, Switchgrass, Canada Wildrye, Virginia Wildrye, Buffalograss, Blue Grama, Prairie Dropseed, Purple Prairie Clover, and Yellow Sweet Clover — rebuilding the mixed-grass prairie of the Great Plains.","ECOLOGICAL ROLE BY SPECIES: Big Bluestem and Indiangrass are warm-season tallgrasses providing late-season structure and bird nesting habitat. Canada and Virginia Wildrye are nurse grasses that germinate quickly, stabilize soil, and allow slower natives to establish without weed competition in year one.","NITROGEN FIXATION AND SOIL BUILDING: Purple Prairie Clover and Yellow Sweet Clover are native legumes that fix atmospheric nitrogen, improve soil organic matter, and provide early-season pollinator forage — reducing the need for supplemental fertilization during the multi-year establishment window.",SEEDING RATE 10-15 LBS PLS PER ACRE: Plant in fall (dormant seeding) or late spring after soil reaches 60°F. Drill at 1/4 to 1/2 inch. Expect sparse first-year growth — root development precedes visible top growth. Do not mow below 8 inches in year one.,"GREAT PLAINS PROVENANCE, ZONES 4-7: Species sourced for performance across Kansas, Nebraska, Oklahoma, South Dakota, Colorado, Wyoming, and adjacent states. Covers approximately 29,000 sq ft per 10 lbs at 15 lbs PLS/acre.","plains prairie native seed mix, native grass restoration, big bluestem seed, mixed grass prairie restoration, great plains native seed",157.99,,,,https://naturesseed.com/wp-content/uploads/2026/05/plainsprairie.webp,,,,,"10 lb - Covers 29,000 Sq Ft | 20 lb - Covers 58,000 Sq Ft | 50 lb - Covers 145,000 Sq Ft",PB-PLPR-10-LB | PB-PLPR-20-LB | PB-PLPR-50-LB,$157.99 | $284.38 | $671.46,Full Sun,,7,https://naturesseed.com/products/pasture-seed/plains-prairie-native-seed-mix/
